
                         MODELLER 10.7, 2025/05/28, r13093

     PROTEIN STRUCTURE MODELLING BY SATISFACTION OF SPATIAL RESTRAINTS


                     Copyright(c) 1989-2025 Andrej Sali
                            All Rights Reserved

                             Written by A. Sali
                               with help from
              B. Webb, M.S. Madhusudhan, M-Y. Shen, G.Q. Dong,
          M.A. Marti-Renom, N. Eswar, F. Alber, M. Topf, B. Oliva,
             A. Fiser, R. Sanchez, B. Yerkovich, A. Badretdinov,
                     F. Melo, J.P. Overington, E. Feyfant
                 University of California, San Francisco, USA
                    Rockefeller University, New York, USA
                      Harvard University, Cambridge, USA
                   Imperial Cancer Research Fund, London, UK
              Birkbeck College, University of London, London, UK


Kind, OS, HostName, Kernel, Processor: 4, Darwin Vallaris-MacBook-Pro.local 22.6.0 x86_64
Date and time of compilation         : 2025/05/28 10:38:26
MODELLER executable type             : mac10v4-intel64
Job starting time (YY/MM/DD HH:MM:SS): 2025/09/28 16:46:52

openf___224_> Open           $(LIB)/restyp.lib
openf___224_> Open           ${MODINSTALL10v7}/modlib/restyp_cif.lib
openf___224_> Open           ${MODINSTALL10v7}/modlib/resgrp.lib
rdresgr_266_> Number of residue groups:        2
openf___224_> Open           ${MODINSTALL10v7}/modlib/sstruc.lib

Dynamically allocated memory at   amaxlibraries [B,KiB,MiB]:       194446     189.889     0.185

Dynamically allocated memory at   amaxlibraries [B,KiB,MiB]:       194974     190.404     0.186
openf___224_> Open           ${MODINSTALL10v7}/modlib/resdih.lib

Dynamically allocated memory at   amaxlibraries [B,KiB,MiB]:       243574     237.865     0.232
rdrdih__263_> Number of dihedral angle types         :        9
              Maximal number of dihedral angle optima:        3
              Dihedral angle names                   :  Alph Phi Psi Omeg chi1 chi2 chi3 chi4 chi5
openf___224_> Open           ${MODINSTALL10v7}/modlib/radii.lib

Dynamically allocated memory at   amaxlibraries [B,KiB,MiB]:       256874     250.854     0.245
openf___224_> Open           ${MODINSTALL10v7}/modlib/af_mnchdef.lib
rdwilmo_274_> Mainchain residue conformation classes:  APBLE
openf___224_> Open           ${MODINSTALL10v7}/modlib/mnch.lib
rdclass_257_> Number of classes:        5
openf___224_> Open           ${MODINSTALL10v7}/modlib/mnch1.lib
openf___224_> Open           ${MODINSTALL10v7}/modlib/mnch2.lib
openf___224_> Open           ${MODINSTALL10v7}/modlib/mnch3.lib
openf___224_> Open           ${MODINSTALL10v7}/modlib/xs4.mat
rdrrwgh_268_> Number of residue types:       21
openf___224_> Open           TvLDH-4UUM.ali

Dynamically allocated memory at   amaxalignment [B,KiB,MiB]:       285569     278.876     0.272

Dynamically allocated memory at   amaxalignment [B,KiB,MiB]:       300661     293.614     0.287

Dynamically allocated memory at   amaxalignment [B,KiB,MiB]:       316061     308.653     0.301

Dynamically allocated memory at   amaxalignment [B,KiB,MiB]:       346861     338.731     0.331

Dynamically allocated memory at   amaxalignment [B,KiB,MiB]:       408461     398.888     0.390

Dynamically allocated memory at    amaxsequence [B,KiB,MiB]:       409793     400.188     0.391

Dynamically allocated memory at    amaxsequence [B,KiB,MiB]:       411121     401.485     0.392

Read the alignment from file       : TvLDH-4UUM.ali

Total number of alignment positions:   335

  #  Code        #_Res #_Segm PDB_code    Name
-------------------------------------------------------------------------------
  1     4UUM_A     334      1        4UUM
  2      TvLDH     333      1       TvLDH
check_a_343_> >> BEGINNING OF COMMAND
openf___224_> Open           ./4UUM.pdb

Dynamically allocated memory at amaxcoordinates [B,KiB,MiB]:       513046     501.021     0.489

Dynamically allocated memory at    amaxsequence [B,KiB,MiB]:       513046     501.021     0.489

Dynamically allocated memory at amaxcoordinates [B,KiB,MiB]:       513217     501.188     0.489

Dynamically allocated memory at amaxcoordinates [B,KiB,MiB]:       514067     502.019     0.490

Dynamically allocated memory at amaxcoordinates [B,KiB,MiB]:       515325     503.247     0.491

Dynamically allocated memory at amaxcoordinates [B,KiB,MiB]:       517229     505.106     0.493

Dynamically allocated memory at    amaxsequence [B,KiB,MiB]:       517229     505.106     0.493

Dynamically allocated memory at amaxcoordinates [B,KiB,MiB]:       517319     505.194     0.493

Dynamically allocated memory at amaxcoordinates [B,KiB,MiB]:       520175     507.983     0.496

Dynamically allocated memory at    amaxsequence [B,KiB,MiB]:       520175     507.983     0.496

Dynamically allocated memory at amaxcoordinates [B,KiB,MiB]:       520310     508.115     0.496

Dynamically allocated memory at amaxcoordinates [B,KiB,MiB]:       524594     512.299     0.500

Dynamically allocated memory at    amaxsequence [B,KiB,MiB]:       524594     512.299     0.500

Dynamically allocated memory at amaxcoordinates [B,KiB,MiB]:       524792     512.492     0.500

Dynamically allocated memory at amaxcoordinates [B,KiB,MiB]:       531218     518.768     0.507

Dynamically allocated memory at    amaxsequence [B,KiB,MiB]:       531218     518.768     0.507

Dynamically allocated memory at amaxcoordinates [B,KiB,MiB]:       531515     519.058     0.507

Dynamically allocated memory at amaxcoordinates [B,KiB,MiB]:       541137     528.454     0.516

Dynamically allocated memory at    amaxsequence [B,KiB,MiB]:       541137     528.454     0.516

Dynamically allocated memory at amaxcoordinates [B,KiB,MiB]:       541587     528.894     0.516

Dynamically allocated memory at amaxcoordinates [B,KiB,MiB]:       556037     543.005     0.530

Dynamically allocated memory at    amaxsequence [B,KiB,MiB]:       556037     543.005     0.530

Dynamically allocated memory at amaxcoordinates [B,KiB,MiB]:       556712     543.664     0.531

Dynamically allocated memory at amaxcoordinates [B,KiB,MiB]:       578370     564.814     0.552

Dynamically allocated memory at    amaxsequence [B,KiB,MiB]:       578370     564.814     0.552

Dynamically allocated memory at amaxcoordinates [B,KiB,MiB]:       579378     565.799     0.553

Dynamically allocated memory at amaxcoordinates [B,KiB,MiB]:       611882     597.541     0.584

Dynamically allocated memory at   amaxstructure [B,KiB,MiB]:       611855     597.515     0.584

check_ali___> Checking the sequence-structure alignment. 

Implied intrachain target CA(i)-CA(i+1) distances longer than  8.0 angstroms:

ALN_POS  TMPL  RID1  RID2  NAM1  NAM2     DIST
----------------------------------------------
END OF TABLE
check_a_344_> << END OF COMMAND
openf___224_> Open           ${LIB}/top_heav.lib
read_to_681_> topology.submodel read from topology file:        3
openf___224_> Open           ${LIB}/par.lib

Dynamically allocated memory at  amaxparameters [B,KiB,MiB]:       751107     733.503     0.716

Dynamically allocated memory at  amaxparameters [B,KiB,MiB]:       752707     735.065     0.718

Dynamically allocated memory at  amaxparameters [B,KiB,MiB]:       756687     738.952     0.722

Dynamically allocated memory at  amaxparameters [B,KiB,MiB]:       758687     740.905     0.724

Dynamically allocated memory at  amaxparameters [B,KiB,MiB]:       761687     743.835     0.726

Dynamically allocated memory at  amaxparameters [B,KiB,MiB]:       766187     748.229     0.731

Dynamically allocated memory at  amaxparameters [B,KiB,MiB]:       771759     753.671     0.736

Dynamically allocated memory at  amaxparameters [B,KiB,MiB]:       774559     756.405     0.739

Dynamically allocated memory at  amaxparameters [B,KiB,MiB]:       778759     760.507     0.743

Dynamically allocated memory at  amaxparameters [B,KiB,MiB]:       785059     766.659     0.749

Dynamically allocated memory at  amaxparameters [B,KiB,MiB]:       787831     769.366     0.751

Dynamically allocated memory at  amaxparameters [B,KiB,MiB]:       789231     770.733     0.753
read_pa_232_> parameters    BONDS   ANGLS  DIHEDS IMPROPS    MODE
                              227     561     661     112       0

Dynamically allocated memory at       amaxmodel [B,KiB,MiB]:       841355     821.636     0.802

Dynamically allocated memory at       amaxmodel [B,KiB,MiB]:      1097625    1071.899     1.047

Dynamically allocated memory at       amaxmodel [B,KiB,MiB]:      1137065    1110.415     1.084

mkilst______> segment topology constructed from sequence and RTF:
              segments residues  atoms  bonds angles dihedrals impropers:
                     1      333   2596   2662      0         0      1134

Dynamically allocated memory at       amaxmodel [B,KiB,MiB]:      1249225    1219.946     1.191

patch_______> segment topology patched using RTF:  1 ;  MET  ;  NTER
              segments residues  atoms  bonds angles dihedrals impropers:
                     1      333   2596   2662   3613      4302      1134


Dynamically allocated memory at       amaxmodel [B,KiB,MiB]:      1359721    1327.853     1.297
patch_______> segment topology patched using RTF:  333 ;  GLN  ;  CTER
              segments residues  atoms  bonds angles dihedrals impropers:
                     1      333   2597   2663   3615      4304      1135

genseg______> segment topology constructed from sequence and RTF:
              segments residues  atoms  bonds angles dihedrals impropers:
                     1      333   2597   2663   3615      4304      1135
transfe_506_> MODEL is an average of all templates.
transfe_511_> Number of templates for coordinate transfer:        1
              After transferring coordinates of the equivalent template atoms,
              there are defined, undefined atoms in MODEL:     2588        9
openf___224_> Open           TvLDH.ini
wrpdb___568_> Residues, atoms, selected atoms:      333     2597     2597
make_re_417_> Restraint type to be calculated:  stereo

Dynamically allocated memory at  amaxrestraints [B,KiB,MiB]:      1467178    1432.791     1.399

Dynamically allocated memory at  amaxrestraints [B,KiB,MiB]:      1475370    1440.791     1.407

Dynamically allocated memory at  amaxrestraints [B,KiB,MiB]:      1491754    1456.791     1.423

Dynamically allocated memory at  amaxrestraints [B,KiB,MiB]:      1524522    1488.791     1.454

Dynamically allocated memory at  amaxrestraints [B,KiB,MiB]:      1557290    1520.791     1.485

Dynamically allocated memory at  amaxrestraints [B,KiB,MiB]:      1622826    1584.791     1.548

Dynamically allocated memory at  amaxrestraints [B,KiB,MiB]:      1655594    1616.791     1.579

Dynamically allocated memory at  amaxrestraints [B,KiB,MiB]:      1688362    1648.791     1.610

Dynamically allocated memory at  amaxrestraints [B,KiB,MiB]:      1753898    1712.791     1.673

Dynamically allocated memory at  amaxrestraints [B,KiB,MiB]:      1884970    1840.791     1.798

Dynamically allocated memory at  amaxrestraints [B,KiB,MiB]:      1950506    1904.791     1.860

Dynamically allocated memory at  amaxrestraints [B,KiB,MiB]:      2016042    1968.791     1.923

Dynamically allocated memory at  amaxrestraints [B,KiB,MiB]:      2147114    2096.791     2.048

Dynamically allocated memory at  amaxrestraints [B,KiB,MiB]:      2409258    2352.791     2.298

Dynamically allocated memory at  amaxrestraints [B,KiB,MiB]:      2540330    2480.791     2.423
r_stere_606_> Stereochemical restraints were constructed from RTF & PRMF.
              Added bond,angle,dihedral,improper restraints  :     2663    3615    4123    1119
              Total number of restraints before, now         :        0    11520
make_re_422_> Number of previous, current restraints         :        0    11520
make_re_423_> Number of previous, current selected restraints:        0    11520
make_re_417_> Restraint type to be calculated:  phi-psi_binormal

Dynamically allocated memory at   amaxstructure [B,KiB,MiB]:      2730552    2666.555     2.604
openf___224_> Open           ${MODINSTALL10v7}/modlib/mnch1.bin
openf___224_> Open           ${MODINSTALL10v7}/modlib/mnch1.mdt
getdata_643_> Protein accepted:  4UUM_A
getdata_289_> Proteins (all/accepted):        1        1
make_re_422_> Number of previous, current restraints         :    11520    11851
make_re_423_> Number of previous, current selected restraints:    11520    11851
make_re_417_> Restraint type to be calculated:  omega_dihedral

Dynamically allocated memory at   amaxstructure [B,KiB,MiB]:      2730568    2666.570     2.604
openf___224_> Open           ${MODINSTALL10v7}/modlib/omega.bin
openf___224_> Open           ${MODINSTALL10v7}/modlib/omega.mdt
getdata_643_> Protein accepted:  4UUM_A
getdata_289_> Proteins (all/accepted):        1        1
omgdel__425_> Unselected all O C +N +CA dihedrals:      348
              (This is to avoid clashes between STEREO
              and OMEGA_DIHEDRAL restraints)
make_re_422_> Number of previous, current restraints         :    11851    12183
make_re_423_> Number of previous, current selected restraints:    11851    11835
make_re_417_> Restraint type to be calculated:  chi1_dihedral

Dynamically allocated memory at   amaxstructure [B,KiB,MiB]:      2730568    2666.570     2.604
openf___224_> Open           ${MODINSTALL10v7}/modlib/chi1234.bin
openf___224_> Open           ${MODINSTALL10v7}/modlib/chi1.mdt
getdata_643_> Protein accepted:  4UUM_A
getdata_289_> Proteins (all/accepted):        1        1

Dynamically allocated memory at  amaxrestraints [B,KiB,MiB]:      2861640    2794.570     2.729
make_re_422_> Number of previous, current restraints         :    12183    12462
make_re_423_> Number of previous, current selected restraints:    11835    12114
make_re_417_> Restraint type to be calculated:  chi2_dihedral

Dynamically allocated memory at   amaxstructure [B,KiB,MiB]:      2861640    2794.570     2.729
openf___224_> Open           ${MODINSTALL10v7}/modlib/chi1234.bin
openf___224_> Open           ${MODINSTALL10v7}/modlib/chi2.mdt
getdata_643_> Protein accepted:  4UUM_A
getdata_289_> Proteins (all/accepted):        1        1
make_re_422_> Number of previous, current restraints         :    12462    12676
make_re_423_> Number of previous, current selected restraints:    12114    12328
make_re_417_> Restraint type to be calculated:  chi3_dihedral

Dynamically allocated memory at   amaxstructure [B,KiB,MiB]:      2861640    2794.570     2.729
openf___224_> Open           ${MODINSTALL10v7}/modlib/chi1234.bin
openf___224_> Open           ${MODINSTALL10v7}/modlib/chi3.mdt
getdata_643_> Protein accepted:  4UUM_A
getdata_289_> Proteins (all/accepted):        1        1
make_re_422_> Number of previous, current restraints         :    12676    12760
make_re_423_> Number of previous, current selected restraints:    12328    12412
make_re_417_> Restraint type to be calculated:  chi4_dihedral

Dynamically allocated memory at   amaxstructure [B,KiB,MiB]:      2861640    2794.570     2.729
openf___224_> Open           ${MODINSTALL10v7}/modlib/chi1234.bin
openf___224_> Open           ${MODINSTALL10v7}/modlib/chi4.mdt
mdtrsr__446W> A potential that relies on one protein is used, yet you have at
              least one known structure available. MDT, not library, potential is used.
getdata_643_> Protein accepted:  4UUM_A
getdata_289_> Proteins (all/accepted):        1        1
make_re_422_> Number of previous, current restraints         :    12760    12792
make_re_423_> Number of previous, current selected restraints:    12412    12444
make_re_417_> Restraint type to be calculated:  DISTANCE

Dynamically allocated memory at amaxhash_contac [B,KiB,MiB]:      3609540    3524.941     3.442

Dynamically allocated memory at  amaxrestraints [B,KiB,MiB]:      3871684    3780.941     3.692

Dynamically allocated memory at  amaxrestraints [B,KiB,MiB]:      4133828    4036.941     3.942

Dynamically allocated memory at  amaxrestraints [B,KiB,MiB]:      4658116    4548.941     4.442
make_re_422_> Number of previous, current restraints         :    12792    19900
make_re_423_> Number of previous, current selected restraints:    12444    19552
make_re_417_> Restraint type to be calculated:  DISTANCE

Dynamically allocated memory at  amaxrestraints [B,KiB,MiB]:      4920260    4804.941     4.692
make_re_422_> Number of previous, current restraints         :    19900    27112
make_re_423_> Number of previous, current selected restraints:    19552    26764
make_re_417_> Restraint type to be calculated:  DISTANCE
make_re_422_> Number of previous, current restraints         :    27112    32435
make_re_423_> Number of previous, current selected restraints:    26764    32087
make_re_417_> Restraint type to be calculated:  DISTANCE

Dynamically allocated memory at  amaxrestraints [B,KiB,MiB]:      5444548    5316.941     5.192
make_re_422_> Number of previous, current restraints         :    32435    35719
make_re_423_> Number of previous, current selected restraints:    32087    35371
0 atoms in HETATM/BLK residues constrained
to protein atoms within 2.30 angstroms
and protein CA atoms within 10.00 angstroms
make_re_417_> Restraint type to be calculated:  DISTANCE
make_re_422_> Number of previous, current restraints         :    35719    35719
make_re_423_> Number of previous, current selected restraints:    35371    35371
make_re_417_> Restraint type to be calculated:  DISTANCE
make_re_422_> Number of previous, current restraints         :    35719    35719
make_re_423_> Number of previous, current selected restraints:    35371    35371
make_re_417_> Restraint type to be calculated:  DISTANCE
make_re_422_> Number of previous, current restraints         :    35719    35719
make_re_423_> Number of previous, current selected restraints:    35371    35371
make_re_417_> Restraint type to be calculated:  DISTANCE
make_re_422_> Number of previous, current restraints         :    35719    35719
make_re_423_> Number of previous, current selected restraints:    35371    35371
0 atoms in residues without defined topology
constrained to be rigid bodies
make_re_417_> Restraint type to be calculated:  DISTANCE
make_re_422_> Number of previous, current restraints         :    35719    35719
make_re_423_> Number of previous, current selected restraints:    35371    35371
rmdupl__427_>     2031 redundant cosine dihedral restraints were unselected.
condens_443_> Restraints marked for deletion were removed.
              Total number of restraints before, now:    35719    33340
openf___224_> Open           TvLDH.rsr
openf___224_> Open           TvLDH.rsr

Dynamically allocated memory at  amaxrestraints [B,KiB,MiB]:      5432199    5304.882     5.181

Dynamically allocated memory at  amaxrestraints [B,KiB,MiB]:      6218631    6072.882     5.931
rdcsr2__307_> Number of restraints read    :    33340
              Number of excluded pairs read:        0
              Number of pseudo atoms read  :        0
rdcsrs__304_> Restraints in memory, selected restraints:    33340    33340
              Explicitly excluded atom pairs in memory :        0
              Pseudo atoms in memory                   :        0
openf___224_> Open           TvLDH.ini

Dynamically allocated memory at       amaxmodel [B,KiB,MiB]:      6218663    6072.913     5.931
read_mo_297_> Segments, residues, atoms:        1      333     2597
read_mo_298_> Segment:        1  1:A  333:A     2597
randomi_498_> Atoms,selected atoms,random_seed,amplitude:     2597     2597        1        4.0000
randomi_496_> Amplitude is > 0; randomization is done.
pick_re_612_> Number of MODEL atoms, selected restraints;     2597    16961
pick_re_612_> Number of MODEL atoms, selected restraints;     2597    19413
pick_re_612_> Number of MODEL atoms, selected restraints;     2597    20622
pick_re_612_> Number of MODEL atoms, selected restraints;     2597    22064
pick_re_612_> Number of MODEL atoms, selected restraints;     2597    23527
pick_re_612_> Number of MODEL atoms, selected restraints;     2597    25658
pick_re_612_> Number of MODEL atoms, selected restraints;     2597    28646
pick_re_612_> Number of MODEL atoms, selected restraints;     2597    29733
pick_re_612_> Number of MODEL atoms, selected restraints;     2597    31075

Dynamically allocated memory at  amaxrestraints [B,KiB,MiB]:      6573563    6419.495     6.269
pick_re_612_> Number of MODEL atoms, selected restraints;     2597    32493
pick_re_612_> Number of MODEL atoms, selected restraints;     2597    33340
pick_re_612_> Number of MODEL atoms, selected restraints;     2597    33340
iupac_m_487_> NH1/2 swapped:      178.5669       48  48
iupac_m_486_> OE1/2 will be swapped:     -172.8985       55  55
iupac_m_485_> OD1/2 will be swapped:       98.0839       72  72
iupac_m_487_> NH1/2 swapped:      176.8005       97  97
iupac_m_485_> OD1/2 will be swapped:      132.7831       99  99
iupac_m_486_> OE1/2 will be swapped:     -174.4788      149  149
iupac_m_485_> OD1/2 will be swapped:      149.2171      176  176
iupac_m_485_> OD1/2 will be swapped:      156.9542      215  215
iupac_m_485_> OD1/2 will be swapped:     -143.0480      219  219
iupac_m_487_> NH1/2 swapped:     -177.2805      236  236
iupac_m_486_> OE1/2 will be swapped:     -169.4489      301  301
iupac_m_485_> OD1/2 will be swapped:      124.1507      307  307
openf___224_> Open           ${LIB}/atmcls-mf.lib

Dynamically allocated memory at amaxgroup_restr [B,KiB,MiB]:      6573991    6419.913     6.269

Dynamically allocated memory at amaxgroup_restr [B,KiB,MiB]:      6574055    6419.976     6.270

Dynamically allocated memory at amaxgroup_restr [B,KiB,MiB]:      6574113    6420.032     6.270

Dynamically allocated memory at amaxgroup_restr [B,KiB,MiB]:      6574177    6420.095     6.270

Dynamically allocated memory at amaxgroup_restr [B,KiB,MiB]:      6574243    6420.159     6.270

Dynamically allocated memory at amaxgroup_restr [B,KiB,MiB]:      6574307    6420.222     6.270

Dynamically allocated memory at amaxgroup_restr [B,KiB,MiB]:      6574463    6420.374     6.270

Dynamically allocated memory at amaxgroup_restr [B,KiB,MiB]:      6574591    6420.499     6.270

Dynamically allocated memory at amaxgroup_restr [B,KiB,MiB]:      6574885    6420.786     6.270

Dynamically allocated memory at amaxgroup_restr [B,KiB,MiB]:      6575077    6420.974     6.270

Dynamically allocated memory at amaxgroup_restr [B,KiB,MiB]:      6575581    6421.466     6.271

Dynamically allocated memory at amaxgroup_restr [B,KiB,MiB]:      6575837    6421.716     6.271

Dynamically allocated memory at amaxgroup_restr [B,KiB,MiB]:      6576833    6422.688     6.272

Dynamically allocated memory at amaxgroup_restr [B,KiB,MiB]:      6577217    6423.063     6.273

Dynamically allocated memory at amaxgroup_restr [B,KiB,MiB]:      6577793    6423.626     6.273

Dynamically allocated memory at amaxgroup_restr [B,KiB,MiB]:      6579827    6425.612     6.275

Dynamically allocated memory at amaxgroup_restr [B,KiB,MiB]:      6580723    6426.487     6.276

Dynamically allocated memory at amaxgroup_restr [B,KiB,MiB]:      6585175    6430.835     6.280

Dynamically allocated memory at amaxgroup_restr [B,KiB,MiB]:      6586519    6432.147     6.281

Dynamically allocated memory at amaxgroup_restr [B,KiB,MiB]:      6596137    6441.540     6.291

Dynamically allocated memory at amaxgroup_restr [B,KiB,MiB]:      6598121    6443.478     6.292

Dynamically allocated memory at amaxgroup_restr [B,KiB,MiB]:      6618767    6463.640     6.312

Dynamically allocated memory at amaxgroup_restr [B,KiB,MiB]:      6621775    6466.577     6.315

Dynamically allocated memory at amaxgroup_restr [B,KiB,MiB]:      6667741    6511.466     6.359

Dynamically allocated memory at amaxgroup_restr [B,KiB,MiB]:      6672221    6515.841     6.363

Dynamically allocated memory at amaxgroup_restr [B,KiB,MiB]:      6773441    6614.688     6.460
openf___224_> Open           ${LIB}/dist-mf.lib

Dynamically allocated memory at amaxgroup_restr [B,KiB,MiB]:      6773837    6615.075     6.460

Dynamically allocated memory at amaxgroup_restr [B,KiB,MiB]:      6774633    6615.853     6.461

Dynamically allocated memory at amaxgroup_restr [B,KiB,MiB]:      6775429    6616.630     6.462

Dynamically allocated memory at amaxgroup_restr [B,KiB,MiB]:      6776617    6617.790     6.463

Dynamically allocated memory at amaxgroup_restr [B,KiB,MiB]:      6777017    6618.181     6.463

Dynamically allocated memory at amaxgroup_restr [B,KiB,MiB]:      6777617    6618.767     6.464

Dynamically allocated memory at amaxgroup_restr [B,KiB,MiB]:      6778517    6619.646     6.464

Dynamically allocated memory at amaxgroup_restr [B,KiB,MiB]:      6779865    6620.962     6.466

Dynamically allocated memory at amaxgroup_restr [B,KiB,MiB]:      6780065    6621.157     6.466

Dynamically allocated memory at amaxgroup_restr [B,KiB,MiB]:      6782089    6623.134     6.468

Dynamically allocated memory at amaxgroup_restr [B,KiB,MiB]:      6782389    6623.427     6.468

Dynamically allocated memory at amaxgroup_restr [B,KiB,MiB]:      6785425    6626.392     6.471

Dynamically allocated memory at amaxgroup_restr [B,KiB,MiB]:      6785873    6626.829     6.472

Dynamically allocated memory at amaxgroup_restr [B,KiB,MiB]:      6790425    6631.274     6.476

Dynamically allocated memory at amaxgroup_restr [B,KiB,MiB]:      6791097    6631.931     6.476

Dynamically allocated memory at amaxgroup_restr [B,KiB,MiB]:      6797925    6638.599     6.483

Dynamically allocated memory at amaxgroup_restr [B,KiB,MiB]:      6798933    6639.583     6.484

Dynamically allocated memory at amaxgroup_restr [B,KiB,MiB]:      6809177    6649.587     6.494

Dynamically allocated memory at amaxgroup_restr [B,KiB,MiB]:      6809777    6650.173     6.494

Dynamically allocated memory at amaxgroup_restr [B,KiB,MiB]:      6810177    6650.563     6.495

Dynamically allocated memory at amaxgroup_restr [B,KiB,MiB]:      6811689    6652.040     6.496

Dynamically allocated memory at amaxgroup_restr [B,KiB,MiB]:      6827053    6667.044     6.511

Dynamically allocated memory at amaxgroup_restr [B,KiB,MiB]:      6827953    6667.923     6.512

Dynamically allocated memory at amaxgroup_restr [B,KiB,MiB]:      6828553    6668.509     6.512

Dynamically allocated memory at amaxgroup_restr [B,KiB,MiB]:      6830821    6670.724     6.514

Dynamically allocated memory at amaxgroup_restr [B,KiB,MiB]:      6853869    6693.231     6.536

Dynamically allocated memory at amaxgroup_restr [B,KiB,MiB]:      6855213    6694.544     6.538

Dynamically allocated memory at amaxgroup_restr [B,KiB,MiB]:      6856113    6695.423     6.538

Dynamically allocated memory at amaxgroup_restr [B,KiB,MiB]:      6859517    6698.747     6.542

Dynamically allocated memory at amaxgroup_restr [B,KiB,MiB]:      6894089    6732.509     6.575

Dynamically allocated memory at amaxgroup_restr [B,KiB,MiB]:      6896105    6734.478     6.577

Dynamically allocated memory at amaxgroup_restr [B,KiB,MiB]:      6897453    6735.794     6.578

Dynamically allocated memory at amaxgroup_restr [B,KiB,MiB]:      6902557    6740.778     6.583

Dynamically allocated memory at amaxgroup_restr [B,KiB,MiB]:      6954413    6791.419     6.632

Dynamically allocated memory at amaxgroup_restr [B,KiB,MiB]:      6957437    6794.372     6.635

Dynamically allocated memory at amaxgroup_restr [B,KiB,MiB]:      6959461    6796.349     6.637

Dynamically allocated memory at amaxgroup_restr [B,KiB,MiB]:      6967117    6803.825     6.644

Dynamically allocated memory at amaxgroup_restr [B,KiB,MiB]:      7044901    6879.786     6.719

Dynamically allocated memory at amaxgroup_restr [B,KiB,MiB]:      7049437    6884.216     6.723

Dynamically allocated memory at amaxgroup_restr [B,KiB,MiB]:      7052473    6887.181     6.726

Dynamically allocated memory at amaxgroup_restr [B,KiB,MiB]:      7063957    6898.396     6.737

Dynamically allocated memory at amaxgroup_restr [B,KiB,MiB]:      7180633    7012.337     6.848

Dynamically allocated memory at amaxgroup_restr [B,KiB,MiB]:      7187437    7018.981     6.854

Dynamically allocated memory at amaxgroup_restr [B,KiB,MiB]:      7191989    7023.427     6.859

Dynamically allocated memory at amaxgroup_restr [B,KiB,MiB]:      7209217    7040.251     6.875

Dynamically allocated memory at amaxgroup_restr [B,KiB,MiB]:      7384233    7211.165     7.042

Dynamically allocated memory at amaxgroup_restr [B,KiB,MiB]:      7394445    7221.138     7.052

Dynamically allocated memory at amaxgroup_restr [B,KiB,MiB]:      7401273    7227.806     7.058

Dynamically allocated memory at amaxgroup_restr [B,KiB,MiB]:      7427113    7253.040     7.083

Dynamically allocated memory at amaxgroup_restr [B,KiB,MiB]:      7689637    7509.411     7.333

Dynamically allocated memory at amaxgroup_restr [B,KiB,MiB]:      7704949    7524.364     7.348

Dynamically allocated memory at amaxgroup_restr [B,KiB,MiB]:      7715193    7534.368     7.358

Dynamically allocated memory at amaxgroup_restr [B,KiB,MiB]:      7753953    7572.220     7.395

Dynamically allocated memory at amaxgroup_restr [B,KiB,MiB]:      8147737    7956.774     7.770

Dynamically allocated memory at amaxgroup_restr [B,KiB,MiB]:      8170705    7979.204     7.792

Dynamically allocated memory at amaxgroup_restr [B,KiB,MiB]:      8186069    7994.208     7.807

Dynamically allocated memory at amaxgroup_restr [B,KiB,MiB]:      8244209    8050.985     7.862

Dynamically allocated memory at amaxgroup_restr [B,KiB,MiB]:      8834885    8627.817     8.426

Dynamically allocated memory at amaxgroup_restr [B,KiB,MiB]:      8869337    8661.462     8.458

Dynamically allocated memory at amaxgroup_restr [B,KiB,MiB]:      8892385    8683.970     8.480

Dynamically allocated memory at amaxgroup_restr [B,KiB,MiB]:      8979597    8769.138     8.564

Dynamically allocated memory at amaxgroup_restr [B,KiB,MiB]:      9865613    9634.388     9.409

Dynamically allocated memory at amaxgroup_restr [B,KiB,MiB]:      9917297    9684.860     9.458

Dynamically allocated memory at amaxgroup_restr [B,KiB,MiB]:      9951869    9718.622     9.491

Dynamically allocated memory at amaxgroup_restr [B,KiB,MiB]:     10082685    9846.372     9.616

Dynamically allocated memory at amaxgroup_restr [B,KiB,MiB]:     11411709   11144.247    10.883
read_pa_232_> parameters    BONDS   ANGLS  DIHEDS IMPROPS    MODE
                                0       0       0       0   12561
>> Model assessment by DOPE potential
iatmcls_286W> MODEL atom not classified:  GLN:OXT  GLN

Dynamically allocated memory at  amaxrestraints [B,KiB,MiB]:     11766809   11491.024    11.222

Dynamically allocated memory at  amaxrestraints [B,KiB,MiB]:     11891465   11612.759    11.341

Dynamically allocated memory at  amaxrestraints [B,KiB,MiB]:     12140777   11856.228    11.578

Dynamically allocated memory at  amaxrestraints [B,KiB,MiB]:     12639401   12343.165    12.054

Dynamically allocated memory at  amaxrestraints [B,KiB,MiB]:     13636649   13317.040    13.005

Dynamically allocated memory at  amaxrestraints [B,KiB,MiB]:     15631145   15264.790    14.907

Dynamically allocated memory at  amaxrestraints [B,KiB,MiB]:     19620137   19160.289    18.711


>> ENERGY; Differences between the model's features and restraints:
Number of all residues in MODEL                   :      333
Number of all, selected real atoms                :     2597    2597
Number of all, selected pseudo atoms              :        0       0
Number of all static, selected restraints         :    33340   33340
COVALENT_CYS                                      :        F
NONBONDED_SEL_ATOMS                               :        1
Number of non-bonded pairs (excluding 1-2,1-3,1-4):   518621
Dynamic pairs routine                             : 1, NATM x NATM double loop
Atomic shift for contacts update (UPDATE_DYNAMIC) :    0.390
LENNARD_JONES_SWITCH                              :    6.500   7.500
COULOMB_JONES_SWITCH                              :    6.500   7.500
RESIDUE_SPAN_RANGE                                :        1    9999
NLOGN_USE                                         :       15
CONTACT_SHELL                                     :   15.000
DYNAMIC_PAIRS,_SPHERE,_COULOMB,_LENNARD,_MODELLER :        T       F       F       F       T
SPHERE_STDV                                       :    0.050
RADII_FACTOR                                      :    0.820
Current energy                                    :      -41379.1602




<< end of ENERGY.
DOPE score               : -41379.160156
>> Model assessment by GA341 potential

Surface library          : /opt/miniconda3/envs/md-311/lib/modeller-10.7/modlib/surf5.de
Pair library             : /opt/miniconda3/envs/md-311/lib/modeller-10.7/modlib/pair9.de
Chain identifier         : _
% sequence identity      :    99.699997
Sequence length          :          333
Compactness              :     0.293590
Native energy (pair)     :  -448.443974
Native energy (surface)  :   -20.798978
Native energy (combined) :   -13.524567
Z score (pair)           :   -10.867966
Z score (surface)        :    -7.824839
Z score (combined)       :   -12.613771
GA341 score              :     1.000000



>> ENERGY; Differences between the model's features and restraints:
Number of all residues in MODEL                   :      333
Number of all, selected real atoms                :     2597    2597
Number of all, selected pseudo atoms              :        0       0
Number of all static, selected restraints         :    33340   33340
COVALENT_CYS                                      :        F
NONBONDED_SEL_ATOMS                               :        1
Number of non-bonded pairs (excluding 1-2,1-3,1-4):     5570
Dynamic pairs routine                             : 2, NATM x NATM cell sorting
Atomic shift for contacts update (UPDATE_DYNAMIC) :    0.390
LENNARD_JONES_SWITCH                              :    6.500   7.500
COULOMB_JONES_SWITCH                              :    6.500   7.500
RESIDUE_SPAN_RANGE                                :        0   99999
NLOGN_USE                                         :       15
CONTACT_SHELL                                     :    4.000
DYNAMIC_PAIRS,_SPHERE,_COULOMB,_LENNARD,_MODELLER :        T       T       F       F       F
SPHERE_STDV                                       :    0.050
RADII_FACTOR                                      :    0.820
Current energy                                    :        1469.3821





Summary of the restraint violations: 

   NUM     ... number of restraints.
   NUMVI   ... number of restraints with RVIOL > VIOL_REPORT_CUT[i].
   RVIOL   ... relative difference from the best value.
   NUMVP   ... number of restraints with -Ln(pdf) > VIOL_REPORT_CUT2[i].
   RMS_1   ... RMS(feature, minimally_violated_basis_restraint, NUMB).
   RMS_2   ... RMS(feature, best_value, NUMB).
   MOL.PDF ... scaled contribution to -Ln(Molecular pdf).

 #                     RESTRAINT_GROUP      NUM   NUMVI  NUMVP   RMS_1   RMS_2         MOL.PDF     S_i
------------------------------------------------------------------------------------------------------
 1 Bond length potential              :    2663       0      0   0.005   0.005      19.264       1.000
 2 Bond angle potential               :    3615       0      9   1.983   1.983      284.87       1.000
 3 Stereochemical cosine torsion poten:    1744       0     36  44.633  44.633      542.44       1.000
 4 Stereochemical improper torsion pot:    1119       0      0   1.186   1.186      34.627       1.000
 5 Soft-sphere overlap restraints     :    5570       0      0   0.001   0.001     0.46939       1.000
 6 Lennard-Jones 6-12 potential       :       0       0      0   0.000   0.000      0.0000       1.000
 7 Coulomb point-point electrostatic p:       0       0      0   0.000   0.000      0.0000       1.000
 8 H-bonding potential                :       0       0      0   0.000   0.000      0.0000       1.000
 9 Distance restraints 1 (CA-CA)      :    7108       0      0   0.083   0.083      60.697       1.000
10 Distance restraints 2 (N-O)        :    7212       1      5   0.143   0.143      145.08       1.000
11 Mainchain Phi dihedral restraints  :       0       0      0   0.000   0.000      0.0000       1.000
12 Mainchain Psi dihedral restraints  :       0       0      0   0.000   0.000      0.0000       1.000
13 Mainchain Omega dihedral restraints:     332       0      4   4.477   4.477      77.791       1.000
14 Sidechain Chi_1 dihedral restraints:     279       0      0  42.560  42.560     -1.3379       1.000
15 Sidechain Chi_2 dihedral restraints:     214       0      2  49.136  49.136      53.781       1.000
16 Sidechain Chi_3 dihedral restraints:      84       0      0  61.812  61.812      51.962       1.000
17 Sidechain Chi_4 dihedral restraints:      32       0      0  78.995  78.995      20.620       1.000
18 Disulfide distance restraints      :       0       0      0   0.000   0.000      0.0000       1.000
19 Disulfide angle restraints         :       0       0      0   0.000   0.000      0.0000       1.000
20 Disulfide dihedral angle restraints:       0       0      0   0.000   0.000      0.0000       1.000
21 Lower bound distance restraints    :       0       0      0   0.000   0.000      0.0000       1.000
22 Upper bound distance restraints    :       0       0      0   0.000   0.000      0.0000       1.000
23 Distance restraints 3 (SDCH-MNCH)  :    5323       0      0   0.308   0.308      96.315       1.000
24 Sidechain Chi_5 dihedral restraints:       0       0      0   0.000   0.000      0.0000       1.000
25 Phi/Psi pair of dihedral restraints:     331       4     22  19.033  26.500     -64.267       1.000
26 Distance restraints 4 (SDCH-SDCH)  :    3284       0      1   0.565   0.565      147.08       1.000
27 Distance restraints 5 (X-Y)        :       0       0      0   0.000   0.000      0.0000       1.000
28 NMR distance restraints 6 (X-Y)    :       0       0      0   0.000   0.000      0.0000       1.000
29 NMR distance restraints 7 (X-Y)    :       0       0      0   0.000   0.000      0.0000       1.000
30 Minimal distance restraints        :       0       0      0   0.000   0.000      0.0000       1.000
31 Non-bonded restraints              :       0       0      0   0.000   0.000      0.0000       1.000
32 Atomic accessibility restraints    :       0       0      0   0.000   0.000      0.0000       1.000
33 Atomic density restraints          :       0       0      0   0.000   0.000      0.0000       1.000
34 Absolute position restraints       :       0       0      0   0.000   0.000      0.0000       1.000
35 Dihedral angle difference restraint:       0       0      0   0.000   0.000      0.0000       1.000
36 GBSA implicit solvent potential    :       0       0      0   0.000   0.000      0.0000       1.000
37 EM density fitting potential       :       0       0      0   0.000   0.000      0.0000       1.000
38 SAXS restraints                    :       0       0      0   0.000   0.000      0.0000       1.000
39 Symmetry restraints                :       0       0      0   0.000   0.000      0.0000       1.000



openf___224_> Open           TvLDH.V99990001
# Heavy relative violation of each residue is written to: TvLDH.V99990001
# The profile is NOT normalized by the number of restraints.
# The profiles are smoothed over a window of residues:    1
# The sum of all numbers in the file:   23897.8379



List of the violated restraints:
   A restraint is violated when the relative difference
   from the best value (RVIOL) is larger than CUTOFF.

   ICSR   ... index of a restraint in the current set.
   RESNO  ... residue numbers of the first two atoms.
   ATM    ... IUPAC atom names of the first two atoms.
   FEAT   ... the value of the feature in the model.
   restr  ... the mean of the basis restraint with the smallest
              difference from the model (local minimum).
   viol   ... difference from the local minimum.
   rviol  ... relative difference from the local minimum.
   RESTR  ... the best value (global minimum).
   VIOL   ... difference from the best value.
   RVIOL  ... relative difference from the best value.


-------------------------------------------------------------------------------------------------

Feature 25                           : Phi/Psi pair of dihedral restraints     
List of the RVIOL violations larger than   :       6.5000

    #   ICSR  RESNO1/2 ATM1/2   INDATM1/2    FEAT   restr    viol   rviol   RESTR    VIOL   RVIOL
    1   9142   1M   2S C   N       7    9 -141.59 -136.60    8.25    0.29  -64.10 -175.69   18.89
    1          2S   2S N   CA      9   10  157.77  151.20                  -35.00
    2   9342 201K 202E C   N    1540 1542  -62.32  -69.30   41.07    2.88   54.60  131.24   11.16
    2        202E 202E N   CA   1542 1543  102.03  142.50                   42.40
    3   9441 300V 301E C   N    2311 2313  -73.74  -63.60   15.82    2.64  -69.30  165.12   12.45
    3        301E 301E N   CA   2313 2314  -52.44  -40.30                  142.50
    4   9442 301E 302G C   N    2320 2322  -62.26  -62.40   15.69    2.35   82.20  148.41   10.99
    4        302G 302G N   CA   2322 2323  -25.51  -41.20                    8.50


report______> Distribution of short non-bonded contacts:


DISTANCE1:  0.00 2.10 2.20 2.30 2.40 2.50 2.60 2.70 2.80 2.90 3.00 3.10 3.20 3.30 3.40
DISTANCE2:  2.10 2.20 2.30 2.40 2.50 2.60 2.70 2.80 2.90 3.00 3.10 3.20 3.30 3.40 3.50
FREQUENCY:     0    0    0    0    0    6   23   71  153  237  208  303  409  468  450


<< end of ENERGY.
openf___224_> Open           TvLDH.B99990001.pdb
wrpdb___568_> Residues, atoms, selected atoms:      333     2597     2597
openf___224_> Open           TvLDH.ini

Dynamically allocated memory at       amaxmodel [B,KiB,MiB]:     19327397   18874.410    18.432
read_mo_297_> Segments, residues, atoms:        1      333     2597
read_mo_298_> Segment:        1  1:A  333:A     2597
randomi_498_> Atoms,selected atoms,random_seed,amplitude:     2597     2597        1        4.0000
randomi_496_> Amplitude is > 0; randomization is done.
pick_re_612_> Number of MODEL atoms, selected restraints;     2597    16961
pick_re_612_> Number of MODEL atoms, selected restraints;     2597    19413
pick_re_612_> Number of MODEL atoms, selected restraints;     2597    20622
pick_re_612_> Number of MODEL atoms, selected restraints;     2597    22064
pick_re_612_> Number of MODEL atoms, selected restraints;     2597    23527
pick_re_612_> Number of MODEL atoms, selected restraints;     2597    25658
pick_re_612_> Number of MODEL atoms, selected restraints;     2597    28646
pick_re_612_> Number of MODEL atoms, selected restraints;     2597    29733
pick_re_612_> Number of MODEL atoms, selected restraints;     2597    31075
pick_re_612_> Number of MODEL atoms, selected restraints;     2597    32493
pick_re_612_> Number of MODEL atoms, selected restraints;     2597    33340
pick_re_612_> Number of MODEL atoms, selected restraints;     2597    33340
iupac_m_486_> OE1/2 will be swapped:      171.3149        3  3
iupac_m_487_> NH1/2 swapped:     -179.6631       48  48
iupac_m_483_> CD1/2 CE1/2 swapped:      103.2223      114  114
iupac_m_397W> Atoms were not swapped because of the uncertainty of how to handle the H atom.
iupac_m_486_> OE1/2 will be swapped:      165.7115      149  149
iupac_m_485_> OD1/2 will be swapped:      109.2485      158  158
iupac_m_487_> NH1/2 swapped:     -175.4508      161  161
iupac_m_486_> OE1/2 will be swapped:      127.2921      202  202
iupac_m_485_> OD1/2 will be swapped:     -136.2059      213  213
iupac_m_487_> NH1/2 swapped:      179.9407      236  236
iupac_m_486_> OE1/2 will be swapped:      115.9239      273  273
iupac_m_486_> OE1/2 will be swapped:      169.6755      325  325
>> Model assessment by DOPE potential
iatmcls_286W> MODEL atom not classified:  GLN:OXT  GLN


>> ENERGY; Differences between the model's features and restraints:
Number of all residues in MODEL                   :      333
Number of all, selected real atoms                :     2597    2597
Number of all, selected pseudo atoms              :        0       0
Number of all static, selected restraints         :    33340   33340
COVALENT_CYS                                      :        F
NONBONDED_SEL_ATOMS                               :        1
Number of non-bonded pairs (excluding 1-2,1-3,1-4):   519242
Dynamic pairs routine                             : 1, NATM x NATM double loop
Atomic shift for contacts update (UPDATE_DYNAMIC) :    0.390
LENNARD_JONES_SWITCH                              :    6.500   7.500
COULOMB_JONES_SWITCH                              :    6.500   7.500
RESIDUE_SPAN_RANGE                                :        1    9999
NLOGN_USE                                         :       15
CONTACT_SHELL                                     :   15.000
DYNAMIC_PAIRS,_SPHERE,_COULOMB,_LENNARD,_MODELLER :        T       F       F       F       T
SPHERE_STDV                                       :    0.050
RADII_FACTOR                                      :    0.820
Current energy                                    :      -41501.0742




<< end of ENERGY.
DOPE score               : -41501.074219
>> Model assessment by GA341 potential

Surface library          : /opt/miniconda3/envs/md-311/lib/modeller-10.7/modlib/surf5.de
Pair library             : /opt/miniconda3/envs/md-311/lib/modeller-10.7/modlib/pair9.de
Chain identifier         : _
% sequence identity      :    99.699997
Sequence length          :          333
Compactness              :     0.294830
Native energy (pair)     :  -450.386751
Native energy (surface)  :   -20.273262
Native energy (combined) :   -12.002102
Z score (pair)           :    -9.266954
Z score (surface)        :    -7.768351
Z score (combined)       :   -11.293693
GA341 score              :     1.000000



>> ENERGY; Differences between the model's features and restraints:
Number of all residues in MODEL                   :      333
Number of all, selected real atoms                :     2597    2597
Number of all, selected pseudo atoms              :        0       0
Number of all static, selected restraints         :    33340   33340
COVALENT_CYS                                      :        F
NONBONDED_SEL_ATOMS                               :        1
Number of non-bonded pairs (excluding 1-2,1-3,1-4):     5670
Dynamic pairs routine                             : 2, NATM x NATM cell sorting
Atomic shift for contacts update (UPDATE_DYNAMIC) :    0.390
LENNARD_JONES_SWITCH                              :    6.500   7.500
COULOMB_JONES_SWITCH                              :    6.500   7.500
RESIDUE_SPAN_RANGE                                :        0   99999
NLOGN_USE                                         :       15
CONTACT_SHELL                                     :    4.000
DYNAMIC_PAIRS,_SPHERE,_COULOMB,_LENNARD,_MODELLER :        T       T       F       F       F
SPHERE_STDV                                       :    0.050
RADII_FACTOR                                      :    0.820
Current energy                                    :        1376.4393





Summary of the restraint violations: 

   NUM     ... number of restraints.
   NUMVI   ... number of restraints with RVIOL > VIOL_REPORT_CUT[i].
   RVIOL   ... relative difference from the best value.
   NUMVP   ... number of restraints with -Ln(pdf) > VIOL_REPORT_CUT2[i].
   RMS_1   ... RMS(feature, minimally_violated_basis_restraint, NUMB).
   RMS_2   ... RMS(feature, best_value, NUMB).
   MOL.PDF ... scaled contribution to -Ln(Molecular pdf).

 #                     RESTRAINT_GROUP      NUM   NUMVI  NUMVP   RMS_1   RMS_2         MOL.PDF     S_i
------------------------------------------------------------------------------------------------------
 1 Bond length potential              :    2663       0      0   0.005   0.005      18.208       1.000
 2 Bond angle potential               :    3615       0      5   1.921   1.921      264.89       1.000
 3 Stereochemical cosine torsion poten:    1744       0     35  44.891  44.891      539.31       1.000
 4 Stereochemical improper torsion pot:    1119       0      0   1.106   1.106      30.735       1.000
 5 Soft-sphere overlap restraints     :    5670       0      0   0.001   0.001     0.57087       1.000
 6 Lennard-Jones 6-12 potential       :       0       0      0   0.000   0.000      0.0000       1.000
 7 Coulomb point-point electrostatic p:       0       0      0   0.000   0.000      0.0000       1.000
 8 H-bonding potential                :       0       0      0   0.000   0.000      0.0000       1.000
 9 Distance restraints 1 (CA-CA)      :    7108       0      0   0.078   0.078      53.686       1.000
10 Distance restraints 2 (N-O)        :    7212       0      1   0.128   0.128      113.51       1.000
11 Mainchain Phi dihedral restraints  :       0       0      0   0.000   0.000      0.0000       1.000
12 Mainchain Psi dihedral restraints  :       0       0      0   0.000   0.000      0.0000       1.000
13 Mainchain Omega dihedral restraints:     332       0      2   4.316   4.316      72.199       1.000
14 Sidechain Chi_1 dihedral restraints:     279       0      0  47.505  47.505     0.98089       1.000
15 Sidechain Chi_2 dihedral restraints:     214       0      0  49.094  49.094      43.923       1.000
16 Sidechain Chi_3 dihedral restraints:      84       0      0  49.717  49.717      43.515       1.000
17 Sidechain Chi_4 dihedral restraints:      32       0      0  89.833  89.833      23.742       1.000
18 Disulfide distance restraints      :       0       0      0   0.000   0.000      0.0000       1.000
19 Disulfide angle restraints         :       0       0      0   0.000   0.000      0.0000       1.000
20 Disulfide dihedral angle restraints:       0       0      0   0.000   0.000      0.0000       1.000
21 Lower bound distance restraints    :       0       0      0   0.000   0.000      0.0000       1.000
22 Upper bound distance restraints    :       0       0      0   0.000   0.000      0.0000       1.000
23 Distance restraints 3 (SDCH-MNCH)  :    5323       0      1   0.317   0.317      99.238       1.000
24 Sidechain Chi_5 dihedral restraints:       0       0      0   0.000   0.000      0.0000       1.000
25 Phi/Psi pair of dihedral restraints:     331       4     17  19.136  25.785     -71.249       1.000
26 Distance restraints 4 (SDCH-SDCH)  :    3284       0      1   0.555   0.555      143.18       1.000
27 Distance restraints 5 (X-Y)        :       0       0      0   0.000   0.000      0.0000       1.000
28 NMR distance restraints 6 (X-Y)    :       0       0      0   0.000   0.000      0.0000       1.000
29 NMR distance restraints 7 (X-Y)    :       0       0      0   0.000   0.000      0.0000       1.000
30 Minimal distance restraints        :       0       0      0   0.000   0.000      0.0000       1.000
31 Non-bonded restraints              :       0       0      0   0.000   0.000      0.0000       1.000
32 Atomic accessibility restraints    :       0       0      0   0.000   0.000      0.0000       1.000
33 Atomic density restraints          :       0       0      0   0.000   0.000      0.0000       1.000
34 Absolute position restraints       :       0       0      0   0.000   0.000      0.0000       1.000
35 Dihedral angle difference restraint:       0       0      0   0.000   0.000      0.0000       1.000
36 GBSA implicit solvent potential    :       0       0      0   0.000   0.000      0.0000       1.000
37 EM density fitting potential       :       0       0      0   0.000   0.000      0.0000       1.000
38 SAXS restraints                    :       0       0      0   0.000   0.000      0.0000       1.000
39 Symmetry restraints                :       0       0      0   0.000   0.000      0.0000       1.000



openf___224_> Open           TvLDH.V99990002
# Heavy relative violation of each residue is written to: TvLDH.V99990002
# The profile is NOT normalized by the number of restraints.
# The profiles are smoothed over a window of residues:    1
# The sum of all numbers in the file:   23484.1523



List of the violated restraints:
   A restraint is violated when the relative difference
   from the best value (RVIOL) is larger than CUTOFF.

   ICSR   ... index of a restraint in the current set.
   RESNO  ... residue numbers of the first two atoms.
   ATM    ... IUPAC atom names of the first two atoms.
   FEAT   ... the value of the feature in the model.
   restr  ... the mean of the basis restraint with the smallest
              difference from the model (local minimum).
   viol   ... difference from the local minimum.
   rviol  ... relative difference from the local minimum.
   RESTR  ... the best value (global minimum).
   VIOL   ... difference from the best value.
   RVIOL  ... relative difference from the best value.


-------------------------------------------------------------------------------------------------

Feature 25                           : Phi/Psi pair of dihedral restraints     
List of the RVIOL violations larger than   :       6.5000

    #   ICSR  RESNO1/2 ATM1/2   INDATM1/2    FEAT   restr    viol   rviol   RESTR    VIOL   RVIOL
    1   9142   1M   2S C   N       7    9 -137.18 -136.60   14.54    0.73  -64.10  175.23   17.91
    1          2S   2S N   CA      9   10  165.73  151.20                  -35.00
    2   9233  92K  93P C   N     696  698  -60.54  -58.70    7.44    0.77  -64.50  175.14   13.28
    2         93P  93P N   CA    698  699  -37.70  -30.50                  147.20
    3   9234  93P  94G C   N     703  705  -70.38  -62.40    9.97    1.46   82.20  158.73   11.92
    3         94G  94G N   CA    705  706  -35.23  -41.20                    8.50
    4   9285 144K 145N C   N    1092 1094 -103.00  -63.20   83.72    9.01  -63.20   83.72    9.01
    4        145N 145N N   CA   1094 1095   32.56  -41.10                  -41.10


report______> Distribution of short non-bonded contacts:


DISTANCE1:  0.00 2.10 2.20 2.30 2.40 2.50 2.60 2.70 2.80 2.90 3.00 3.10 3.20 3.30 3.40
DISTANCE2:  2.10 2.20 2.30 2.40 2.50 2.60 2.70 2.80 2.90 3.00 3.10 3.20 3.30 3.40 3.50
FREQUENCY:     0    0    0    0    0   12   32   70  171  214  217  292  438  434  432


<< end of ENERGY.
openf___224_> Open           TvLDH.B99990002.pdb
wrpdb___568_> Residues, atoms, selected atoms:      333     2597     2597
openf___224_> Open           TvLDH.ini

Dynamically allocated memory at       amaxmodel [B,KiB,MiB]:     19327397   18874.410    18.432
read_mo_297_> Segments, residues, atoms:        1      333     2597
read_mo_298_> Segment:        1  1:A  333:A     2597
randomi_498_> Atoms,selected atoms,random_seed,amplitude:     2597     2597        1        4.0000
randomi_496_> Amplitude is > 0; randomization is done.
pick_re_612_> Number of MODEL atoms, selected restraints;     2597    16961
pick_re_612_> Number of MODEL atoms, selected restraints;     2597    19413
pick_re_612_> Number of MODEL atoms, selected restraints;     2597    20622
pick_re_612_> Number of MODEL atoms, selected restraints;     2597    22064
pick_re_612_> Number of MODEL atoms, selected restraints;     2597    23527
pick_re_612_> Number of MODEL atoms, selected restraints;     2597    25658
pick_re_612_> Number of MODEL atoms, selected restraints;     2597    28646
pick_re_612_> Number of MODEL atoms, selected restraints;     2597    29733
pick_re_612_> Number of MODEL atoms, selected restraints;     2597    31075
pick_re_612_> Number of MODEL atoms, selected restraints;     2597    32493
pick_re_612_> Number of MODEL atoms, selected restraints;     2597    33340
pick_re_612_> Number of MODEL atoms, selected restraints;     2597    33340
iupac_m_485_> OD1/2 will be swapped:      113.4982       32  32
iupac_m_487_> NH1/2 swapped:      176.9615       33  33
iupac_m_487_> NH1/2 swapped:      178.6669       48  48
iupac_m_486_> OE1/2 will be swapped:      -96.1222       55  55
iupac_m_487_> NH1/2 swapped:      176.2136       97  97
iupac_m_485_> OD1/2 will be swapped:      171.0605      179  179
iupac_m_486_> OE1/2 will be swapped:     -101.4211      202  202
iupac_m_486_> OE1/2 will be swapped:       97.8014      294  294
iupac_m_486_> OE1/2 will be swapped:     -172.3145      311  311
>> Model assessment by DOPE potential
iatmcls_286W> MODEL atom not classified:  GLN:OXT  GLN


>> ENERGY; Differences between the model's features and restraints:
Number of all residues in MODEL                   :      333
Number of all, selected real atoms                :     2597    2597
Number of all, selected pseudo atoms              :        0       0
Number of all static, selected restraints         :    33340   33340
COVALENT_CYS                                      :        F
NONBONDED_SEL_ATOMS                               :        1
Number of non-bonded pairs (excluding 1-2,1-3,1-4):   518597
Dynamic pairs routine                             : 1, NATM x NATM double loop
Atomic shift for contacts update (UPDATE_DYNAMIC) :    0.390
LENNARD_JONES_SWITCH                              :    6.500   7.500
COULOMB_JONES_SWITCH                              :    6.500   7.500
RESIDUE_SPAN_RANGE                                :        1    9999
NLOGN_USE                                         :       15
CONTACT_SHELL                                     :   15.000
DYNAMIC_PAIRS,_SPHERE,_COULOMB,_LENNARD,_MODELLER :        T       F       F       F       T
SPHERE_STDV                                       :    0.050
RADII_FACTOR                                      :    0.820
Current energy                                    :      -41329.1641




<< end of ENERGY.
DOPE score               : -41329.164062
>> Model assessment by GA341 potential

Surface library          : /opt/miniconda3/envs/md-311/lib/modeller-10.7/modlib/surf5.de
Pair library             : /opt/miniconda3/envs/md-311/lib/modeller-10.7/modlib/pair9.de
Chain identifier         : _
% sequence identity      :    99.699997
Sequence length          :          333
Compactness              :     0.295218
Native energy (pair)     :  -453.233434
Native energy (surface)  :   -21.215502
Native energy (combined) :   -12.344840
Z score (pair)           :    -9.383219
Z score (surface)        :    -8.096799
Z score (combined)       :   -11.546368
GA341 score              :     1.000000



>> ENERGY; Differences between the model's features and restraints:
Number of all residues in MODEL                   :      333
Number of all, selected real atoms                :     2597    2597
Number of all, selected pseudo atoms              :        0       0
Number of all static, selected restraints         :    33340   33340
COVALENT_CYS                                      :        F
NONBONDED_SEL_ATOMS                               :        1
Number of non-bonded pairs (excluding 1-2,1-3,1-4):     5619
Dynamic pairs routine                             : 2, NATM x NATM cell sorting
Atomic shift for contacts update (UPDATE_DYNAMIC) :    0.390
LENNARD_JONES_SWITCH                              :    6.500   7.500
COULOMB_JONES_SWITCH                              :    6.500   7.500
RESIDUE_SPAN_RANGE                                :        0   99999
NLOGN_USE                                         :       15
CONTACT_SHELL                                     :    4.000
DYNAMIC_PAIRS,_SPHERE,_COULOMB,_LENNARD,_MODELLER :        T       T       F       F       F
SPHERE_STDV                                       :    0.050
RADII_FACTOR                                      :    0.820
Current energy                                    :        1445.6035





Summary of the restraint violations: 

   NUM     ... number of restraints.
   NUMVI   ... number of restraints with RVIOL > VIOL_REPORT_CUT[i].
   RVIOL   ... relative difference from the best value.
   NUMVP   ... number of restraints with -Ln(pdf) > VIOL_REPORT_CUT2[i].
   RMS_1   ... RMS(feature, minimally_violated_basis_restraint, NUMB).
   RMS_2   ... RMS(feature, best_value, NUMB).
   MOL.PDF ... scaled contribution to -Ln(Molecular pdf).

 #                     RESTRAINT_GROUP      NUM   NUMVI  NUMVP   RMS_1   RMS_2         MOL.PDF     S_i
------------------------------------------------------------------------------------------------------
 1 Bond length potential              :    2663       0      0   0.005   0.005      19.484       1.000
 2 Bond angle potential               :    3615       0      9   1.954   1.954      276.27       1.000
 3 Stereochemical cosine torsion poten:    1744       0     36  44.663  44.663      536.28       1.000
 4 Stereochemical improper torsion pot:    1119       0      0   1.128   1.128      31.659       1.000
 5 Soft-sphere overlap restraints     :    5619       0      0   0.001   0.001     0.68772       1.000
 6 Lennard-Jones 6-12 potential       :       0       0      0   0.000   0.000      0.0000       1.000
 7 Coulomb point-point electrostatic p:       0       0      0   0.000   0.000      0.0000       1.000
 8 H-bonding potential                :       0       0      0   0.000   0.000      0.0000       1.000
 9 Distance restraints 1 (CA-CA)      :    7108       0      0   0.076   0.076      51.639       1.000
10 Distance restraints 2 (N-O)        :    7212       1      7   0.141   0.141      153.23       1.000
11 Mainchain Phi dihedral restraints  :       0       0      0   0.000   0.000      0.0000       1.000
12 Mainchain Psi dihedral restraints  :       0       0      0   0.000   0.000      0.0000       1.000
13 Mainchain Omega dihedral restraints:     332       0      4   4.438   4.438      76.437       1.000
14 Sidechain Chi_1 dihedral restraints:     279       0      1  42.553  42.553     -3.3858       1.000
15 Sidechain Chi_2 dihedral restraints:     214       0      1  53.739  53.739      50.045       1.000
16 Sidechain Chi_3 dihedral restraints:      84       0      0  53.876  53.876      46.894       1.000
17 Sidechain Chi_4 dihedral restraints:      32       0      0  78.229  78.229      20.647       1.000
18 Disulfide distance restraints      :       0       0      0   0.000   0.000      0.0000       1.000
19 Disulfide angle restraints         :       0       0      0   0.000   0.000      0.0000       1.000
20 Disulfide dihedral angle restraints:       0       0      0   0.000   0.000      0.0000       1.000
21 Lower bound distance restraints    :       0       0      0   0.000   0.000      0.0000       1.000
22 Upper bound distance restraints    :       0       0      0   0.000   0.000      0.0000       1.000
23 Distance restraints 3 (SDCH-MNCH)  :    5323       0      0   0.310   0.310      98.630       1.000
24 Sidechain Chi_5 dihedral restraints:       0       0      0   0.000   0.000      0.0000       1.000
25 Phi/Psi pair of dihedral restraints:     331       3     22  19.212  25.043     -63.465       1.000
26 Distance restraints 4 (SDCH-SDCH)  :    3284       0      1   0.569   0.569      150.55       1.000
27 Distance restraints 5 (X-Y)        :       0       0      0   0.000   0.000      0.0000       1.000
28 NMR distance restraints 6 (X-Y)    :       0       0      0   0.000   0.000      0.0000       1.000
29 NMR distance restraints 7 (X-Y)    :       0       0      0   0.000   0.000      0.0000       1.000
30 Minimal distance restraints        :       0       0      0   0.000   0.000      0.0000       1.000
31 Non-bonded restraints              :       0       0      0   0.000   0.000      0.0000       1.000
32 Atomic accessibility restraints    :       0       0      0   0.000   0.000      0.0000       1.000
33 Atomic density restraints          :       0       0      0   0.000   0.000      0.0000       1.000
34 Absolute position restraints       :       0       0      0   0.000   0.000      0.0000       1.000
35 Dihedral angle difference restraint:       0       0      0   0.000   0.000      0.0000       1.000
36 GBSA implicit solvent potential    :       0       0      0   0.000   0.000      0.0000       1.000
37 EM density fitting potential       :       0       0      0   0.000   0.000      0.0000       1.000
38 SAXS restraints                    :       0       0      0   0.000   0.000      0.0000       1.000
39 Symmetry restraints                :       0       0      0   0.000   0.000      0.0000       1.000



openf___224_> Open           TvLDH.V99990003
# Heavy relative violation of each residue is written to: TvLDH.V99990003
# The profile is NOT normalized by the number of restraints.
# The profiles are smoothed over a window of residues:    1
# The sum of all numbers in the file:   23546.6758



List of the violated restraints:
   A restraint is violated when the relative difference
   from the best value (RVIOL) is larger than CUTOFF.

   ICSR   ... index of a restraint in the current set.
   RESNO  ... residue numbers of the first two atoms.
   ATM    ... IUPAC atom names of the first two atoms.
   FEAT   ... the value of the feature in the model.
   restr  ... the mean of the basis restraint with the smallest
              difference from the model (local minimum).
   viol   ... difference from the local minimum.
   rviol  ... relative difference from the local minimum.
   RESTR  ... the best value (global minimum).
   VIOL   ... difference from the best value.
   RVIOL  ... relative difference from the best value.


-------------------------------------------------------------------------------------------------

Feature 25                           : Phi/Psi pair of dihedral restraints     
List of the RVIOL violations larger than   :       6.5000

    #   ICSR  RESNO1/2 ATM1/2   INDATM1/2    FEAT   restr    viol   rviol   RESTR    VIOL   RVIOL
    1   9142   1M   2S C   N       7    9  -74.10  -72.40    6.23    0.31  -64.10  166.90   12.71
    1          2S   2S N   CA      9   10  158.40  152.40                  -35.00
    2   9166  25A  26S C   N     182  184  -72.60 -136.60   64.12    2.44  -64.10  177.91   13.41
    2         26S  26S N   CA    184  185  147.29  151.20                  -35.00
    3   9167  26S  27G C   N     188  190  -56.97  -62.40   36.56    5.74   82.20  139.83    9.84
    3         27G  27G N   CA    190  191   -5.05  -41.20                    8.50


report______> Distribution of short non-bonded contacts:


DISTANCE1:  0.00 2.10 2.20 2.30 2.40 2.50 2.60 2.70 2.80 2.90 3.00 3.10 3.20 3.30 3.40
DISTANCE2:  2.10 2.20 2.30 2.40 2.50 2.60 2.70 2.80 2.90 3.00 3.10 3.20 3.30 3.40 3.50
FREQUENCY:     0    0    0    0    1    9   24   59  179  233  227  279  401  444  457


<< end of ENERGY.
openf___224_> Open           TvLDH.B99990003.pdb
wrpdb___568_> Residues, atoms, selected atoms:      333     2597     2597
openf___224_> Open           TvLDH.ini

Dynamically allocated memory at       amaxmodel [B,KiB,MiB]:     19327397   18874.410    18.432
read_mo_297_> Segments, residues, atoms:        1      333     2597
read_mo_298_> Segment:        1  1:A  333:A     2597
randomi_498_> Atoms,selected atoms,random_seed,amplitude:     2597     2597        1        4.0000
randomi_496_> Amplitude is > 0; randomization is done.
pick_re_612_> Number of MODEL atoms, selected restraints;     2597    16961
pick_re_612_> Number of MODEL atoms, selected restraints;     2597    19413
pick_re_612_> Number of MODEL atoms, selected restraints;     2597    20622
pick_re_612_> Number of MODEL atoms, selected restraints;     2597    22064
pick_re_612_> Number of MODEL atoms, selected restraints;     2597    23527
pick_re_612_> Number of MODEL atoms, selected restraints;     2597    25658
pick_re_612_> Number of MODEL atoms, selected restraints;     2597    28646
pick_re_612_> Number of MODEL atoms, selected restraints;     2597    29733
pick_re_612_> Number of MODEL atoms, selected restraints;     2597    31075
pick_re_612_> Number of MODEL atoms, selected restraints;     2597    32493
pick_re_612_> Number of MODEL atoms, selected restraints;     2597    33340
pick_re_612_> Number of MODEL atoms, selected restraints;     2597    33340
iupac_m_487_> NH1/2 swapped:      174.8142       48  48
iupac_m_486_> OE1/2 will be swapped:     -108.3239       55  55
iupac_m_483_> CD1/2 CE1/2 swapped:       90.3061       67  67
iupac_m_397W> Atoms were not swapped because of the uncertainty of how to handle the H atom.
iupac_m_485_> OD1/2 will be swapped:      128.0255       72  72
iupac_m_483_> CD1/2 CE1/2 swapped:       92.5863       77  77
iupac_m_397W> Atoms were not swapped because of the uncertainty of how to handle the H atom.
iupac_m_487_> NH1/2 swapped:     -178.3037       97  97
iupac_m_486_> OE1/2 will be swapped:     -163.9656      149  149
iupac_m_485_> OD1/2 will be swapped:      108.6903      219  219
iupac_m_487_> NH1/2 swapped:      177.4395      236  236
iupac_m_487_> NH1/2 swapped:      178.9993      310  310
iupac_m_486_> OE1/2 will be swapped:      157.6878      317  317
>> Model assessment by DOPE potential
iatmcls_286W> MODEL atom not classified:  GLN:OXT  GLN


>> ENERGY; Differences between the model's features and restraints:
Number of all residues in MODEL                   :      333
Number of all, selected real atoms                :     2597    2597
Number of all, selected pseudo atoms              :        0       0
Number of all static, selected restraints         :    33340   33340
COVALENT_CYS                                      :        F
NONBONDED_SEL_ATOMS                               :        1
Number of non-bonded pairs (excluding 1-2,1-3,1-4):   519783
Dynamic pairs routine                             : 1, NATM x NATM double loop
Atomic shift for contacts update (UPDATE_DYNAMIC) :    0.390
LENNARD_JONES_SWITCH                              :    6.500   7.500
COULOMB_JONES_SWITCH                              :    6.500   7.500
RESIDUE_SPAN_RANGE                                :        1    9999
NLOGN_USE                                         :       15
CONTACT_SHELL                                     :   15.000
DYNAMIC_PAIRS,_SPHERE,_COULOMB,_LENNARD,_MODELLER :        T       F       F       F       T
SPHERE_STDV                                       :    0.050
RADII_FACTOR                                      :    0.820
Current energy                                    :      -41284.5469




<< end of ENERGY.
DOPE score               : -41284.546875
>> Model assessment by GA341 potential

Surface library          : /opt/miniconda3/envs/md-311/lib/modeller-10.7/modlib/surf5.de
Pair library             : /opt/miniconda3/envs/md-311/lib/modeller-10.7/modlib/pair9.de
Chain identifier         : _
% sequence identity      :    99.699997
Sequence length          :          333
Compactness              :     0.294886
Native energy (pair)     :  -466.391945
Native energy (surface)  :   -21.522110
Native energy (combined) :   -12.495529
Z score (pair)           :    -9.226960
Z score (surface)        :    -8.039758
Z score (combined)       :   -11.476316
GA341 score              :     1.000000



>> ENERGY; Differences between the model's features and restraints:
Number of all residues in MODEL                   :      333
Number of all, selected real atoms                :     2597    2597
Number of all, selected pseudo atoms              :        0       0
Number of all static, selected restraints         :    33340   33340
COVALENT_CYS                                      :        F
NONBONDED_SEL_ATOMS                               :        1
Number of non-bonded pairs (excluding 1-2,1-3,1-4):     5650
Dynamic pairs routine                             : 2, NATM x NATM cell sorting
Atomic shift for contacts update (UPDATE_DYNAMIC) :    0.390
LENNARD_JONES_SWITCH                              :    6.500   7.500
COULOMB_JONES_SWITCH                              :    6.500   7.500
RESIDUE_SPAN_RANGE                                :        0   99999
NLOGN_USE                                         :       15
CONTACT_SHELL                                     :    4.000
DYNAMIC_PAIRS,_SPHERE,_COULOMB,_LENNARD,_MODELLER :        T       T       F       F       F
SPHERE_STDV                                       :    0.050
RADII_FACTOR                                      :    0.820
Current energy                                    :        1555.1041





Summary of the restraint violations: 

   NUM     ... number of restraints.
   NUMVI   ... number of restraints with RVIOL > VIOL_REPORT_CUT[i].
   RVIOL   ... relative difference from the best value.
   NUMVP   ... number of restraints with -Ln(pdf) > VIOL_REPORT_CUT2[i].
   RMS_1   ... RMS(feature, minimally_violated_basis_restraint, NUMB).
   RMS_2   ... RMS(feature, best_value, NUMB).
   MOL.PDF ... scaled contribution to -Ln(Molecular pdf).

 #                     RESTRAINT_GROUP      NUM   NUMVI  NUMVP   RMS_1   RMS_2         MOL.PDF     S_i
------------------------------------------------------------------------------------------------------
 1 Bond length potential              :    2663       0      0   0.005   0.005      19.710       1.000
 2 Bond angle potential               :    3615       0      6   1.954   1.954      274.35       1.000
 3 Stereochemical cosine torsion poten:    1744       0     39  44.993  44.993      545.61       1.000
 4 Stereochemical improper torsion pot:    1119       0      0   1.188   1.188      34.483       1.000
 5 Soft-sphere overlap restraints     :    5650       0      0   0.001   0.001     0.68562       1.000
 6 Lennard-Jones 6-12 potential       :       0       0      0   0.000   0.000      0.0000       1.000
 7 Coulomb point-point electrostatic p:       0       0      0   0.000   0.000      0.0000       1.000
 8 H-bonding potential                :       0       0      0   0.000   0.000      0.0000       1.000
 9 Distance restraints 1 (CA-CA)      :    7108       0      0   0.086   0.086      65.111       1.000
10 Distance restraints 2 (N-O)        :    7212       0      9   0.145   0.145      156.69       1.000
11 Mainchain Phi dihedral restraints  :       0       0      0   0.000   0.000      0.0000       1.000
12 Mainchain Psi dihedral restraints  :       0       0      0   0.000   0.000      0.0000       1.000
13 Mainchain Omega dihedral restraints:     332       0      3   4.369   4.369      74.063       1.000
14 Sidechain Chi_1 dihedral restraints:     279       0      2  44.682  44.682      15.665       1.000
15 Sidechain Chi_2 dihedral restraints:     214       0      2  53.973  53.973      52.715       1.000
16 Sidechain Chi_3 dihedral restraints:      84       0      0  53.141  53.141      48.181       1.000
17 Sidechain Chi_4 dihedral restraints:      32       0      0  83.372  83.372      22.653       1.000
18 Disulfide distance restraints      :       0       0      0   0.000   0.000      0.0000       1.000
19 Disulfide angle restraints         :       0       0      0   0.000   0.000      0.0000       1.000
20 Disulfide dihedral angle restraints:       0       0      0   0.000   0.000      0.0000       1.000
21 Lower bound distance restraints    :       0       0      0   0.000   0.000      0.0000       1.000
22 Upper bound distance restraints    :       0       0      0   0.000   0.000      0.0000       1.000
23 Distance restraints 3 (SDCH-MNCH)  :    5323       0      0   0.334   0.334      114.97       1.000
24 Sidechain Chi_5 dihedral restraints:       0       0      0   0.000   0.000      0.0000       1.000
25 Phi/Psi pair of dihedral restraints:     331       4     22  20.678  25.200     -62.844       1.000
26 Distance restraints 4 (SDCH-SDCH)  :    3284       0      0   0.645   0.645      193.07       1.000
27 Distance restraints 5 (X-Y)        :       0       0      0   0.000   0.000      0.0000       1.000
28 NMR distance restraints 6 (X-Y)    :       0       0      0   0.000   0.000      0.0000       1.000
29 NMR distance restraints 7 (X-Y)    :       0       0      0   0.000   0.000      0.0000       1.000
30 Minimal distance restraints        :       0       0      0   0.000   0.000      0.0000       1.000
31 Non-bonded restraints              :       0       0      0   0.000   0.000      0.0000       1.000
32 Atomic accessibility restraints    :       0       0      0   0.000   0.000      0.0000       1.000
33 Atomic density restraints          :       0       0      0   0.000   0.000      0.0000       1.000
34 Absolute position restraints       :       0       0      0   0.000   0.000      0.0000       1.000
35 Dihedral angle difference restraint:       0       0      0   0.000   0.000      0.0000       1.000
36 GBSA implicit solvent potential    :       0       0      0   0.000   0.000      0.0000       1.000
37 EM density fitting potential       :       0       0      0   0.000   0.000      0.0000       1.000
38 SAXS restraints                    :       0       0      0   0.000   0.000      0.0000       1.000
39 Symmetry restraints                :       0       0      0   0.000   0.000      0.0000       1.000



openf___224_> Open           TvLDH.V99990004
# Heavy relative violation of each residue is written to: TvLDH.V99990004
# The profile is NOT normalized by the number of restraints.
# The profiles are smoothed over a window of residues:    1
# The sum of all numbers in the file:   24473.6680



List of the violated restraints:
   A restraint is violated when the relative difference
   from the best value (RVIOL) is larger than CUTOFF.

   ICSR   ... index of a restraint in the current set.
   RESNO  ... residue numbers of the first two atoms.
   ATM    ... IUPAC atom names of the first two atoms.
   FEAT   ... the value of the feature in the model.
   restr  ... the mean of the basis restraint with the smallest
              difference from the model (local minimum).
   viol   ... difference from the local minimum.
   rviol  ... relative difference from the local minimum.
   RESTR  ... the best value (global minimum).
   VIOL   ... difference from the best value.
   RVIOL  ... relative difference from the best value.


-------------------------------------------------------------------------------------------------

Feature 25                           : Phi/Psi pair of dihedral restraints     
List of the RVIOL violations larger than   :       6.5000

    #   ICSR  RESNO1/2 ATM1/2   INDATM1/2    FEAT   restr    viol   rviol   RESTR    VIOL   RVIOL
    1   9142   1M   2S C   N       7    9  -74.70  -72.40   12.09    0.63  -64.10  161.08   12.33
    1          2S   2S N   CA      9   10  164.27  152.40                  -35.00
    2   9285 144K 145N C   N    1092 1094 -103.47  -63.20   86.21    9.28  -63.20   86.21    9.28
    2        145N 145N N   CA   1094 1095   35.13  -41.10                  -41.10
    3   9440 299V 300V C   N    2304 2306  -66.19  -62.40    5.43    0.90  -73.50  174.68   15.02
    3        300V 300V N   CA   2306 2307  -46.28  -42.40                  139.20
    4   9441 300V 301E C   N    2311 2313   67.82  -69.30  137.17   10.53  -69.30  137.17   10.53
    4        301E 301E N   CA   2313 2314  146.37  142.50                  142.50


report______> Distribution of short non-bonded contacts:


DISTANCE1:  0.00 2.10 2.20 2.30 2.40 2.50 2.60 2.70 2.80 2.90 3.00 3.10 3.20 3.30 3.40
DISTANCE2:  2.10 2.20 2.30 2.40 2.50 2.60 2.70 2.80 2.90 3.00 3.10 3.20 3.30 3.40 3.50
FREQUENCY:     0    0    0    0    0    8   24   68  158  259  219  304  412  432  440


<< end of ENERGY.
openf___224_> Open           TvLDH.B99990004.pdb
wrpdb___568_> Residues, atoms, selected atoms:      333     2597     2597
openf___224_> Open           TvLDH.ini

Dynamically allocated memory at       amaxmodel [B,KiB,MiB]:     19327397   18874.410    18.432
read_mo_297_> Segments, residues, atoms:        1      333     2597
read_mo_298_> Segment:        1  1:A  333:A     2597
randomi_498_> Atoms,selected atoms,random_seed,amplitude:     2597     2597        1        4.0000
randomi_496_> Amplitude is > 0; randomization is done.
pick_re_612_> Number of MODEL atoms, selected restraints;     2597    16961
pick_re_612_> Number of MODEL atoms, selected restraints;     2597    19413
pick_re_612_> Number of MODEL atoms, selected restraints;     2597    20622
pick_re_612_> Number of MODEL atoms, selected restraints;     2597    22064
pick_re_612_> Number of MODEL atoms, selected restraints;     2597    23527
pick_re_612_> Number of MODEL atoms, selected restraints;     2597    25658
pick_re_612_> Number of MODEL atoms, selected restraints;     2597    28646
pick_re_612_> Number of MODEL atoms, selected restraints;     2597    29733
pick_re_612_> Number of MODEL atoms, selected restraints;     2597    31075
pick_re_612_> Number of MODEL atoms, selected restraints;     2597    32493
pick_re_612_> Number of MODEL atoms, selected restraints;     2597    33340
pick_re_612_> Number of MODEL atoms, selected restraints;     2597    33340
iupac_m_486_> OE1/2 will be swapped:     -161.9297        3  3
iupac_m_487_> NH1/2 swapped:     -176.6979       48  48
iupac_m_483_> CD1/2 CE1/2 swapped:      -94.6316      151  151
iupac_m_397W> Atoms were not swapped because of the uncertainty of how to handle the H atom.
iupac_m_485_> OD1/2 will be swapped:      122.0456      158  158
iupac_m_486_> OE1/2 will be swapped:      -98.5992      234  234
iupac_m_487_> NH1/2 swapped:      177.7371      236  236
iupac_m_486_> OE1/2 will be swapped:     -100.4480      294  294
iupac_m_486_> OE1/2 will be swapped:     -104.6540      301  301
iupac_m_487_> NH1/2 swapped:     -178.9805      310  310
iupac_m_486_> OE1/2 will be swapped:      156.6308      317  317
iupac_m_486_> OE1/2 will be swapped:     -133.8590      325  325
>> Model assessment by DOPE potential
iatmcls_286W> MODEL atom not classified:  GLN:OXT  GLN


>> ENERGY; Differences between the model's features and restraints:
Number of all residues in MODEL                   :      333
Number of all, selected real atoms                :     2597    2597
Number of all, selected pseudo atoms              :        0       0
Number of all static, selected restraints         :    33340   33340
COVALENT_CYS                                      :        F
NONBONDED_SEL_ATOMS                               :        1
Number of non-bonded pairs (excluding 1-2,1-3,1-4):   519054
Dynamic pairs routine                             : 1, NATM x NATM double loop
Atomic shift for contacts update (UPDATE_DYNAMIC) :    0.390
LENNARD_JONES_SWITCH                              :    6.500   7.500
COULOMB_JONES_SWITCH                              :    6.500   7.500
RESIDUE_SPAN_RANGE                                :        1    9999
NLOGN_USE                                         :       15
CONTACT_SHELL                                     :   15.000
DYNAMIC_PAIRS,_SPHERE,_COULOMB,_LENNARD,_MODELLER :        T       F       F       F       T
SPHERE_STDV                                       :    0.050
RADII_FACTOR                                      :    0.820
Current energy                                    :      -41205.2109




<< end of ENERGY.
DOPE score               : -41205.210938
>> Model assessment by GA341 potential

Surface library          : /opt/miniconda3/envs/md-311/lib/modeller-10.7/modlib/surf5.de
Pair library             : /opt/miniconda3/envs/md-311/lib/modeller-10.7/modlib/pair9.de
Chain identifier         : _
% sequence identity      :    99.699997
Sequence length          :          333
Compactness              :     0.295921
Native energy (pair)     :  -448.657560
Native energy (surface)  :   -21.284953
Native energy (combined) :   -12.129433
Z score (pair)           :    -9.351802
Z score (surface)        :    -7.950307
Z score (combined)       :   -11.464702
GA341 score              :     1.000000



>> ENERGY; Differences between the model's features and restraints:
Number of all residues in MODEL                   :      333
Number of all, selected real atoms                :     2597    2597
Number of all, selected pseudo atoms              :        0       0
Number of all static, selected restraints         :    33340   33340
COVALENT_CYS                                      :        F
NONBONDED_SEL_ATOMS                               :        1
Number of non-bonded pairs (excluding 1-2,1-3,1-4):     5664
Dynamic pairs routine                             : 2, NATM x NATM cell sorting
Atomic shift for contacts update (UPDATE_DYNAMIC) :    0.390
LENNARD_JONES_SWITCH                              :    6.500   7.500
COULOMB_JONES_SWITCH                              :    6.500   7.500
RESIDUE_SPAN_RANGE                                :        0   99999
NLOGN_USE                                         :       15
CONTACT_SHELL                                     :    4.000
DYNAMIC_PAIRS,_SPHERE,_COULOMB,_LENNARD,_MODELLER :        T       T       F       F       F
SPHERE_STDV                                       :    0.050
RADII_FACTOR                                      :    0.820
Current energy                                    :        1635.5341





Summary of the restraint violations: 

   NUM     ... number of restraints.
   NUMVI   ... number of restraints with RVIOL > VIOL_REPORT_CUT[i].
   RVIOL   ... relative difference from the best value.
   NUMVP   ... number of restraints with -Ln(pdf) > VIOL_REPORT_CUT2[i].
   RMS_1   ... RMS(feature, minimally_violated_basis_restraint, NUMB).
   RMS_2   ... RMS(feature, best_value, NUMB).
   MOL.PDF ... scaled contribution to -Ln(Molecular pdf).

 #                     RESTRAINT_GROUP      NUM   NUMVI  NUMVP   RMS_1   RMS_2         MOL.PDF     S_i
------------------------------------------------------------------------------------------------------
 1 Bond length potential              :    2663       0      0   0.005   0.005      20.845       1.000
 2 Bond angle potential               :    3615       0      9   2.020   2.020      295.28       1.000
 3 Stereochemical cosine torsion poten:    1744       0     39  45.029  45.029      549.69       1.000
 4 Stereochemical improper torsion pot:    1119       0      0   1.288   1.288      39.582       1.000
 5 Soft-sphere overlap restraints     :    5664       0      0   0.001   0.001     0.72247       1.000
 6 Lennard-Jones 6-12 potential       :       0       0      0   0.000   0.000      0.0000       1.000
 7 Coulomb point-point electrostatic p:       0       0      0   0.000   0.000      0.0000       1.000
 8 H-bonding potential                :       0       0      0   0.000   0.000      0.0000       1.000
 9 Distance restraints 1 (CA-CA)      :    7108       0      0   0.092   0.092      72.650       1.000
10 Distance restraints 2 (N-O)        :    7212       1     12   0.160   0.160      181.78       1.000
11 Mainchain Phi dihedral restraints  :       0       0      0   0.000   0.000      0.0000       1.000
12 Mainchain Psi dihedral restraints  :       0       0      0   0.000   0.000      0.0000       1.000
13 Mainchain Omega dihedral restraints:     332       0      5   4.470   4.470      77.464       1.000
14 Sidechain Chi_1 dihedral restraints:     279       0      3  49.010  49.010      20.778       1.000
15 Sidechain Chi_2 dihedral restraints:     214       0      0  53.185  53.185      48.736       1.000
16 Sidechain Chi_3 dihedral restraints:      84       0      0  52.709  52.709      45.144       1.000
17 Sidechain Chi_4 dihedral restraints:      32       0      0  91.663  91.663      24.241       1.000
18 Disulfide distance restraints      :       0       0      0   0.000   0.000      0.0000       1.000
19 Disulfide angle restraints         :       0       0      0   0.000   0.000      0.0000       1.000
20 Disulfide dihedral angle restraints:       0       0      0   0.000   0.000      0.0000       1.000
21 Lower bound distance restraints    :       0       0      0   0.000   0.000      0.0000       1.000
22 Upper bound distance restraints    :       0       0      0   0.000   0.000      0.0000       1.000
23 Distance restraints 3 (SDCH-MNCH)  :    5323       0      0   0.326   0.326      108.02       1.000
24 Sidechain Chi_5 dihedral restraints:       0       0      0   0.000   0.000      0.0000       1.000
25 Phi/Psi pair of dihedral restraints:     331       7     23  20.215  30.886     -52.364       1.000
26 Distance restraints 4 (SDCH-SDCH)  :    3284       0      1   0.657   0.657      202.96       1.000
27 Distance restraints 5 (X-Y)        :       0       0      0   0.000   0.000      0.0000       1.000
28 NMR distance restraints 6 (X-Y)    :       0       0      0   0.000   0.000      0.0000       1.000
29 NMR distance restraints 7 (X-Y)    :       0       0      0   0.000   0.000      0.0000       1.000
30 Minimal distance restraints        :       0       0      0   0.000   0.000      0.0000       1.000
31 Non-bonded restraints              :       0       0      0   0.000   0.000      0.0000       1.000
32 Atomic accessibility restraints    :       0       0      0   0.000   0.000      0.0000       1.000
33 Atomic density restraints          :       0       0      0   0.000   0.000      0.0000       1.000
34 Absolute position restraints       :       0       0      0   0.000   0.000      0.0000       1.000
35 Dihedral angle difference restraint:       0       0      0   0.000   0.000      0.0000       1.000
36 GBSA implicit solvent potential    :       0       0      0   0.000   0.000      0.0000       1.000
37 EM density fitting potential       :       0       0      0   0.000   0.000      0.0000       1.000
38 SAXS restraints                    :       0       0      0   0.000   0.000      0.0000       1.000
39 Symmetry restraints                :       0       0      0   0.000   0.000      0.0000       1.000



openf___224_> Open           TvLDH.V99990005
# Heavy relative violation of each residue is written to: TvLDH.V99990005
# The profile is NOT normalized by the number of restraints.
# The profiles are smoothed over a window of residues:    1
# The sum of all numbers in the file:   25662.0449



List of the violated restraints:
   A restraint is violated when the relative difference
   from the best value (RVIOL) is larger than CUTOFF.

   ICSR   ... index of a restraint in the current set.
   RESNO  ... residue numbers of the first two atoms.
   ATM    ... IUPAC atom names of the first two atoms.
   FEAT   ... the value of the feature in the model.
   restr  ... the mean of the basis restraint with the smallest
              difference from the model (local minimum).
   viol   ... difference from the local minimum.
   rviol  ... relative difference from the local minimum.
   RESTR  ... the best value (global minimum).
   VIOL   ... difference from the best value.
   RVIOL  ... relative difference from the best value.


-------------------------------------------------------------------------------------------------

Feature 25                           : Phi/Psi pair of dihedral restraints     
List of the RVIOL violations larger than   :       6.5000

    #   ICSR  RESNO1/2 ATM1/2   INDATM1/2    FEAT   restr    viol   rviol   RESTR    VIOL   RVIOL
    1   9142   1M   2S C   N       7    9 -119.41 -136.60   17.21    0.66  -64.10 -176.69   17.13
    1          2S   2S N   CA      9   10  150.23  151.20                  -35.00
    2   9230  89M  90P C   N     672  674  -48.78  -58.70   45.26    3.01  -64.50  139.03   11.22
    2         90P  90P N   CA    674  675  -74.66  -30.50                  147.20
    3   9231  90P  91L C   N     679  681  142.86 -108.50  108.66    5.20  -70.70  146.88   13.70
    3         91L  91L N   CA    681  682  130.32  132.50                  141.60
    4   9413 272P 273E C   N    2098 2100  -68.51  -63.60    9.07    1.05  -69.30  175.17   13.35
    4        273E 273E N   CA   2100 2101  -32.67  -40.30                  142.50
    5   9414 273E 274G C   N    2107 2109  -73.20  -62.40   20.78    2.82   82.20  158.66   11.64
    5        274G 274G N   CA   2109 2110  -23.45  -41.20                    8.50
    6   9441 300V 301E C   N    2311 2313  -76.60  -63.60   14.14    2.42  -69.30  171.81   12.86
    6        301E 301E N   CA   2313 2314  -45.84  -40.30                  142.50
    7   9442 301E 302G C   N    2320 2322  -60.96  -62.40   14.62    2.25   82.20  147.42   10.95
    7        302G 302G N   CA   2322 2323  -26.65  -41.20                    8.50


report______> Distribution of short non-bonded contacts:


DISTANCE1:  0.00 2.10 2.20 2.30 2.40 2.50 2.60 2.70 2.80 2.90 3.00 3.10 3.20 3.30 3.40
DISTANCE2:  2.10 2.20 2.30 2.40 2.50 2.60 2.70 2.80 2.90 3.00 3.10 3.20 3.30 3.40 3.50
FREQUENCY:     0    0    0    0    0   13   28   74  158  235  231  303  421  449  427


<< end of ENERGY.
openf___224_> Open           TvLDH.B99990005.pdb
wrpdb___568_> Residues, atoms, selected atoms:      333     2597     2597
openf___224_> Open           TvLDH.ini

Dynamically allocated memory at       amaxmodel [B,KiB,MiB]:     19327397   18874.410    18.432
read_mo_297_> Segments, residues, atoms:        1      333     2597
read_mo_298_> Segment:        1  1:A  333:A     2597
randomi_498_> Atoms,selected atoms,random_seed,amplitude:     2597     2597        1        4.0000
randomi_496_> Amplitude is > 0; randomization is done.
pick_re_612_> Number of MODEL atoms, selected restraints;     2597    16961
pick_re_612_> Number of MODEL atoms, selected restraints;     2597    19413
pick_re_612_> Number of MODEL atoms, selected restraints;     2597    20622
pick_re_612_> Number of MODEL atoms, selected restraints;     2597    22064
pick_re_612_> Number of MODEL atoms, selected restraints;     2597    23527
pick_re_612_> Number of MODEL atoms, selected restraints;     2597    25658
pick_re_612_> Number of MODEL atoms, selected restraints;     2597    28646
pick_re_612_> Number of MODEL atoms, selected restraints;     2597    29733
pick_re_612_> Number of MODEL atoms, selected restraints;     2597    31075
pick_re_612_> Number of MODEL atoms, selected restraints;     2597    32493
pick_re_612_> Number of MODEL atoms, selected restraints;     2597    33340
pick_re_612_> Number of MODEL atoms, selected restraints;     2597    33340
iupac_m_483_> CD1/2 CE1/2 swapped:       99.4951       18  18
iupac_m_397W> Atoms were not swapped because of the uncertainty of how to handle the H atom.
iupac_m_487_> NH1/2 swapped:      179.2876       33  33
iupac_m_487_> NH1/2 swapped:     -174.8190       48  48
iupac_m_483_> CD1/2 CE1/2 swapped:       93.7402       77  77
iupac_m_397W> Atoms were not swapped because of the uncertainty of how to handle the H atom.
iupac_m_487_> NH1/2 swapped:      172.1000       97  97
iupac_m_486_> OE1/2 will be swapped:      103.6483      149  149
iupac_m_483_> CD1/2 CE1/2 swapped:      -91.9724      151  151
iupac_m_397W> Atoms were not swapped because of the uncertainty of how to handle the H atom.
iupac_m_485_> OD1/2 will be swapped:      102.6881      158  158
iupac_m_483_> CD1/2 CE1/2 swapped:      -91.3154      163  163
iupac_m_397W> Atoms were not swapped because of the uncertainty of how to handle the H atom.
iupac_m_485_> OD1/2 will be swapped:      101.6451      179  179
iupac_m_486_> OE1/2 will be swapped:     -179.7202      188  188
iupac_m_483_> CD1/2 CE1/2 swapped:       92.1135      238  238
iupac_m_397W> Atoms were not swapped because of the uncertainty of how to handle the H atom.
iupac_m_486_> OE1/2 will be swapped:      175.0408      273  273
iupac_m_485_> OD1/2 will be swapped:      104.6003      307  307
iupac_m_487_> NH1/2 swapped:     -176.3000      310  310
iupac_m_486_> OE1/2 will be swapped:      121.1264      325  325
>> Model assessment by DOPE potential
iatmcls_286W> MODEL atom not classified:  GLN:OXT  GLN


>> ENERGY; Differences between the model's features and restraints:
Number of all residues in MODEL                   :      333
Number of all, selected real atoms                :     2597    2597
Number of all, selected pseudo atoms              :        0       0
Number of all static, selected restraints         :    33340   33340
COVALENT_CYS                                      :        F
NONBONDED_SEL_ATOMS                               :        1
Number of non-bonded pairs (excluding 1-2,1-3,1-4):   518348
Dynamic pairs routine                             : 1, NATM x NATM double loop
Atomic shift for contacts update (UPDATE_DYNAMIC) :    0.390
LENNARD_JONES_SWITCH                              :    6.500   7.500
COULOMB_JONES_SWITCH                              :    6.500   7.500
RESIDUE_SPAN_RANGE                                :        1    9999
NLOGN_USE                                         :       15
CONTACT_SHELL                                     :   15.000
DYNAMIC_PAIRS,_SPHERE,_COULOMB,_LENNARD,_MODELLER :        T       F       F       F       T
SPHERE_STDV                                       :    0.050
RADII_FACTOR                                      :    0.820
Current energy                                    :      -41269.8125




<< end of ENERGY.
DOPE score               : -41269.812500
>> Model assessment by GA341 potential

Surface library          : /opt/miniconda3/envs/md-311/lib/modeller-10.7/modlib/surf5.de
Pair library             : /opt/miniconda3/envs/md-311/lib/modeller-10.7/modlib/pair9.de
Chain identifier         : _
% sequence identity      :    99.699997
Sequence length          :          333
Compactness              :     0.293752
Native energy (pair)     :  -443.496943
Native energy (surface)  :   -22.026623
Native energy (combined) :   -12.306404
Z score (pair)           :    -9.446026
Z score (surface)        :    -8.142482
Z score (combined)       :   -11.618997
GA341 score              :     1.000000



>> ENERGY; Differences between the model's features and restraints:
Number of all residues in MODEL                   :      333
Number of all, selected real atoms                :     2597    2597
Number of all, selected pseudo atoms              :        0       0
Number of all static, selected restraints         :    33340   33340
COVALENT_CYS                                      :        F
NONBONDED_SEL_ATOMS                               :        1
Number of non-bonded pairs (excluding 1-2,1-3,1-4):     5669
Dynamic pairs routine                             : 2, NATM x NATM cell sorting
Atomic shift for contacts update (UPDATE_DYNAMIC) :    0.390
LENNARD_JONES_SWITCH                              :    6.500   7.500
COULOMB_JONES_SWITCH                              :    6.500   7.500
RESIDUE_SPAN_RANGE                                :        0   99999
NLOGN_USE                                         :       15
CONTACT_SHELL                                     :    4.000
DYNAMIC_PAIRS,_SPHERE,_COULOMB,_LENNARD,_MODELLER :        T       T       F       F       F
SPHERE_STDV                                       :    0.050
RADII_FACTOR                                      :    0.820
Current energy                                    :        1463.3354





Summary of the restraint violations: 

   NUM     ... number of restraints.
   NUMVI   ... number of restraints with RVIOL > VIOL_REPORT_CUT[i].
   RVIOL   ... relative difference from the best value.
   NUMVP   ... number of restraints with -Ln(pdf) > VIOL_REPORT_CUT2[i].
   RMS_1   ... RMS(feature, minimally_violated_basis_restraint, NUMB).
   RMS_2   ... RMS(feature, best_value, NUMB).
   MOL.PDF ... scaled contribution to -Ln(Molecular pdf).

 #                     RESTRAINT_GROUP      NUM   NUMVI  NUMVP   RMS_1   RMS_2         MOL.PDF     S_i
------------------------------------------------------------------------------------------------------
 1 Bond length potential              :    2663       0      0   0.005   0.005      19.259       1.000
 2 Bond angle potential               :    3615       0      7   1.983   1.983      281.54       1.000
 3 Stereochemical cosine torsion poten:    1744       0     31  44.432  44.432      536.85       1.000
 4 Stereochemical improper torsion pot:    1119       0      1   1.235   1.235      36.448       1.000
 5 Soft-sphere overlap restraints     :    5669       0      0   0.001   0.001     0.64914       1.000
 6 Lennard-Jones 6-12 potential       :       0       0      0   0.000   0.000      0.0000       1.000
 7 Coulomb point-point electrostatic p:       0       0      0   0.000   0.000      0.0000       1.000
 8 H-bonding potential                :       0       0      0   0.000   0.000      0.0000       1.000
 9 Distance restraints 1 (CA-CA)      :    7108       0      0   0.082   0.082      59.229       1.000
10 Distance restraints 2 (N-O)        :    7212       0      0   0.124   0.124      116.39       1.000
11 Mainchain Phi dihedral restraints  :       0       0      0   0.000   0.000      0.0000       1.000
12 Mainchain Psi dihedral restraints  :       0       0      0   0.000   0.000      0.0000       1.000
13 Mainchain Omega dihedral restraints:     332       0      3   4.367   4.367      73.980       1.000
14 Sidechain Chi_1 dihedral restraints:     279       0      2  41.802  41.802      7.2361       1.000
15 Sidechain Chi_2 dihedral restraints:     214       0      2  54.867  54.867      43.334       1.000
16 Sidechain Chi_3 dihedral restraints:      84       0      0  58.374  58.374      45.674       1.000
17 Sidechain Chi_4 dihedral restraints:      32       0      0  81.634  81.634      22.074       1.000
18 Disulfide distance restraints      :       0       0      0   0.000   0.000      0.0000       1.000
19 Disulfide angle restraints         :       0       0      0   0.000   0.000      0.0000       1.000
20 Disulfide dihedral angle restraints:       0       0      0   0.000   0.000      0.0000       1.000
21 Lower bound distance restraints    :       0       0      0   0.000   0.000      0.0000       1.000
22 Upper bound distance restraints    :       0       0      0   0.000   0.000      0.0000       1.000
23 Distance restraints 3 (SDCH-MNCH)  :    5323       0      0   0.319   0.319      104.75       1.000
24 Sidechain Chi_5 dihedral restraints:       0       0      0   0.000   0.000      0.0000       1.000
25 Phi/Psi pair of dihedral restraints:     331       2     18  19.121  23.384     -71.510       1.000
26 Distance restraints 4 (SDCH-SDCH)  :    3284       0      2   0.634   0.634      187.44       1.000
27 Distance restraints 5 (X-Y)        :       0       0      0   0.000   0.000      0.0000       1.000
28 NMR distance restraints 6 (X-Y)    :       0       0      0   0.000   0.000      0.0000       1.000
29 NMR distance restraints 7 (X-Y)    :       0       0      0   0.000   0.000      0.0000       1.000
30 Minimal distance restraints        :       0       0      0   0.000   0.000      0.0000       1.000
31 Non-bonded restraints              :       0       0      0   0.000   0.000      0.0000       1.000
32 Atomic accessibility restraints    :       0       0      0   0.000   0.000      0.0000       1.000
33 Atomic density restraints          :       0       0      0   0.000   0.000      0.0000       1.000
34 Absolute position restraints       :       0       0      0   0.000   0.000      0.0000       1.000
35 Dihedral angle difference restraint:       0       0      0   0.000   0.000      0.0000       1.000
36 GBSA implicit solvent potential    :       0       0      0   0.000   0.000      0.0000       1.000
37 EM density fitting potential       :       0       0      0   0.000   0.000      0.0000       1.000
38 SAXS restraints                    :       0       0      0   0.000   0.000      0.0000       1.000
39 Symmetry restraints                :       0       0      0   0.000   0.000      0.0000       1.000



openf___224_> Open           TvLDH.V99990006
# Heavy relative violation of each residue is written to: TvLDH.V99990006
# The profile is NOT normalized by the number of restraints.
# The profiles are smoothed over a window of residues:    1
# The sum of all numbers in the file:   23914.5859



List of the violated restraints:
   A restraint is violated when the relative difference
   from the best value (RVIOL) is larger than CUTOFF.

   ICSR   ... index of a restraint in the current set.
   RESNO  ... residue numbers of the first two atoms.
   ATM    ... IUPAC atom names of the first two atoms.
   FEAT   ... the value of the feature in the model.
   restr  ... the mean of the basis restraint with the smallest
              difference from the model (local minimum).
   viol   ... difference from the local minimum.
   rviol  ... relative difference from the local minimum.
   RESTR  ... the best value (global minimum).
   VIOL   ... difference from the best value.
   RVIOL  ... relative difference from the best value.


-------------------------------------------------------------------------------------------------

Feature 25                           : Phi/Psi pair of dihedral restraints     
List of the RVIOL violations larger than   :       6.5000

    #   ICSR  RESNO1/2 ATM1/2   INDATM1/2    FEAT   restr    viol   rviol   RESTR    VIOL   RVIOL
    1   9142   1M   2S C   N       7    9 -128.33 -136.60    8.61    0.40  -64.10 -176.97   17.79
    1          2S   2S N   CA      9   10  153.61  151.20                  -35.00
    2   9342 201K 202E C   N    1540 1542  -62.45  -69.30   40.30    2.83   54.60  131.71   11.15
    2        202E 202E N   CA   1542 1543  102.79  142.50                   42.40


report______> Distribution of short non-bonded contacts:


DISTANCE1:  0.00 2.10 2.20 2.30 2.40 2.50 2.60 2.70 2.80 2.90 3.00 3.10 3.20 3.30 3.40
DISTANCE2:  2.10 2.20 2.30 2.40 2.50 2.60 2.70 2.80 2.90 3.00 3.10 3.20 3.30 3.40 3.50
FREQUENCY:     0    0    0    0    0    8   25   65  171  229  210  303  423  426  454


<< end of ENERGY.
openf___224_> Open           TvLDH.B99990006.pdb
wrpdb___568_> Residues, atoms, selected atoms:      333     2597     2597
openf___224_> Open           TvLDH.ini

Dynamically allocated memory at       amaxmodel [B,KiB,MiB]:     19327397   18874.410    18.432
read_mo_297_> Segments, residues, atoms:        1      333     2597
read_mo_298_> Segment:        1  1:A  333:A     2597
randomi_498_> Atoms,selected atoms,random_seed,amplitude:     2597     2597        1        4.0000
randomi_496_> Amplitude is > 0; randomization is done.
pick_re_612_> Number of MODEL atoms, selected restraints;     2597    16961
pick_re_612_> Number of MODEL atoms, selected restraints;     2597    19413
pick_re_612_> Number of MODEL atoms, selected restraints;     2597    20622
pick_re_612_> Number of MODEL atoms, selected restraints;     2597    22064
pick_re_612_> Number of MODEL atoms, selected restraints;     2597    23527
pick_re_612_> Number of MODEL atoms, selected restraints;     2597    25658
pick_re_612_> Number of MODEL atoms, selected restraints;     2597    28646
pick_re_612_> Number of MODEL atoms, selected restraints;     2597    29733
pick_re_612_> Number of MODEL atoms, selected restraints;     2597    31075
pick_re_612_> Number of MODEL atoms, selected restraints;     2597    32493
pick_re_612_> Number of MODEL atoms, selected restraints;     2597    33340
pick_re_612_> Number of MODEL atoms, selected restraints;     2597    33340
iupac_m_486_> OE1/2 will be swapped:      166.1850        3  3
iupac_m_483_> CD1/2 CE1/2 swapped:       90.6031       18  18
iupac_m_397W> Atoms were not swapped because of the uncertainty of how to handle the H atom.
iupac_m_484W> Dihedral still outside +-90:      -90.0933
iupac_m_487_> NH1/2 swapped:     -174.6259       33  33
iupac_m_487_> NH1/2 swapped:     -179.6987       48  48
iupac_m_483_> CD1/2 CE1/2 swapped:      -90.7275      151  151
iupac_m_397W> Atoms were not swapped because of the uncertainty of how to handle the H atom.
iupac_m_485_> OD1/2 will be swapped:      102.9823      158  158
iupac_m_486_> OE1/2 will be swapped:     -160.5608      188  188
iupac_m_485_> OD1/2 will be swapped:     -137.4291      213  213
iupac_m_485_> OD1/2 will be swapped:      113.1992      219  219
iupac_m_486_> OE1/2 will be swapped:     -144.7471      301  301
iupac_m_486_> OE1/2 will be swapped:      110.2824      325  325
>> Model assessment by DOPE potential
iatmcls_286W> MODEL atom not classified:  GLN:OXT  GLN


>> ENERGY; Differences between the model's features and restraints:
Number of all residues in MODEL                   :      333
Number of all, selected real atoms                :     2597    2597
Number of all, selected pseudo atoms              :        0       0
Number of all static, selected restraints         :    33340   33340
COVALENT_CYS                                      :        F
NONBONDED_SEL_ATOMS                               :        1
Number of non-bonded pairs (excluding 1-2,1-3,1-4):   519822
Dynamic pairs routine                             : 1, NATM x NATM double loop
Atomic shift for contacts update (UPDATE_DYNAMIC) :    0.390
LENNARD_JONES_SWITCH                              :    6.500   7.500
COULOMB_JONES_SWITCH                              :    6.500   7.500
RESIDUE_SPAN_RANGE                                :        1    9999
NLOGN_USE                                         :       15
CONTACT_SHELL                                     :   15.000
DYNAMIC_PAIRS,_SPHERE,_COULOMB,_LENNARD,_MODELLER :        T       F       F       F       T
SPHERE_STDV                                       :    0.050
RADII_FACTOR                                      :    0.820
Current energy                                    :      -41330.6484




<< end of ENERGY.
DOPE score               : -41330.648438
>> Model assessment by GA341 potential

Surface library          : /opt/miniconda3/envs/md-311/lib/modeller-10.7/modlib/surf5.de
Pair library             : /opt/miniconda3/envs/md-311/lib/modeller-10.7/modlib/pair9.de
Chain identifier         : _
% sequence identity      :    99.699997
Sequence length          :          333
Compactness              :     0.293157
Native energy (pair)     :  -457.985246
Native energy (surface)  :   -21.224824
Native energy (combined) :   -12.359641
Z score (pair)           :    -9.434980
Z score (surface)        :    -8.049693
Z score (combined)       :   -11.632225
GA341 score              :     1.000000



>> ENERGY; Differences between the model's features and restraints:
Number of all residues in MODEL                   :      333
Number of all, selected real atoms                :     2597    2597
Number of all, selected pseudo atoms              :        0       0
Number of all static, selected restraints         :    33340   33340
COVALENT_CYS                                      :        F
NONBONDED_SEL_ATOMS                               :        1
Number of non-bonded pairs (excluding 1-2,1-3,1-4):     5731
Dynamic pairs routine                             : 2, NATM x NATM cell sorting
Atomic shift for contacts update (UPDATE_DYNAMIC) :    0.390
LENNARD_JONES_SWITCH                              :    6.500   7.500
COULOMB_JONES_SWITCH                              :    6.500   7.500
RESIDUE_SPAN_RANGE                                :        0   99999
NLOGN_USE                                         :       15
CONTACT_SHELL                                     :    4.000
DYNAMIC_PAIRS,_SPHERE,_COULOMB,_LENNARD,_MODELLER :        T       T       F       F       F
SPHERE_STDV                                       :    0.050
RADII_FACTOR                                      :    0.820
Current energy                                    :        1536.8182





Summary of the restraint violations: 

   NUM     ... number of restraints.
   NUMVI   ... number of restraints with RVIOL > VIOL_REPORT_CUT[i].
   RVIOL   ... relative difference from the best value.
   NUMVP   ... number of restraints with -Ln(pdf) > VIOL_REPORT_CUT2[i].
   RMS_1   ... RMS(feature, minimally_violated_basis_restraint, NUMB).
   RMS_2   ... RMS(feature, best_value, NUMB).
   MOL.PDF ... scaled contribution to -Ln(Molecular pdf).

 #                     RESTRAINT_GROUP      NUM   NUMVI  NUMVP   RMS_1   RMS_2         MOL.PDF     S_i
------------------------------------------------------------------------------------------------------
 1 Bond length potential              :    2663       0      0   0.005   0.005      18.691       1.000
 2 Bond angle potential               :    3615       1     11   2.026   2.026      294.16       1.000
 3 Stereochemical cosine torsion poten:    1744       0     34  44.779  44.779      539.41       1.000
 4 Stereochemical improper torsion pot:    1119       1      1   1.378   1.378      44.174       1.000
 5 Soft-sphere overlap restraints     :    5731       0      0   0.002   0.002      2.5881       1.000
 6 Lennard-Jones 6-12 potential       :       0       0      0   0.000   0.000      0.0000       1.000
 7 Coulomb point-point electrostatic p:       0       0      0   0.000   0.000      0.0000       1.000
 8 H-bonding potential                :       0       0      0   0.000   0.000      0.0000       1.000
 9 Distance restraints 1 (CA-CA)      :    7108       0      0   0.097   0.097      82.656       1.000
10 Distance restraints 2 (N-O)        :    7212       0      0   0.139   0.139      136.47       1.000
11 Mainchain Phi dihedral restraints  :       0       0      0   0.000   0.000      0.0000       1.000
12 Mainchain Psi dihedral restraints  :       0       0      0   0.000   0.000      0.0000       1.000
13 Mainchain Omega dihedral restraints:     332       1      5   4.735   4.735      86.621       1.000
14 Sidechain Chi_1 dihedral restraints:     279       0      0  41.679  41.679      1.6011       1.000
15 Sidechain Chi_2 dihedral restraints:     214       0      0  55.860  55.860      54.342       1.000
16 Sidechain Chi_3 dihedral restraints:      84       0      0  47.232  47.232      39.970       1.000
17 Sidechain Chi_4 dihedral restraints:      32       0      0  81.032  81.032      22.213       1.000
18 Disulfide distance restraints      :       0       0      0   0.000   0.000      0.0000       1.000
19 Disulfide angle restraints         :       0       0      0   0.000   0.000      0.0000       1.000
20 Disulfide dihedral angle restraints:       0       0      0   0.000   0.000      0.0000       1.000
21 Lower bound distance restraints    :       0       0      0   0.000   0.000      0.0000       1.000
22 Upper bound distance restraints    :       0       0      0   0.000   0.000      0.0000       1.000
23 Distance restraints 3 (SDCH-MNCH)  :    5323       0      0   0.319   0.319      105.05       1.000
24 Sidechain Chi_5 dihedral restraints:       0       0      0   0.000   0.000      0.0000       1.000
25 Phi/Psi pair of dihedral restraints:     331       3     21  20.484  24.298     -60.306       1.000
26 Distance restraints 4 (SDCH-SDCH)  :    3284       0      1   0.605   0.605      169.18       1.000
27 Distance restraints 5 (X-Y)        :       0       0      0   0.000   0.000      0.0000       1.000
28 NMR distance restraints 6 (X-Y)    :       0       0      0   0.000   0.000      0.0000       1.000
29 NMR distance restraints 7 (X-Y)    :       0       0      0   0.000   0.000      0.0000       1.000
30 Minimal distance restraints        :       0       0      0   0.000   0.000      0.0000       1.000
31 Non-bonded restraints              :       0       0      0   0.000   0.000      0.0000       1.000
32 Atomic accessibility restraints    :       0       0      0   0.000   0.000      0.0000       1.000
33 Atomic density restraints          :       0       0      0   0.000   0.000      0.0000       1.000
34 Absolute position restraints       :       0       0      0   0.000   0.000      0.0000       1.000
35 Dihedral angle difference restraint:       0       0      0   0.000   0.000      0.0000       1.000
36 GBSA implicit solvent potential    :       0       0      0   0.000   0.000      0.0000       1.000
37 EM density fitting potential       :       0       0      0   0.000   0.000      0.0000       1.000
38 SAXS restraints                    :       0       0      0   0.000   0.000      0.0000       1.000
39 Symmetry restraints                :       0       0      0   0.000   0.000      0.0000       1.000



openf___224_> Open           TvLDH.V99990007
# Heavy relative violation of each residue is written to: TvLDH.V99990007
# The profile is NOT normalized by the number of restraints.
# The profiles are smoothed over a window of residues:    1
# The sum of all numbers in the file:   23650.3145



List of the violated restraints:
   A restraint is violated when the relative difference
   from the best value (RVIOL) is larger than CUTOFF.

   ICSR   ... index of a restraint in the current set.
   RESNO  ... residue numbers of the first two atoms.
   ATM    ... IUPAC atom names of the first two atoms.
   FEAT   ... the value of the feature in the model.
   restr  ... the mean of the basis restraint with the smallest
              difference from the model (local minimum).
   viol   ... difference from the local minimum.
   rviol  ... relative difference from the local minimum.
   RESTR  ... the best value (global minimum).
   VIOL   ... difference from the best value.
   RVIOL  ... relative difference from the best value.


-------------------------------------------------------------------------------------------------

Feature  2                           : Bond angle potential                    
List of the RVIOL violations larger than   :       4.5000

    #   ICSR  RESNO1/2 ATM1/2   INDATM1/2    FEAT   restr    viol   rviol   RESTR    VIOL   RVIOL
    1   4031 130N 130N N   CA    980  981  129.50  107.00   22.50    6.47  107.00   22.50    6.47

-------------------------------------------------------------------------------------------------

Feature 25                           : Phi/Psi pair of dihedral restraints     
List of the RVIOL violations larger than   :       6.5000

    #   ICSR  RESNO1/2 ATM1/2   INDATM1/2    FEAT   restr    viol   rviol   RESTR    VIOL   RVIOL
    1   9142   1M   2S C   N       7    9  -88.09  -72.40   29.38    1.34  -64.10  149.70   12.43
    1          2S   2S N   CA      9   10  177.24  152.40                  -35.00
    2   9270 129G 130N C   N     978  980  168.43 -119.90  133.43    4.27  -71.20  160.89    8.78
    2        130N 130N N   CA    980  981 -110.45  137.00                  142.80
    3   9342 201K 202E C   N    1540 1542  -57.53  -69.30   44.24    2.95   54.60  125.99   10.70
    3        202E 202E N   CA   1542 1543   99.86  142.50                   42.40


report______> Distribution of short non-bonded contacts:


DISTANCE1:  0.00 2.10 2.20 2.30 2.40 2.50 2.60 2.70 2.80 2.90 3.00 3.10 3.20 3.30 3.40
DISTANCE2:  2.10 2.20 2.30 2.40 2.50 2.60 2.70 2.80 2.90 3.00 3.10 3.20 3.30 3.40 3.50
FREQUENCY:     0    0    0    0    0    9   30   65  185  219  220  300  415  442  457


<< end of ENERGY.
openf___224_> Open           TvLDH.B99990007.pdb
wrpdb___568_> Residues, atoms, selected atoms:      333     2597     2597
openf___224_> Open           TvLDH.ini

Dynamically allocated memory at       amaxmodel [B,KiB,MiB]:     19327397   18874.410    18.432
read_mo_297_> Segments, residues, atoms:        1      333     2597
read_mo_298_> Segment:        1  1:A  333:A     2597
randomi_498_> Atoms,selected atoms,random_seed,amplitude:     2597     2597        1        4.0000
randomi_496_> Amplitude is > 0; randomization is done.
pick_re_612_> Number of MODEL atoms, selected restraints;     2597    16961
pick_re_612_> Number of MODEL atoms, selected restraints;     2597    19413
pick_re_612_> Number of MODEL atoms, selected restraints;     2597    20622
pick_re_612_> Number of MODEL atoms, selected restraints;     2597    22064
pick_re_612_> Number of MODEL atoms, selected restraints;     2597    23527
pick_re_612_> Number of MODEL atoms, selected restraints;     2597    25658
pick_re_612_> Number of MODEL atoms, selected restraints;     2597    28646
pick_re_612_> Number of MODEL atoms, selected restraints;     2597    29733
pick_re_612_> Number of MODEL atoms, selected restraints;     2597    31075
pick_re_612_> Number of MODEL atoms, selected restraints;     2597    32493
pick_re_612_> Number of MODEL atoms, selected restraints;     2597    33340
pick_re_612_> Number of MODEL atoms, selected restraints;     2597    33340
iupac_m_487_> NH1/2 swapped:     -175.6167       33  33
iupac_m_487_> NH1/2 swapped:      179.8231       48  48
iupac_m_486_> OE1/2 will be swapped:      115.3227       55  55
iupac_m_486_> OE1/2 will be swapped:     -179.0650       57  57
iupac_m_485_> OD1/2 will be swapped:      115.0590      158  158
iupac_m_487_> NH1/2 swapped:      179.1429      161  161
iupac_m_483_> CD1/2 CE1/2 swapped:      -91.4784      163  163
iupac_m_397W> Atoms were not swapped because of the uncertainty of how to handle the H atom.
iupac_m_486_> OE1/2 will be swapped:     -121.5004      188  188
iupac_m_485_> OD1/2 will be swapped:     -125.8075      213  213
iupac_m_485_> OD1/2 will be swapped:      115.2762      307  307
iupac_m_487_> NH1/2 swapped:     -177.4038      310  310
>> Model assessment by DOPE potential
iatmcls_286W> MODEL atom not classified:  GLN:OXT  GLN


>> ENERGY; Differences between the model's features and restraints:
Number of all residues in MODEL                   :      333
Number of all, selected real atoms                :     2597    2597
Number of all, selected pseudo atoms              :        0       0
Number of all static, selected restraints         :    33340   33340
COVALENT_CYS                                      :        F
NONBONDED_SEL_ATOMS                               :        1
Number of non-bonded pairs (excluding 1-2,1-3,1-4):   518304
Dynamic pairs routine                             : 1, NATM x NATM double loop
Atomic shift for contacts update (UPDATE_DYNAMIC) :    0.390
LENNARD_JONES_SWITCH                              :    6.500   7.500
COULOMB_JONES_SWITCH                              :    6.500   7.500
RESIDUE_SPAN_RANGE                                :        1    9999
NLOGN_USE                                         :       15
CONTACT_SHELL                                     :   15.000
DYNAMIC_PAIRS,_SPHERE,_COULOMB,_LENNARD,_MODELLER :        T       F       F       F       T
SPHERE_STDV                                       :    0.050
RADII_FACTOR                                      :    0.820
Current energy                                    :      -41399.4727




<< end of ENERGY.
DOPE score               : -41399.472656
>> Model assessment by GA341 potential

Surface library          : /opt/miniconda3/envs/md-311/lib/modeller-10.7/modlib/surf5.de
Pair library             : /opt/miniconda3/envs/md-311/lib/modeller-10.7/modlib/pair9.de
Chain identifier         : _
% sequence identity      :    99.699997
Sequence length          :          333
Compactness              :     0.293474
Native energy (pair)     :  -459.539615
Native energy (surface)  :   -21.539235
Native energy (combined) :   -12.405331
Z score (pair)           :    -9.148220
Z score (surface)        :    -8.126993
Z score (combined)       :   -11.476747
GA341 score              :     1.000000



>> ENERGY; Differences between the model's features and restraints:
Number of all residues in MODEL                   :      333
Number of all, selected real atoms                :     2597    2597
Number of all, selected pseudo atoms              :        0       0
Number of all static, selected restraints         :    33340   33340
COVALENT_CYS                                      :        F
NONBONDED_SEL_ATOMS                               :        1
Number of non-bonded pairs (excluding 1-2,1-3,1-4):     5683
Dynamic pairs routine                             : 2, NATM x NATM cell sorting
Atomic shift for contacts update (UPDATE_DYNAMIC) :    0.390
LENNARD_JONES_SWITCH                              :    6.500   7.500
COULOMB_JONES_SWITCH                              :    6.500   7.500
RESIDUE_SPAN_RANGE                                :        0   99999
NLOGN_USE                                         :       15
CONTACT_SHELL                                     :    4.000
DYNAMIC_PAIRS,_SPHERE,_COULOMB,_LENNARD,_MODELLER :        T       T       F       F       F
SPHERE_STDV                                       :    0.050
RADII_FACTOR                                      :    0.820
Current energy                                    :        1376.6268





Summary of the restraint violations: 

   NUM     ... number of restraints.
   NUMVI   ... number of restraints with RVIOL > VIOL_REPORT_CUT[i].
   RVIOL   ... relative difference from the best value.
   NUMVP   ... number of restraints with -Ln(pdf) > VIOL_REPORT_CUT2[i].
   RMS_1   ... RMS(feature, minimally_violated_basis_restraint, NUMB).
   RMS_2   ... RMS(feature, best_value, NUMB).
   MOL.PDF ... scaled contribution to -Ln(Molecular pdf).

 #                     RESTRAINT_GROUP      NUM   NUMVI  NUMVP   RMS_1   RMS_2         MOL.PDF     S_i
------------------------------------------------------------------------------------------------------
 1 Bond length potential              :    2663       0      0   0.005   0.005      18.154       1.000
 2 Bond angle potential               :    3615       0      6   1.938   1.938      271.01       1.000
 3 Stereochemical cosine torsion poten:    1744       0     38  44.897  44.897      540.67       1.000
 4 Stereochemical improper torsion pot:    1119       0      0   1.135   1.135      32.205       1.000
 5 Soft-sphere overlap restraints     :    5683       0      0   0.001   0.001     0.61116       1.000
 6 Lennard-Jones 6-12 potential       :       0       0      0   0.000   0.000      0.0000       1.000
 7 Coulomb point-point electrostatic p:       0       0      0   0.000   0.000      0.0000       1.000
 8 H-bonding potential                :       0       0      0   0.000   0.000      0.0000       1.000
 9 Distance restraints 1 (CA-CA)      :    7108       0      0   0.079   0.079      53.718       1.000
10 Distance restraints 2 (N-O)        :    7212       0      3   0.132   0.132      119.38       1.000
11 Mainchain Phi dihedral restraints  :       0       0      0   0.000   0.000      0.0000       1.000
12 Mainchain Psi dihedral restraints  :       0       0      0   0.000   0.000      0.0000       1.000
13 Mainchain Omega dihedral restraints:     332       0      4   4.312   4.312      72.121       1.000
14 Sidechain Chi_1 dihedral restraints:     279       0      0  42.288  42.288     -4.7029       1.000
15 Sidechain Chi_2 dihedral restraints:     214       0      0  55.514  55.514      50.030       1.000
16 Sidechain Chi_3 dihedral restraints:      84       0      1  63.089  63.089      54.215       1.000
17 Sidechain Chi_4 dihedral restraints:      32       0      0  83.925  83.925      22.401       1.000
18 Disulfide distance restraints      :       0       0      0   0.000   0.000      0.0000       1.000
19 Disulfide angle restraints         :       0       0      0   0.000   0.000      0.0000       1.000
20 Disulfide dihedral angle restraints:       0       0      0   0.000   0.000      0.0000       1.000
21 Lower bound distance restraints    :       0       0      0   0.000   0.000      0.0000       1.000
22 Upper bound distance restraints    :       0       0      0   0.000   0.000      0.0000       1.000
23 Distance restraints 3 (SDCH-MNCH)  :    5323       0      0   0.278   0.278      76.669       1.000
24 Sidechain Chi_5 dihedral restraints:       0       0      0   0.000   0.000      0.0000       1.000
25 Phi/Psi pair of dihedral restraints:     331       4     19  19.411  25.497     -70.374       1.000
26 Distance restraints 4 (SDCH-SDCH)  :    3284       0      0   0.551   0.551      140.51       1.000
27 Distance restraints 5 (X-Y)        :       0       0      0   0.000   0.000      0.0000       1.000
28 NMR distance restraints 6 (X-Y)    :       0       0      0   0.000   0.000      0.0000       1.000
29 NMR distance restraints 7 (X-Y)    :       0       0      0   0.000   0.000      0.0000       1.000
30 Minimal distance restraints        :       0       0      0   0.000   0.000      0.0000       1.000
31 Non-bonded restraints              :       0       0      0   0.000   0.000      0.0000       1.000
32 Atomic accessibility restraints    :       0       0      0   0.000   0.000      0.0000       1.000
33 Atomic density restraints          :       0       0      0   0.000   0.000      0.0000       1.000
34 Absolute position restraints       :       0       0      0   0.000   0.000      0.0000       1.000
35 Dihedral angle difference restraint:       0       0      0   0.000   0.000      0.0000       1.000
36 GBSA implicit solvent potential    :       0       0      0   0.000   0.000      0.0000       1.000
37 EM density fitting potential       :       0       0      0   0.000   0.000      0.0000       1.000
38 SAXS restraints                    :       0       0      0   0.000   0.000      0.0000       1.000
39 Symmetry restraints                :       0       0      0   0.000   0.000      0.0000       1.000



openf___224_> Open           TvLDH.V99990008
# Heavy relative violation of each residue is written to: TvLDH.V99990008
# The profile is NOT normalized by the number of restraints.
# The profiles are smoothed over a window of residues:    1
# The sum of all numbers in the file:   23392.8516



List of the violated restraints:
   A restraint is violated when the relative difference
   from the best value (RVIOL) is larger than CUTOFF.

   ICSR   ... index of a restraint in the current set.
   RESNO  ... residue numbers of the first two atoms.
   ATM    ... IUPAC atom names of the first two atoms.
   FEAT   ... the value of the feature in the model.
   restr  ... the mean of the basis restraint with the smallest
              difference from the model (local minimum).
   viol   ... difference from the local minimum.
   rviol  ... relative difference from the local minimum.
   RESTR  ... the best value (global minimum).
   VIOL   ... difference from the best value.
   RVIOL  ... relative difference from the best value.


-------------------------------------------------------------------------------------------------

Feature 25                           : Phi/Psi pair of dihedral restraints     
List of the RVIOL violations larger than   :       6.5000

    #   ICSR  RESNO1/2 ATM1/2   INDATM1/2    FEAT   restr    viol   rviol   RESTR    VIOL   RVIOL
    1   9142   1M   2S C   N       7    9  -76.17  -72.40   23.91    1.28  -64.10  149.48   11.59
    1          2S   2S N   CA      9   10  176.01  152.40                  -35.00
    2   9285 144K 145N C   N    1092 1094 -100.80  -63.20   84.60    9.13  -63.20   84.60    9.13
    2        145N 145N N   CA   1094 1095   34.69  -41.10                  -41.10
    3   9401 260A 261P C   N    2016 2018  -57.43  -58.70   11.89    0.88  -64.50  170.63   13.11
    3        261P 261P N   CA   2018 2019  -42.32  -30.50                  147.20
    4   9402 261P 262G C   N    2023 2025  -81.62  -62.40   23.09    3.45   82.20  167.93   12.40
    4        262G 262G N   CA   2025 2026  -28.41  -41.20                    8.50


report______> Distribution of short non-bonded contacts:


DISTANCE1:  0.00 2.10 2.20 2.30 2.40 2.50 2.60 2.70 2.80 2.90 3.00 3.10 3.20 3.30 3.40
DISTANCE2:  2.10 2.20 2.30 2.40 2.50 2.60 2.70 2.80 2.90 3.00 3.10 3.20 3.30 3.40 3.50
FREQUENCY:     0    0    0    0    0    8   28   77  170  227  208  320  410  463  446


<< end of ENERGY.
openf___224_> Open           TvLDH.B99990008.pdb
wrpdb___568_> Residues, atoms, selected atoms:      333     2597     2597
openf___224_> Open           TvLDH.ini

Dynamically allocated memory at       amaxmodel [B,KiB,MiB]:     19327397   18874.410    18.432
read_mo_297_> Segments, residues, atoms:        1      333     2597
read_mo_298_> Segment:        1  1:A  333:A     2597
randomi_498_> Atoms,selected atoms,random_seed,amplitude:     2597     2597        1        4.0000
randomi_496_> Amplitude is > 0; randomization is done.
pick_re_612_> Number of MODEL atoms, selected restraints;     2597    16961
pick_re_612_> Number of MODEL atoms, selected restraints;     2597    19413
pick_re_612_> Number of MODEL atoms, selected restraints;     2597    20622
pick_re_612_> Number of MODEL atoms, selected restraints;     2597    22064
pick_re_612_> Number of MODEL atoms, selected restraints;     2597    23527
pick_re_612_> Number of MODEL atoms, selected restraints;     2597    25658
pick_re_612_> Number of MODEL atoms, selected restraints;     2597    28646
pick_re_612_> Number of MODEL atoms, selected restraints;     2597    29733
pick_re_612_> Number of MODEL atoms, selected restraints;     2597    31075
pick_re_612_> Number of MODEL atoms, selected restraints;     2597    32493
pick_re_612_> Number of MODEL atoms, selected restraints;     2597    33340
pick_re_612_> Number of MODEL atoms, selected restraints;     2597    33340
iupac_m_486_> OE1/2 will be swapped:     -165.8259        3  3
iupac_m_483_> CD1/2 CE1/2 swapped:       94.1449       77  77
iupac_m_397W> Atoms were not swapped because of the uncertainty of how to handle the H atom.
iupac_m_485_> OD1/2 will be swapped:      175.3824       79  79
iupac_m_483_> CD1/2 CE1/2 swapped:      -94.7702      151  151
iupac_m_397W> Atoms were not swapped because of the uncertainty of how to handle the H atom.
iupac_m_485_> OD1/2 will be swapped:      113.0824      158  158
iupac_m_487_> NH1/2 swapped:     -176.5591      161  161
iupac_m_486_> OE1/2 will be swapped:     -166.5342      202  202
iupac_m_485_> OD1/2 will be swapped:      120.4411      215  215
iupac_m_486_> OE1/2 will be swapped:      138.1177      273  273
iupac_m_486_> OE1/2 will be swapped:     -142.1999      301  301
iupac_m_483_> CD1/2 CE1/2 swapped:      -91.0247      321  321
iupac_m_397W> Atoms were not swapped because of the uncertainty of how to handle the H atom.
>> Model assessment by DOPE potential
iatmcls_286W> MODEL atom not classified:  GLN:OXT  GLN


>> ENERGY; Differences between the model's features and restraints:
Number of all residues in MODEL                   :      333
Number of all, selected real atoms                :     2597    2597
Number of all, selected pseudo atoms              :        0       0
Number of all static, selected restraints         :    33340   33340
COVALENT_CYS                                      :        F
NONBONDED_SEL_ATOMS                               :        1
Number of non-bonded pairs (excluding 1-2,1-3,1-4):   518518
Dynamic pairs routine                             : 1, NATM x NATM double loop
Atomic shift for contacts update (UPDATE_DYNAMIC) :    0.390
LENNARD_JONES_SWITCH                              :    6.500   7.500
COULOMB_JONES_SWITCH                              :    6.500   7.500
RESIDUE_SPAN_RANGE                                :        1    9999
NLOGN_USE                                         :       15
CONTACT_SHELL                                     :   15.000
DYNAMIC_PAIRS,_SPHERE,_COULOMB,_LENNARD,_MODELLER :        T       F       F       F       T
SPHERE_STDV                                       :    0.050
RADII_FACTOR                                      :    0.820
Current energy                                    :      -41037.4883




<< end of ENERGY.
DOPE score               : -41037.488281
>> Model assessment by GA341 potential

Surface library          : /opt/miniconda3/envs/md-311/lib/modeller-10.7/modlib/surf5.de
Pair library             : /opt/miniconda3/envs/md-311/lib/modeller-10.7/modlib/pair9.de
Chain identifier         : _
% sequence identity      :    99.699997
Sequence length          :          333
Compactness              :     0.297178
Native energy (pair)     :  -445.160752
Native energy (surface)  :   -21.010073
Native energy (combined) :   -12.285332
Z score (pair)           :    -9.464768
Z score (surface)        :    -8.211020
Z score (combined)       :   -11.767407
GA341 score              :     1.000000



>> ENERGY; Differences between the model's features and restraints:
Number of all residues in MODEL                   :      333
Number of all, selected real atoms                :     2597    2597
Number of all, selected pseudo atoms              :        0       0
Number of all static, selected restraints         :    33340   33340
COVALENT_CYS                                      :        F
NONBONDED_SEL_ATOMS                               :        1
Number of non-bonded pairs (excluding 1-2,1-3,1-4):     5648
Dynamic pairs routine                             : 2, NATM x NATM cell sorting
Atomic shift for contacts update (UPDATE_DYNAMIC) :    0.390
LENNARD_JONES_SWITCH                              :    6.500   7.500
COULOMB_JONES_SWITCH                              :    6.500   7.500
RESIDUE_SPAN_RANGE                                :        0   99999
NLOGN_USE                                         :       15
CONTACT_SHELL                                     :    4.000
DYNAMIC_PAIRS,_SPHERE,_COULOMB,_LENNARD,_MODELLER :        T       T       F       F       F
SPHERE_STDV                                       :    0.050
RADII_FACTOR                                      :    0.820
Current energy                                    :        1504.6366





Summary of the restraint violations: 

   NUM     ... number of restraints.
   NUMVI   ... number of restraints with RVIOL > VIOL_REPORT_CUT[i].
   RVIOL   ... relative difference from the best value.
   NUMVP   ... number of restraints with -Ln(pdf) > VIOL_REPORT_CUT2[i].
   RMS_1   ... RMS(feature, minimally_violated_basis_restraint, NUMB).
   RMS_2   ... RMS(feature, best_value, NUMB).
   MOL.PDF ... scaled contribution to -Ln(Molecular pdf).

 #                     RESTRAINT_GROUP      NUM   NUMVI  NUMVP   RMS_1   RMS_2         MOL.PDF     S_i
------------------------------------------------------------------------------------------------------
 1 Bond length potential              :    2663       0      0   0.005   0.005      19.918       1.000
 2 Bond angle potential               :    3615       0      6   1.969   1.969      278.09       1.000
 3 Stereochemical cosine torsion poten:    1744       0     36  44.773  44.773      543.83       1.000
 4 Stereochemical improper torsion pot:    1119       0      0   1.195   1.195      34.866       1.000
 5 Soft-sphere overlap restraints     :    5648       0      0   0.001   0.001     0.47522       1.000
 6 Lennard-Jones 6-12 potential       :       0       0      0   0.000   0.000      0.0000       1.000
 7 Coulomb point-point electrostatic p:       0       0      0   0.000   0.000      0.0000       1.000
 8 H-bonding potential                :       0       0      0   0.000   0.000      0.0000       1.000
 9 Distance restraints 1 (CA-CA)      :    7108       0      0   0.080   0.080      56.430       1.000
10 Distance restraints 2 (N-O)        :    7212       0      1   0.125   0.125      110.46       1.000
11 Mainchain Phi dihedral restraints  :       0       0      0   0.000   0.000      0.0000       1.000
12 Mainchain Psi dihedral restraints  :       0       0      0   0.000   0.000      0.0000       1.000
13 Mainchain Omega dihedral restraints:     332       0      3   4.317   4.317      72.263       1.000
14 Sidechain Chi_1 dihedral restraints:     279       0      4  48.570  48.570      20.334       1.000
15 Sidechain Chi_2 dihedral restraints:     214       0      3  54.387  54.387      56.300       1.000
16 Sidechain Chi_3 dihedral restraints:      84       0      0  63.022  63.022      49.532       1.000
17 Sidechain Chi_4 dihedral restraints:      32       0      0  77.566  77.566      20.278       1.000
18 Disulfide distance restraints      :       0       0      0   0.000   0.000      0.0000       1.000
19 Disulfide angle restraints         :       0       0      0   0.000   0.000      0.0000       1.000
20 Disulfide dihedral angle restraints:       0       0      0   0.000   0.000      0.0000       1.000
21 Lower bound distance restraints    :       0       0      0   0.000   0.000      0.0000       1.000
22 Upper bound distance restraints    :       0       0      0   0.000   0.000      0.0000       1.000
23 Distance restraints 3 (SDCH-MNCH)  :    5323       0      0   0.330   0.330      110.71       1.000
24 Sidechain Chi_5 dihedral restraints:       0       0      0   0.000   0.000      0.0000       1.000
25 Phi/Psi pair of dihedral restraints:     331       1     17  18.803  21.542     -79.437       1.000
26 Distance restraints 4 (SDCH-SDCH)  :    3284       0      7   0.670   0.670      210.59       1.000
27 Distance restraints 5 (X-Y)        :       0       0      0   0.000   0.000      0.0000       1.000
28 NMR distance restraints 6 (X-Y)    :       0       0      0   0.000   0.000      0.0000       1.000
29 NMR distance restraints 7 (X-Y)    :       0       0      0   0.000   0.000      0.0000       1.000
30 Minimal distance restraints        :       0       0      0   0.000   0.000      0.0000       1.000
31 Non-bonded restraints              :       0       0      0   0.000   0.000      0.0000       1.000
32 Atomic accessibility restraints    :       0       0      0   0.000   0.000      0.0000       1.000
33 Atomic density restraints          :       0       0      0   0.000   0.000      0.0000       1.000
34 Absolute position restraints       :       0       0      0   0.000   0.000      0.0000       1.000
35 Dihedral angle difference restraint:       0       0      0   0.000   0.000      0.0000       1.000
36 GBSA implicit solvent potential    :       0       0      0   0.000   0.000      0.0000       1.000
37 EM density fitting potential       :       0       0      0   0.000   0.000      0.0000       1.000
38 SAXS restraints                    :       0       0      0   0.000   0.000      0.0000       1.000
39 Symmetry restraints                :       0       0      0   0.000   0.000      0.0000       1.000



openf___224_> Open           TvLDH.V99990009
# Heavy relative violation of each residue is written to: TvLDH.V99990009
# The profile is NOT normalized by the number of restraints.
# The profiles are smoothed over a window of residues:    1
# The sum of all numbers in the file:   24543.0410



List of the violated restraints:
   A restraint is violated when the relative difference
   from the best value (RVIOL) is larger than CUTOFF.

   ICSR   ... index of a restraint in the current set.
   RESNO  ... residue numbers of the first two atoms.
   ATM    ... IUPAC atom names of the first two atoms.
   FEAT   ... the value of the feature in the model.
   restr  ... the mean of the basis restraint with the smallest
              difference from the model (local minimum).
   viol   ... difference from the local minimum.
   rviol  ... relative difference from the local minimum.
   RESTR  ... the best value (global minimum).
   VIOL   ... difference from the best value.
   RVIOL  ... relative difference from the best value.


-------------------------------------------------------------------------------------------------

Feature 25                           : Phi/Psi pair of dihedral restraints     
List of the RVIOL violations larger than   :       6.5000

    #   ICSR  RESNO1/2 ATM1/2   INDATM1/2    FEAT   restr    viol   rviol   RESTR    VIOL   RVIOL
    1   9142   1M   2S C   N       7    9  -71.89  -72.40   10.78    0.65  -64.10  162.01   12.22
    1          2S   2S N   CA      9   10  163.17  152.40                  -35.00


report______> Distribution of short non-bonded contacts:


DISTANCE1:  0.00 2.10 2.20 2.30 2.40 2.50 2.60 2.70 2.80 2.90 3.00 3.10 3.20 3.30 3.40
DISTANCE2:  2.10 2.20 2.30 2.40 2.50 2.60 2.70 2.80 2.90 3.00 3.10 3.20 3.30 3.40 3.50
FREQUENCY:     0    0    0    0    0    9   30   62  174  217  254  283  410  456  467


<< end of ENERGY.
openf___224_> Open           TvLDH.B99990009.pdb
wrpdb___568_> Residues, atoms, selected atoms:      333     2597     2597
openf___224_> Open           TvLDH.ini

Dynamically allocated memory at       amaxmodel [B,KiB,MiB]:     19327397   18874.410    18.432
read_mo_297_> Segments, residues, atoms:        1      333     2597
read_mo_298_> Segment:        1  1:A  333:A     2597
randomi_498_> Atoms,selected atoms,random_seed,amplitude:     2597     2597        1        4.0000
randomi_496_> Amplitude is > 0; randomization is done.
pick_re_612_> Number of MODEL atoms, selected restraints;     2597    16961
pick_re_612_> Number of MODEL atoms, selected restraints;     2597    19413
pick_re_612_> Number of MODEL atoms, selected restraints;     2597    20622
pick_re_612_> Number of MODEL atoms, selected restraints;     2597    22064
pick_re_612_> Number of MODEL atoms, selected restraints;     2597    23527
pick_re_612_> Number of MODEL atoms, selected restraints;     2597    25658
pick_re_612_> Number of MODEL atoms, selected restraints;     2597    28646
pick_re_612_> Number of MODEL atoms, selected restraints;     2597    29733
pick_re_612_> Number of MODEL atoms, selected restraints;     2597    31075
pick_re_612_> Number of MODEL atoms, selected restraints;     2597    32493
pick_re_612_> Number of MODEL atoms, selected restraints;     2597    33340
pick_re_612_> Number of MODEL atoms, selected restraints;     2597    33340
iupac_m_486_> OE1/2 will be swapped:      132.3837       28  28
iupac_m_485_> OD1/2 will be swapped:      126.8542       32  32
iupac_m_487_> NH1/2 swapped:      173.1043       33  33
iupac_m_486_> OE1/2 will be swapped:     -162.3681       57  57
iupac_m_485_> OD1/2 will be swapped:      132.6575       79  79
iupac_m_486_> OE1/2 will be swapped:     -178.4486      149  149
iupac_m_485_> OD1/2 will be swapped:      111.8293      158  158
iupac_m_483_> CD1/2 CE1/2 swapped:     -100.5107      164  164
iupac_m_397W> Atoms were not swapped because of the uncertainty of how to handle the H atom.
iupac_m_485_> OD1/2 will be swapped:     -110.8825      176  176
iupac_m_486_> OE1/2 will be swapped:     -153.8210      311  311
iupac_m_486_> OE1/2 will be swapped:     -145.5501      325  325
>> Model assessment by DOPE potential
iatmcls_286W> MODEL atom not classified:  GLN:OXT  GLN


>> ENERGY; Differences between the model's features and restraints:
Number of all residues in MODEL                   :      333
Number of all, selected real atoms                :     2597    2597
Number of all, selected pseudo atoms              :        0       0
Number of all static, selected restraints         :    33340   33340
COVALENT_CYS                                      :        F
NONBONDED_SEL_ATOMS                               :        1
Number of non-bonded pairs (excluding 1-2,1-3,1-4):   519261
Dynamic pairs routine                             : 1, NATM x NATM double loop
Atomic shift for contacts update (UPDATE_DYNAMIC) :    0.390
LENNARD_JONES_SWITCH                              :    6.500   7.500
COULOMB_JONES_SWITCH                              :    6.500   7.500
RESIDUE_SPAN_RANGE                                :        1    9999
NLOGN_USE                                         :       15
CONTACT_SHELL                                     :   15.000
DYNAMIC_PAIRS,_SPHERE,_COULOMB,_LENNARD,_MODELLER :        T       F       F       F       T
SPHERE_STDV                                       :    0.050
RADII_FACTOR                                      :    0.820
Current energy                                    :      -41572.8242




<< end of ENERGY.
DOPE score               : -41572.824219
>> Model assessment by GA341 potential

Surface library          : /opt/miniconda3/envs/md-311/lib/modeller-10.7/modlib/surf5.de
Pair library             : /opt/miniconda3/envs/md-311/lib/modeller-10.7/modlib/pair9.de
Chain identifier         : _
% sequence identity      :    99.699997
Sequence length          :          333
Compactness              :     0.298041
Native energy (pair)     :  -457.321108
Native energy (surface)  :   -21.608532
Native energy (combined) :   -12.354899
Z score (pair)           :    -9.241981
Z score (surface)        :    -8.106998
Z score (combined)       :   -11.439396
GA341 score              :     1.000000



>> ENERGY; Differences between the model's features and restraints:
Number of all residues in MODEL                   :      333
Number of all, selected real atoms                :     2597    2597
Number of all, selected pseudo atoms              :        0       0
Number of all static, selected restraints         :    33340   33340
COVALENT_CYS                                      :        F
NONBONDED_SEL_ATOMS                               :        1
Number of non-bonded pairs (excluding 1-2,1-3,1-4):     5661
Dynamic pairs routine                             : 2, NATM x NATM cell sorting
Atomic shift for contacts update (UPDATE_DYNAMIC) :    0.390
LENNARD_JONES_SWITCH                              :    6.500   7.500
COULOMB_JONES_SWITCH                              :    6.500   7.500
RESIDUE_SPAN_RANGE                                :        0   99999
NLOGN_USE                                         :       15
CONTACT_SHELL                                     :    4.000
DYNAMIC_PAIRS,_SPHERE,_COULOMB,_LENNARD,_MODELLER :        T       T       F       F       F
SPHERE_STDV                                       :    0.050
RADII_FACTOR                                      :    0.820
Current energy                                    :        1368.4091





Summary of the restraint violations: 

   NUM     ... number of restraints.
   NUMVI   ... number of restraints with RVIOL > VIOL_REPORT_CUT[i].
   RVIOL   ... relative difference from the best value.
   NUMVP   ... number of restraints with -Ln(pdf) > VIOL_REPORT_CUT2[i].
   RMS_1   ... RMS(feature, minimally_violated_basis_restraint, NUMB).
   RMS_2   ... RMS(feature, best_value, NUMB).
   MOL.PDF ... scaled contribution to -Ln(Molecular pdf).

 #                     RESTRAINT_GROUP      NUM   NUMVI  NUMVP   RMS_1   RMS_2         MOL.PDF     S_i
------------------------------------------------------------------------------------------------------
 1 Bond length potential              :    2663       0      0   0.005   0.005      17.984       1.000
 2 Bond angle potential               :    3615       0      8   1.928   1.928      266.88       1.000
 3 Stereochemical cosine torsion poten:    1744       0     33  44.774  44.774      541.84       1.000
 4 Stereochemical improper torsion pot:    1119       0      0   1.093   1.093      30.361       1.000
 5 Soft-sphere overlap restraints     :    5661       0      0   0.001   0.001     0.37330       1.000
 6 Lennard-Jones 6-12 potential       :       0       0      0   0.000   0.000      0.0000       1.000
 7 Coulomb point-point electrostatic p:       0       0      0   0.000   0.000      0.0000       1.000
 8 H-bonding potential                :       0       0      0   0.000   0.000      0.0000       1.000
 9 Distance restraints 1 (CA-CA)      :    7108       0      0   0.073   0.073      47.871       1.000
10 Distance restraints 2 (N-O)        :    7212       0      1   0.125   0.125      109.18       1.000
11 Mainchain Phi dihedral restraints  :       0       0      0   0.000   0.000      0.0000       1.000
12 Mainchain Psi dihedral restraints  :       0       0      0   0.000   0.000      0.0000       1.000
13 Mainchain Omega dihedral restraints:     332       0      3   4.299   4.299      71.668       1.000
14 Sidechain Chi_1 dihedral restraints:     279       0      1  47.113  47.113      9.7282       1.000
15 Sidechain Chi_2 dihedral restraints:     214       0      2  51.783  51.783      52.978       1.000
16 Sidechain Chi_3 dihedral restraints:      84       0      0  53.568  53.568      44.212       1.000
17 Sidechain Chi_4 dihedral restraints:      32       0      0  82.479  82.479      18.210       1.000
18 Disulfide distance restraints      :       0       0      0   0.000   0.000      0.0000       1.000
19 Disulfide angle restraints         :       0       0      0   0.000   0.000      0.0000       1.000
20 Disulfide dihedral angle restraints:       0       0      0   0.000   0.000      0.0000       1.000
21 Lower bound distance restraints    :       0       0      0   0.000   0.000      0.0000       1.000
22 Upper bound distance restraints    :       0       0      0   0.000   0.000      0.0000       1.000
23 Distance restraints 3 (SDCH-MNCH)  :    5323       0      0   0.299   0.299      91.542       1.000
24 Sidechain Chi_5 dihedral restraints:       0       0      0   0.000   0.000      0.0000       1.000
25 Phi/Psi pair of dihedral restraints:     331       1     17  18.828  21.992     -79.830       1.000
26 Distance restraints 4 (SDCH-SDCH)  :    3284       0      0   0.560   0.560      145.42       1.000
27 Distance restraints 5 (X-Y)        :       0       0      0   0.000   0.000      0.0000       1.000
28 NMR distance restraints 6 (X-Y)    :       0       0      0   0.000   0.000      0.0000       1.000
29 NMR distance restraints 7 (X-Y)    :       0       0      0   0.000   0.000      0.0000       1.000
30 Minimal distance restraints        :       0       0      0   0.000   0.000      0.0000       1.000
31 Non-bonded restraints              :       0       0      0   0.000   0.000      0.0000       1.000
32 Atomic accessibility restraints    :       0       0      0   0.000   0.000      0.0000       1.000
33 Atomic density restraints          :       0       0      0   0.000   0.000      0.0000       1.000
34 Absolute position restraints       :       0       0      0   0.000   0.000      0.0000       1.000
35 Dihedral angle difference restraint:       0       0      0   0.000   0.000      0.0000       1.000
36 GBSA implicit solvent potential    :       0       0      0   0.000   0.000      0.0000       1.000
37 EM density fitting potential       :       0       0      0   0.000   0.000      0.0000       1.000
38 SAXS restraints                    :       0       0      0   0.000   0.000      0.0000       1.000
39 Symmetry restraints                :       0       0      0   0.000   0.000      0.0000       1.000



openf___224_> Open           TvLDH.V99990010
# Heavy relative violation of each residue is written to: TvLDH.V99990010
# The profile is NOT normalized by the number of restraints.
# The profiles are smoothed over a window of residues:    1
# The sum of all numbers in the file:   23149.3906



List of the violated restraints:
   A restraint is violated when the relative difference
   from the best value (RVIOL) is larger than CUTOFF.

   ICSR   ... index of a restraint in the current set.
   RESNO  ... residue numbers of the first two atoms.
   ATM    ... IUPAC atom names of the first two atoms.
   FEAT   ... the value of the feature in the model.
   restr  ... the mean of the basis restraint with the smallest
              difference from the model (local minimum).
   viol   ... difference from the local minimum.
   rviol  ... relative difference from the local minimum.
   RESTR  ... the best value (global minimum).
   VIOL   ... difference from the best value.
   RVIOL  ... relative difference from the best value.


-------------------------------------------------------------------------------------------------

Feature 25                           : Phi/Psi pair of dihedral restraints     
List of the RVIOL violations larger than   :       6.5000

    #   ICSR  RESNO1/2 ATM1/2   INDATM1/2    FEAT   restr    viol   rviol   RESTR    VIOL   RVIOL
    1   9142   1M   2S C   N       7    9  -77.45  -72.40    5.96    0.48  -64.10  176.27   13.61
    1          2S   2S N   CA      9   10  149.23  152.40                  -35.00


report______> Distribution of short non-bonded contacts:


DISTANCE1:  0.00 2.10 2.20 2.30 2.40 2.50 2.60 2.70 2.80 2.90 3.00 3.10 3.20 3.30 3.40
DISTANCE2:  2.10 2.20 2.30 2.40 2.50 2.60 2.70 2.80 2.90 3.00 3.10 3.20 3.30 3.40 3.50
FREQUENCY:     0    0    0    0    0    8   25   73  162  237  192  307  422  439  441


<< end of ENERGY.
openf___224_> Open           TvLDH.B99990010.pdb
wrpdb___568_> Residues, atoms, selected atoms:      333     2597     2597

>> Summary of successfully produced models:
Filename                          molpdf     DOPE score    GA341 score
----------------------------------------------------------------------
TvLDH.B99990001.pdb           1469.38208   -41379.16016        1.00000
TvLDH.B99990002.pdb           1376.43933   -41501.07422        1.00000
TvLDH.B99990003.pdb           1445.60352   -41329.16406        1.00000
TvLDH.B99990004.pdb           1555.10413   -41284.54688        1.00000
TvLDH.B99990005.pdb           1635.53406   -41205.21094        1.00000
TvLDH.B99990006.pdb           1463.33545   -41269.81250        1.00000
TvLDH.B99990007.pdb           1536.81824   -41330.64844        1.00000
TvLDH.B99990008.pdb           1376.62683   -41399.47266        1.00000
TvLDH.B99990009.pdb           1504.63660   -41037.48828        1.00000
TvLDH.B99990010.pdb           1368.40906   -41572.82422        1.00000

