Pathway identifier,Pathway name,#Entities found,#Entities total,Entities ratio,Entities pValue,Entities FDR,#Reactions found,#Reactions total,Reactions ratio,Species identifier,Species name,Submitted entities found,Mapped entities,Found reaction identifiers
R-MMU-9837999,"Mitochondrial protein degradation",11,81,0.008755810182682953,1.470918297941104E-6,6.530877242858502E-4,8,16,0.001805665274799684,10090,Mus musculus,"P51881;P97807;Q99KI0;O08749;Q03265;Q9CZU6;Q9D051;P56480;Q9DB77;Q91VR2;Q9DB20","P51881;P97807;Q99KI0;O08749;Q03265;Q9CZU6;Q9D051;P56480;Q9DB77;Q91VR2;Q9DB20","R-MMU-9838035;R-MMU-9838081;R-MMU-9838093;R-MMU-9838289;R-MMU-9839105;R-MMU-9839149;R-MMU-9837978;R-MMU-9838004"
R-MMU-9861559,"PDH complex synthesizes acetyl-CoA from PYR",4,6,6.485785320505892E-4,9.174771858022623E-6,0.0018878535381650074,3,3,3.385622390249407E-4,10090,Mus musculus,"Q8BKZ9;O08749;Q9D051;Q8BMF4","Q8BKZ9;O08749;Q9D051;Q8BMF4","R-MMU-9861667;R-MMU-9861616;R-MMU-9861734"
R-MMU-1428517,"Aerobic respiration and respiratory electron transport",17,237,0.02561885201599827,1.2755767149763564E-5,0.0018878535381650074,31,97,0.010946845728473084,10090,Mus musculus,"Q8BKZ9;Q9CQQ7;O08749;Q03265;P19783;Q9D051;Q8BMF4;Q8K2B3;P97807;Q99KI0;P48962;Q9CZU6;P56480;Q9DB77;Q91VR2;P05202;Q9DB20","Q8BKZ9;Q9CQQ7;O08749;Q03265;P19783;Q9D051;Q8BMF4;Q8K2B3;P97807;Q99KI0;P48962;Q9CZU6;P56480;Q9DB77;Q91VR2;P05202;Q9DB20","R-MMU-9864415;R-MMU-9865579;R-MMU-9861734;R-MMU-70982;R-MMU-9865449;R-MMU-9854672;R-MMU-164834;R-MMU-9854405;R-MMU-9861667;R-MMU-164840;R-MMU-70975;R-MMU-164832;R-MMU-71401;R-MMU-9854368;R-MMU-9865663;R-MMU-163214;R-MMU-9861626;R-MMU-9855212;R-MMU-70994;R-MMU-9855252;R-MMU-70971;R-MMU-9906042;R-MMU-9853499;R-MMU-204169;R-MMU-9865412;R-MMU-9853512;R-MMU-9861616;R-MMU-9854961;R-MMU-70613;R-MMU-164651;R-MMU-203946"
R-MMU-3214847,"HATs acetylate histones",7,44,0.0047562425683709865,4.666412572862377E-5,0.004023068987223377,6,8,9.02832637399842E-4,10090,Mus musculus,"Q64525;P68433;Q8CGP0;P62806;Q64475;P10853;Q64478","Q64525;P68433;Q8CGP0;P62806;Q64475;P10853;Q64478","R-MMU-3318415;R-MMU-3321883;R-MMU-3321805;R-MMU-3318413;R-MMU-3318486;R-MMU-3662318"
R-MMU-1592230,"Mitochondrial biogenesis",6,30,0.0032428926602529455,4.733509609466946E-5,0.004023068987223377,2,5,5.642703983749013E-4,10090,Mus musculus,"P09671;Q9CQQ7;Q03265;P56480;Q91VR2;Q9DB20","P09671;Q9CQQ7;Q03265;P56480;Q91VR2;Q9DB20","R-MMU-5688289;R-MMU-8949580"
R-MMU-3214815,"HDACs deacetylate histones",8,63,0.006810074586531186,6.483524865419366E-5,0.004023068987223377,5,5,5.642703983749013E-4,10090,Mus musculus,"Q64525;P68433;Q8CGP0;P62806;Q64475;P10853;Q6PDQ2;Q64478","Q64525;P68433;Q8CGP0;P62806;Q64475;P10853;Q6PDQ2;Q64478","R-MMU-9679787;R-MMU-3782637;R-MMU-3769447;R-MMU-3777129;R-MMU-3782655"
R-MMU-163210,"Formation of ATP by chemiosmotic coupling",5,20,0.0021619284401686303,7.314670885860686E-5,0.004023068987223377,3,3,3.385622390249407E-4,10090,Mus musculus,"Q9CQQ7;Q03265;P56480;Q91VR2;Q9DB20","Q9CQQ7;Q03265;P56480;Q91VR2;Q9DB20","R-MMU-164834;R-MMU-164840;R-MMU-164832"
R-MMU-8949613,"Cristae formation",5,20,0.0021619284401686303,7.314670885860686E-5,0.004023068987223377,1,1,1.1285407967498025E-4,10090,Mus musculus,"Q9CQQ7;Q03265;P56480;Q91VR2;Q9DB20","Q9CQQ7;Q03265;P56480;Q91VR2;Q9DB20","R-MMU-8949580"
R-MMU-9909649,"Regulation of PD-L1(CD274) transcription",6,38,0.004107664036320398,1.703094036523689E-4,0.008345160778966076,1,1,1.1285407967498025E-4,10090,Mus musculus,"P68433;Q8CGP0;P62806;Q64475;P10853;Q64478","P68433;Q8CGP0;P62806;Q64475;P10853;Q64478","R-MMU-9909631"
R-MMU-9841922,"MLL4 and MLL3 complexes regulate expression of PPARG target genes in adipogenesis and hepatic steatosis",6,42,0.0045400497243541236,2.898222062220901E-4,0.011448446050542294,1,3,3.385622390249407E-4,10090,Mus musculus,"P68433;Q8CGP0;P62806;Q64475;P10853;Q64478","P68433;Q8CGP0;P62806;Q64475;P10853;Q64478","R-MMU-9843118"
R-MMU-9851695,"Epigenetic regulation of adipogenesis genes by MLL3 and MLL4 complexes",6,42,0.0045400497243541236,2.898222062220901E-4,0.011448446050542294,1,3,3.385622390249407E-4,10090,Mus musculus,"P68433;Q8CGP0;P62806;Q64475;P10853;Q64478","P68433;Q8CGP0;P62806;Q64475;P10853;Q64478","R-MMU-9843118"
R-MMU-204174,"Regulation of pyruvate dehydrogenase (PDH) complex",4,15,0.0016214463301264727,3.094174608254674E-4,0.011448446050542294,3,5,5.642703983749013E-4,10090,Mus musculus,"Q8BKZ9;O08749;Q9D051;Q8BMF4","Q8BKZ9;O08749;Q9D051;Q8BMF4","R-MMU-204169;R-MMU-9861626;R-MMU-203946"
R-MMU-2299718,"Condensation of Prophase Chromosomes",6,45,0.004864338990379418,4.1640048131208474E-4,0.013543146154438745,3,5,5.642703983749013E-4,10090,Mus musculus,"P68433;Q8CGP0;P62806;Q64475;P10853;Q64478","P68433;Q8CGP0;P62806;Q64475;P10853;Q64478","R-MMU-2294590;R-MMU-2294600;R-MMU-2294580"
R-MMU-2559586,"DNA Damage/Telomere Stress Induced Senescence",7,64,0.006918171008539618,4.531205009059569E-4,0.013543146154438745,2,15,0.0016928111951247037,10090,Mus musculus,"Q8CGP0;P10922;P62806;P14733;Q64475;P10853;Q64478","Q8CGP0;P10922;P62806;P14733;Q64475;P10853;Q64478","R-MMU-3785711;R-MMU-4647594"
R-MMU-212300,"PRC2 methylates histones and DNA",6,46,0.00497243541238785,4.670050398082326E-4,0.013543146154438745,3,3,3.385622390249407E-4,10090,Mus musculus,"P68433;Q8CGP0;P62806;Q64475;P10853;Q64478","P68433;Q8CGP0;P62806;Q64475;P10853;Q64478","R-MMU-212222;R-MMU-212269;R-MMU-212263"
R-MMU-71403,"Citric acid cycle (TCA cycle)",5,33,0.0035671819262782403,7.187251356478574E-4,0.017257784988773395,13,22,0.0024827897528495657,10090,Mus musculus,"P97807;Q99KI0;O08749;Q9CZU6;Q8K2B3","P97807;Q99KI0;O08749;Q9CZU6;Q8K2B3","R-MMU-9855212;R-MMU-70994;R-MMU-9855252;R-MMU-70982;R-MMU-9854672;R-MMU-70971;R-MMU-9853499;R-MMU-9854405;R-MMU-9853512;R-MMU-9854961;R-MMU-70975;R-MMU-71401;R-MMU-9854368"
R-MMU-9764560,"Regulation of CDH1 Gene Transcription",6,50,0.005404821100421576,7.190743745322248E-4,0.017257784988773395,1,7,7.899785577248617E-4,10090,Mus musculus,"P68433;Q8CGP0;P62806;Q64475;P10853;Q64478","P68433;Q8CGP0;P62806;Q64475;P10853;Q64478","R-MMU-9764932"
R-MMU-9764725,"Negative Regulation of CDH1 Gene Transcription",6,50,0.005404821100421576,7.190743745322248E-4,0.017257784988773395,1,7,7.899785577248617E-4,10090,Mus musculus,"P68433;Q8CGP0;P62806;Q64475;P10853;Q64478","P68433;Q8CGP0;P62806;Q64475;P10853;Q64478","R-MMU-9764932"
R-MMU-9818564,"Epigenetic regulation of gene expression by MLL3 and MLL4 complexes",6,51,0.005512917522430007,7.960238310320555E-4,0.018308548113737277,1,6,6.771244780498814E-4,10090,Mus musculus,"P68433;Q8CGP0;P62806;Q64475;P10853;Q64478","P68433;Q8CGP0;P62806;Q64475;P10853;Q64478","R-MMU-9843118"
R-MMU-9842860,"Regulation of endogenous retroelements",7,72,0.0077829423846070694,8.989850744419714E-4,0.0188786865632814,1,1,1.1285407967498025E-4,10090,Mus musculus,"P68433;Q62318;Q8CGP0;P62806;Q64475;P10853;Q64478","P68433;Q62318;Q8CGP0;P62806;Q64475;P10853;Q64478","R-MMU-9842833"
R-MMU-9843940,"Regulation of endogenous retroelements by KRAB-ZFP proteins",7,72,0.0077829423846070694,8.989850744419714E-4,0.0188786865632814,1,1,1.1285407967498025E-4,10090,Mus musculus,"P68433;Q62318;Q8CGP0;P62806;Q64475;P10853;Q64478","P68433;Q62318;Q8CGP0;P62806;Q64475;P10853;Q64478","R-MMU-9842833"
R-MMU-8936459,"RUNX1 regulates genes involved in megakaryocyte differentiation and platelet function",6,53,0.00572911036644687,9.688810863326403E-4,0.019377621726652805,8,11,0.0012413948764247828,10090,Mus musculus,"P68433;Q8CGP0;P62806;Q64475;P10853;Q64478","P68433;Q8CGP0;P62806;Q64475;P10853;Q64478","R-MMU-8937050;R-MMU-8937016;R-MMU-8936608;R-MMU-8936621;R-MMU-8937113;R-MMU-8937022;R-MMU-8936584;R-MMU-8936481"
R-MMU-110330,"Recognition and association of DNA glycosylase with site containing an affected purine",5,39,0.00421576045832883,0.0014984340402569574,0.02616001247257793,1,2,2.257081593499605E-4,10090,Mus musculus,"Q8CGP0;P62806;Q64475;P10853;Q64478","Q8CGP0;P62806;Q64475;P10853;Q64478","R-MMU-9629195"
R-MMU-72649,"Translation initiation complex formation",6,58,0.006269592476489028,0.0015275831808808649,0.02616001247257793,2,2,2.257081593499605E-4,10090,Mus musculus,"P62908;P29341;Q6NZJ6;P25444;Q8BGD9;Q8JZQ9","P62908;P29341;Q6NZJ6;P25444;Q8BGD9;Q8JZQ9","R-MMU-156808;R-MMU-157849"
R-MMU-68875,"Mitotic Prophase",8,102,0.011025835044860014,0.0015388242630928195,0.02616001247257793,7,19,0.0021442275138246246,10090,Mus musculus,"P68404;P68433;Q8CGP0;P62806;P14733;Q64475;P10853;Q64478","P68404;P68433;Q8CGP0;P62806;P14733;Q64475;P10853;Q64478","R-MMU-2294590;R-MMU-5244669;R-MMU-5229194;R-MMU-5223304;R-MMU-2294600;R-MMU-2294580;R-MMU-2993898"
R-MMU-72662,"Activation of the mRNA upon binding of the cap-binding complex and eIFs, and subsequent binding to 43S",6,59,0.00637768889849746,0.0016638772885092523,0.02675881604261754,4,5,5.642703983749013E-4,10090,Mus musculus,"P62908;P29341;Q6NZJ6;P25444;Q8BGD9;Q8JZQ9","P62908;P29341;Q6NZJ6;P25444;Q8BGD9;Q8JZQ9","R-MMU-156808;R-MMU-157849;R-MMU-72647;R-MMU-72631"
R-MMU-9670095,"Inhibition of DNA recombination at telomere",5,40,0.004323856880337261,0.0016724260026635962,0.02675881604261754,2,3,3.385622390249407E-4,10090,Mus musculus,"Q8CGP0;P62806;Q64475;P10853;Q64478","Q8CGP0;P62806;Q64475;P10853;Q64478","R-MMU-9670101;R-MMU-9670114"
R-MMU-73927,"Depurination",5,41,0.0044319533023456925,0.001860810298268789,0.027912154474031836,2,10,0.0011285407967498026,10090,Mus musculus,"Q8CGP0;P62806;Q64475;P10853;Q64478","Q8CGP0;P62806;Q64475;P10853;Q64478","R-MMU-9629195;R-MMU-9629216"
R-MMU-110331,"Cleavage of the damaged purine",5,41,0.0044319533023456925,0.001860810298268789,0.027912154474031836,1,8,9.02832637399842E-4,10090,Mus musculus,"Q8CGP0;P62806;Q64475;P10853;Q64478","Q8CGP0;P62806;Q64475;P10853;Q64478","R-MMU-9629216"
R-MMU-9018519,"Estrogen-dependent gene expression",6,64,0.006918171008539618,0.002488807300863094,0.034843302212083316,3,23,0.0025956438325245457,10090,Mus musculus,"P68433;Q8CGP0;P62806;Q64475;P10853;Q64478","P68433;Q8CGP0;P62806;Q64475;P10853;Q64478","R-MMU-9011985;R-MMU-9011981;R-MMU-9011984"
R-MMU-5693571,"Nonhomologous End-Joining (NHEJ)",5,47,0.005080531834396281,0.0033324353778478866,0.04347899625475382,4,12,0.001354248956099763,10090,Mus musculus,"Q8CGP0;P62806;Q64475;P10853;Q64478","Q8CGP0;P62806;Q64475;P10853;Q64478","R-MMU-5686704;R-MMU-5693599;R-MMU-5686900;R-MMU-5686685"
R-MMU-373760,"L1CAM interactions",6,68,0.0073505566965733436,0.0033445381734426016,0.04347899625475382,5,24,0.002708497912199526,10090,Mus musculus,"O08553;Q8BZ98;P68368;P06837;Q62261;Q3UX10","O08553;Q8BZ98;P68368;P06837;Q62261;Q3UX10","R-MMU-8933328;R-MMU-445071;R-MMU-555065;R-MMU-392751;R-MMU-443783"
R-MMU-73929,"Base-Excision Repair, AP Site Formation",5,48,0.005188628256404713,0.003641157477319301,0.047335047205150915,2,29,0.0032727683105744274,10090,Mus musculus,"Q8CGP0;P62806;Q64475;P10853;Q64478","Q8CGP0;P62806;Q64475;P10853;Q64478","R-MMU-9629195;R-MMU-9629216"
R-MMU-114516,"Disinhibition of SNARE formation",2,5,5.404821100421576E-4,0.0051047085915423285,0.06500002072010647,2,2,2.257081593499605E-4,10090,Mus musculus,"P68404;P63318","P68404;P63318","R-MMU-114684;R-MMU-114683"
R-MMU-9861718,"Regulation of pyruvate metabolism",4,33,0.0035671819262782403,0.0054166683933422055,0.06500002072010647,3,10,0.0011285407967498026,10090,Mus musculus,"Q8BKZ9;O08749;Q9D051;Q8BMF4","Q8BKZ9;O08749;Q9D051;Q8BMF4","R-MMU-204169;R-MMU-9861626;R-MMU-203946"
R-MMU-9006931,"Signaling by Nuclear Receptors",10,183,0.019781645227542968,0.005654151978517485,0.06784982374220982,4,87,0.009818304931723282,10090,Mus musculus,"Q8BKZ9;P68433;Q8CGP0;P62806;O08749;Q64475;P10853;Q9D051;Q8BMF4;Q64478","Q8BKZ9;P68433;Q8CGP0;P62806;O08749;Q64475;P10853;Q9D051;Q8BMF4;Q64478","R-MMU-9011985;R-MMU-9011981;R-MMU-9011984;R-MMU-203946"
R-MMU-2559583,"Cellular Senescence",8,129,0.013944438439087666,0.006277469061733876,0.07403214191636143,6,42,0.00473987134634917,10090,Mus musculus,"Q8CGP0;P10922;P62806;P14733;Q8BGZ4;Q64475;P10853;Q64478","Q8CGP0;P10922;P62806;P14733;Q8BGZ4;Q64475;P10853;Q64478","R-MMU-3788705;R-MMU-3788724;R-MMU-3788708;R-MMU-3788725;R-MMU-3785711;R-MMU-4647594"
R-MMU-5693565,"Recruitment and ATM-mediated phosphorylation of repair and signaling proteins at DNA double strand breaks",5,56,0.006053399632472165,0.006889569530354689,0.07403214191636143,29,39,0.00440130910732423,10090,Mus musculus,"Q8CGP0;P62806;Q64475;P10853;Q64478","Q8CGP0;P62806;Q64475;P10853;Q64478","R-MMU-5682992;R-MMU-5693566;R-MMU-5682965;R-MMU-5693549;R-MMU-5693602;R-MMU-5682967;R-MMU-5682983;R-MMU-5693551;R-MMU-5683735;R-MMU-5682858;R-MMU-5683425;R-MMU-5682863;R-MMU-5683930;R-MMU-5693536;R-MMU-5693583;R-MMU-5683405;R-MMU-5682629;R-MMU-5683385;R-MMU-5683986;R-MMU-5682598;R-MMU-5683384;R-MMU-5683964;R-MMU-69891;R-MMU-5682607;R-MMU-5683967;R-MMU-5682586;R-MMU-5682588;R-MMU-5683801;R-MMU-5683077"
R-MMU-437239,"Recycling pathway of L1",4,36,0.0038914711923035347,0.007310615340791027,0.07403214191636143,3,9,0.0010156867170748223,10090,Mus musculus,"O08553;Q8BZ98;P68368;Q3UX10","O08553;Q8BZ98;P68368;Q3UX10","R-MMU-445071;R-MMU-555065;R-MMU-443783"
R-MMU-774815,"Nucleosome assembly",5,57,0.006161496054480597,0.007403214191636143,0.07403214191636143,2,3,3.385622390249407E-4,10090,Mus musculus,"Q8CGP0;P62806;Q64475;P10853;Q64478","Q8CGP0;P62806;Q64475;P10853;Q64478","R-MMU-606287;R-MMU-606326"
R-MMU-606279,"Deposition of new CENPA-containing nucleosomes at the centromere",5,57,0.006161496054480597,0.007403214191636143,0.07403214191636143,2,3,3.385622390249407E-4,10090,Mus musculus,"Q8CGP0;P62806;Q64475;P10853;Q64478","Q8CGP0;P62806;Q64475;P10853;Q64478","R-MMU-606287;R-MMU-606326"
R-MMU-5693606,"DNA Double Strand Break Response",5,57,0.006161496054480597,0.007403214191636143,0.07403214191636143,29,47,0.0053041417447240715,10090,Mus musculus,"Q8CGP0;P62806;Q64475;P10853;Q64478","Q8CGP0;P62806;Q64475;P10853;Q64478","R-MMU-5682992;R-MMU-5693566;R-MMU-5682965;R-MMU-5693549;R-MMU-5693602;R-MMU-5682967;R-MMU-5682983;R-MMU-5693551;R-MMU-5683735;R-MMU-5682858;R-MMU-5683425;R-MMU-5682863;R-MMU-5683930;R-MMU-5693536;R-MMU-5693583;R-MMU-5683405;R-MMU-5682629;R-MMU-5683385;R-MMU-5683986;R-MMU-5682598;R-MMU-5683384;R-MMU-5683964;R-MMU-69891;R-MMU-5682607;R-MMU-5683967;R-MMU-5682586;R-MMU-5682588;R-MMU-5683801;R-MMU-5683077"
R-MMU-72702,"Ribosomal scanning and start codon recognition",5,58,0.006269592476489028,0.007942987233922727,0.07942987233922727,2,2,2.257081593499605E-4,10090,Mus musculus,"P62908;Q6NZJ6;P25444;Q8BGD9;Q8JZQ9","P62908;Q6NZJ6;P25444;Q8BGD9;Q8JZQ9","R-MMU-72621;R-MMU-72697"
R-MMU-9917777,"Epigenetic regulation by WDR5-containing histone modifying complexes",6,82,0.008863906604691385,0.008106322318559012,0.08106322318559012,1,29,0.0032727683105744274,10090,Mus musculus,"P68433;Q8CGP0;P62806;Q64475;P10853;Q64478","P68433;Q8CGP0;P62806;Q64475;P10853;Q64478","R-MMU-9843118"
R-RNO-442755,"Activation of NMDA receptors and postsynaptic events",4,37,0.004190260475651189,0.009401902804757056,0.6820452270887809,4,13,0.001521001521001521,10116,Rattus norvegicus,"P19491;P12369;P08413;P31016","P19491;P12369;P08413;P31016","R-RNO-432164;R-RNO-111925;R-RNO-438037;R-RNO-8951727"
R-RNO-438066,"Unblocking of NMDA receptors, glutamate binding and activation",3,21,0.0023782559456398643,0.011505734543226454,0.6820452270887809,2,2,2.34000234000234E-4,10116,Rattus norvegicus,"P19491;P08413;P31016","P19491;P08413;P31016","R-RNO-432164;R-RNO-438037"
R-MMU-5362517,"Signaling by Retinoic Acid",4,42,0.0045400497243541236,0.012302991899631799,0.11072692709668619,1,21,0.002369935673174585,10090,Mus musculus,"Q8BKZ9;O08749;Q9D051;Q8BMF4","Q8BKZ9;O08749;Q9D051;Q8BMF4","R-MMU-203946"
R-MMU-429947,"Deadenylation of mRNA",3,23,0.002486217706193925,0.01294759800446732,0.11652838204020588,3,3,3.385622390249407E-4,10090,Mus musculus,"P29341;Q6NZJ6;Q8BGD9","P29341;Q6NZJ6;Q8BGD9","R-MMU-430021;R-MMU-429992;R-MMU-429955"
R-MMU-8852135,"Protein ubiquitination",5,66,0.007134363852556481,0.013276524300127823,0.11948871870115041,12,27,0.003047060151224467,10090,Mus musculus,"P56399;Q64475;P10853;Q64478;Q02053","P56399;Q64475;P10853;Q64478;Q02053","R-MMU-8852130;R-MMU-8852131;R-MMU-8853529;R-MMU-8852128;R-MMU-8852134;R-MMU-8942101;R-MMU-8852136;R-MMU-8852129;R-MMU-8853515;R-MMU-8852132;R-MMU-8852133;R-MMU-8942099"
R-MMU-70268,"Pyruvate metabolism",4,45,0.004864338990379418,0.015454927666937568,0.13111916627846654,6,27,0.003047060151224467,10090,Mus musculus,"Q8BKZ9;O08749;Q9D051;Q8BMF4","Q8BKZ9;O08749;Q9D051;Q8BMF4","R-MMU-9861667;R-MMU-204169;R-MMU-9861616;R-MMU-9861626;R-MMU-9861734;R-MMU-203946"
R-MMU-1852241,"Organelle biogenesis and maintenance",10,215,0.023240730731812778,0.016082078808757005,0.13111916627846654,18,51,0.005755558063423993,10090,Mus musculus,"P68368;P09671;Q9DC28;Q9CQQ7;Q03265;P42208;Q3UX10;P56480;Q91VR2;Q9DB20","P68368;P09671;Q9DC28;Q9CQQ7;Q03265;P42208;Q3UX10;P56480;Q91VR2;Q9DB20","R-MMU-5638009;R-MMU-5624949;R-MMU-5626699;R-MMU-5688289;R-MMU-5626220;R-MMU-5625426;R-MMU-8949580;R-MMU-5626681;R-MMU-5617816;R-MMU-5618328;R-MMU-5625421;R-MMU-5626227;R-MMU-5626228;R-MMU-5624952;R-MMU-5618331;R-MMU-5625424;R-MMU-5626223;R-MMU-5625416"
R-MMU-3247509,"Chromatin modifying enzymes",9,184,0.0198897416495514,0.016389895784808317,0.13111916627846654,63,76,0.008576910055298499,10090,Mus musculus,"Q64525;P68433;Q8CGP0;P62806;Q64475;P10853;Q6PDQ2;P25444;Q64478","Q64525;P68433;Q8CGP0;P62806;Q64475;P10853;Q6PDQ2;P25444;Q64478","R-MMU-5423038;R-MMU-5159245;R-MMU-5661126;R-MMU-5205798;R-MMU-4827382;R-MMU-5205799;R-MMU-4754181;R-MMU-3318415;R-MMU-5661123;R-MMU-5661124;R-MMU-5661125;R-MMU-5661117;R-MMU-5661120;R-MMU-5637686;R-MMU-3247569;R-MMU-5661121;R-MMU-5661122;R-MMU-5638141;R-MMU-5649801;R-MMU-9679787;R-MMU-5638157;R-MMU-5638332;R-MMU-5212679;R-MMU-5649802;R-MMU-5205861;R-MMU-5205824;R-MMU-4722133;R-MMU-5649799;R-MMU-5649800;R-MMU-5225649;R-MMU-5649764;R-MMU-5205822;R-MMU-4827383;R-MMU-4754187;R-MMU-5423117;R-MMU-8865613;R-MMU-5225602;R-MMU-3318486;R-MMU-3321883;R-MMU-3318413;R-MMU-3321805;R-MMU-3769447;R-MMU-4724279;R-MMU-5638333;R-MMU-5634802;R-MMU-3777129;R-MMU-5229010;R-MMU-5661114;R-MMU-3782655;R-MMU-4754176;R-MMU-5661115;R-MMU-5661116;R-MMU-5634750;R-MMU-5244692;R-MMU-5651657;R-MMU-4724284;R-MMU-5218952;R-MMU-3782637;R-MMU-3214912;R-MMU-5651654;R-MMU-8879123;R-MMU-5634729;R-MMU-3662318"
R-MMU-69473,"G2/M DNA damage checkpoint",5,75,0.008107231650632363,0.021692406936919206,0.17353925549535365,2,11,0.0012413948764247828,10090,Mus musculus,"Q8CGP0;P62806;Q64475;P10853;Q64478","Q8CGP0;P62806;Q64475;P10853;Q64478","R-MMU-5683735;R-MMU-69891"
R-MMU-83936,"Transport of nucleosides and free purine and pyrimidine bases across the plasma membrane",2,11,0.0011890606420927466,0.022763760329874483,0.18211008263899586,3,16,0.001805665274799684,10090,Mus musculus,"P51881;P48962","P51881;P48962","R-MMU-163215;R-MMU-5672027;R-MMU-5250209"
R-MMU-5693607,"Processing of DNA double-strand break ends",5,76,0.008215328072640795,0.022800169557665173,0.18240135646132138,2,17,0.0019185193544746643,10090,Mus musculus,"Q8CGP0;P62806;Q64475;P10853;Q64478","Q8CGP0;P62806;Q64475;P10853;Q64478","R-MMU-5684071;R-MMU-5684052"
R-MMU-73884,"Base Excision Repair",5,76,0.008215328072640795,0.022800169557665173,0.18240135646132138,2,66,0.007448369258548696,10090,Mus musculus,"Q8CGP0;P62806;Q64475;P10853;Q64478","Q8CGP0;P62806;Q64475;P10853;Q64478","R-MMU-9629195;R-MMU-9629216"
R-MMU-4839726,"Chromatin organization",9,198,0.02140309155766944,0.024828199854400435,0.19095023796902244,63,94,0.010608283489448143,10090,Mus musculus,"Q64525;P68433;Q8CGP0;P62806;Q64475;P10853;Q6PDQ2;P25444;Q64478","Q64525;P68433;Q8CGP0;P62806;Q64475;P10853;Q6PDQ2;P25444;Q64478","R-MMU-5423038;R-MMU-5159245;R-MMU-5661126;R-MMU-5205798;R-MMU-4827382;R-MMU-5205799;R-MMU-4754181;R-MMU-3318415;R-MMU-5661123;R-MMU-5661124;R-MMU-5661125;R-MMU-5661117;R-MMU-5661120;R-MMU-5637686;R-MMU-3247569;R-MMU-5661121;R-MMU-5661122;R-MMU-5638141;R-MMU-5649801;R-MMU-9679787;R-MMU-5638157;R-MMU-5638332;R-MMU-5212679;R-MMU-5649802;R-MMU-5205861;R-MMU-5205824;R-MMU-4722133;R-MMU-5649799;R-MMU-5649800;R-MMU-5225649;R-MMU-5649764;R-MMU-5205822;R-MMU-4827383;R-MMU-4754187;R-MMU-5423117;R-MMU-8865613;R-MMU-5225602;R-MMU-3318486;R-MMU-3321883;R-MMU-3318413;R-MMU-3321805;R-MMU-3769447;R-MMU-4724279;R-MMU-5638333;R-MMU-5634802;R-MMU-3777129;R-MMU-5229010;R-MMU-5661114;R-MMU-3782655;R-MMU-4754176;R-MMU-5661115;R-MMU-5661116;R-MMU-5634750;R-MMU-5244692;R-MMU-5651657;R-MMU-4724284;R-MMU-5218952;R-MMU-3782637;R-MMU-3214912;R-MMU-5651654;R-MMU-8879123;R-MMU-5634729;R-MMU-3662318"
R-RNO-5578775,"Ion homeostasis",4,50,0.0056625141562853904,0.025236025462588185,0.6820452270887809,4,15,0.001755001755001755,10116,Rattus norvegicus,"P11507;P11505;P06685;P08413","P11507;P11505;P06685;P08413","R-RNO-427910;R-RNO-9684068;R-RNO-936897;R-RNO-418309"
R-MMU-2262752,"Cellular responses to stress",17,485,0.052426764674089285,0.027278605424146063,0.19095023796902244,20,233,0.026295000564270397,10090,Mus musculus,"Q8CGP0;P10922;P62806;P99029;P14733;Q64475;Q8BGZ4;P19783;Q3UX10;P11798;P10853;Q64478;P09671;P68368;Q61171;P48722;Q8R1Q8","Q8CGP0;P10922;P62806;P99029;P14733;Q64475;Q8BGZ4;P19783;Q3UX10;P11798;P10853;Q64478;P09671;P68368;Q61171;P48722;Q8R1Q8","R-MMU-5082387;R-MMU-5251942;R-MMU-3788705;R-MMU-3788708;R-MMU-163214;R-MMU-3785711;R-MMU-5251959;R-MMU-5252079;R-MMU-3697894;R-MMU-3341343;R-MMU-3322995;R-MMU-3788724;R-MMU-5251955;R-MMU-3788725;R-MMU-3299680;R-MMU-3697882;R-MMU-5618080;R-MMU-4647594;R-MMU-9709406;R-MMU-5252041"
R-MMU-399719,"Trafficking of AMPA receptors",3,31,0.0033509890822613774,0.028102448552884796,0.19671713987019357,3,4,4.51416318699921E-4,10090,Mus musculus,"P68404;P63318;P11798","P68404;P63318;P11798","R-MMU-416639;R-MMU-421007;R-MMU-416320"
R-MMU-399721,"Glutamate binding, activation of AMPA receptors and synaptic plasticity",3,31,0.0033509890822613774,0.028102448552884796,0.19671713987019357,3,9,0.0010156867170748223,10090,Mus musculus,"P68404;P63318;P11798","P68404;P63318;P11798","R-MMU-416639;R-MMU-421007;R-MMU-416320"
R-RNO-418359,"Reduction of cytosolic Ca++ levels",2,12,0.0013590033975084937,0.02910831584540008,0.6820452270887809,2,3,3.51000351000351E-4,10116,Rattus norvegicus,"P11507;P11505","P11507;P11505","R-RNO-418309;R-RNO-418365"
R-MMU-156827,"L13a-mediated translational silencing of Ceruloplasmin expression",6,110,0.011890606420927468,0.02947173176821838,0.20630212237752865,1,2,2.257081593499605E-4,10090,Mus musculus,"P62908;P29341;Q6NZJ6;P25444;Q8BGD9;Q8JZQ9","P62908;P29341;Q6NZJ6;P25444;Q8BGD9;Q8JZQ9","R-MMU-156823"
R-RNO-936837,"Ion transport by P-type ATPases",4,53,0.006002265005662514,0.030312965650429735,0.6820452270887809,5,16,0.001872001872001872,10116,Rattus norvegicus,"P11507;P11505;P06685;P08413","P11507;P11505;P06685;P08413","R-RNO-427910;R-RNO-9684068;R-RNO-936897;R-RNO-418309;R-RNO-418365"
R-MMU-4419969,"Depolymerization of the Nuclear Lamina",2,13,0.0014052534861096098,0.030943513323814176,0.21268415119623918,3,6,6.771244780498814E-4,10090,Mus musculus,"P68404;P14733","P68404;P14733","R-MMU-5244669;R-MMU-5229194;R-MMU-5223304"
R-MMU-983189,"Kinesins",4,56,0.006053399632472165,0.03112550429195604,0.21268415119623918,2,9,0.0010156867170748223,10090,Mus musculus,"Q9QXL2;Q9QXL1;P68368;Q3UX10","Q9QXL2;Q9QXL1;P68368;Q3UX10","R-MMU-983259;R-MMU-983266"
R-MMU-157579,"Telomere Maintenance",5,83,0.008972003026699817,0.031583266923483344,0.21268415119623918,2,30,0.0033856223902494075,10090,Mus musculus,"Q8CGP0;P62806;Q64475;P10853;Q64478","Q8CGP0;P62806;Q64475;P10853;Q64478","R-MMU-9670101;R-MMU-9670114"
R-RNO-399719,"Trafficking of AMPA receptors",3,31,0.0035107587768969423,0.031608717231565664,0.6820452270887809,4,4,4.68000468000468E-4,10116,Rattus norvegicus,"P19491;P08413;P31016","P19491;P08413;P31016","R-RNO-421007;R-RNO-416320;R-RNO-416985;R-RNO-416639"
R-RNO-399721,"Glutamate binding, activation of AMPA receptors and synaptic plasticity",3,31,0.0035107587768969423,0.031608717231565664,0.6820452270887809,6,9,0.001053001053001053,10116,Rattus norvegicus,"P19491;P08413;P31016","P19491;P08413;P31016","R-RNO-421007;R-RNO-420975;R-RNO-416320;R-RNO-399711;R-RNO-416985;R-RNO-416639"
R-MMU-2132295,"MHC class II antigen presentation",6,115,0.012431088530969626,0.03539305262863879,0.21268415119623918,6,26,0.0029342060715494864,10090,Mus musculus,"Q8BZ98;P68368;P22892;Q3UX10;P61967;Q8R1Q8","Q8BZ98;P68368;P22892;Q3UX10;P61967;Q8R1Q8","R-MMU-8951498;R-MMU-2130641;R-MMU-2213236;R-MMU-2130725;R-MMU-2213248;R-MMU-2130619"
R-MMU-3299685,"Detoxification of Reactive Oxygen Species",3,34,0.0036752783482866718,0.03544735853270653,0.21268415119623918,5,28,0.003159914230899447,10090,Mus musculus,"P09671;P99029;Q61171","P09671;P99029;Q61171","R-MMU-3299680;R-MMU-3697882;R-MMU-3697894;R-MMU-3341343;R-MMU-3322995"
R-MMU-68886,"M Phase",13,355,0.03837422981299319,0.037563619180703056,0.22538171508421834,23,72,0.008125493736598578,10090,Mus musculus,"Q8CGP0;P62806;P14733;Q64475;Q8BGZ4;Q3UX10;P10853;Q64478;P68404;P68433;P68368;Q9DC28;Q8R1Q8","Q8CGP0;P62806;P14733;Q64475;Q8BGZ4;Q3UX10;P10853;Q64478;P68404;P68433;P68368;Q9DC28;Q8R1Q8","R-MMU-2467809;R-MMU-5244669;R-MMU-1638803;R-MMU-5223304;R-MMU-9668419;R-MMU-380508;R-MMU-9648114;R-MMU-174202;R-MMU-2468287;R-MMU-174144;R-MMU-2995376;R-MMU-9648017;R-MMU-2467811;R-MMU-2294590;R-MMU-5229194;R-MMU-380316;R-MMU-2294600;R-MMU-1638821;R-MMU-174121;R-MMU-375302;R-MMU-2484822;R-MMU-2294580;R-MMU-2993898"
R-MMU-72737,"Cap-dependent Translation Initiation",6,118,0.01275537779699492,0.03928918880264032,0.2357351328158419,12,17,0.0019185193544746643,10090,Mus musculus,"P62908;P29341;Q6NZJ6;P25444;Q8BGD9;Q8JZQ9","P62908;P29341;Q6NZJ6;P25444;Q8BGD9;Q8JZQ9","R-MMU-72673;R-MMU-72676;R-MMU-157849;R-MMU-72691;R-MMU-72647;R-MMU-72671;R-MMU-72631;R-MMU-72672;R-MMU-72619;R-MMU-156808;R-MMU-72621;R-MMU-72697"
R-MMU-72613,"Eukaryotic Translation Initiation",6,118,0.01275537779699492,0.03928918880264032,0.2357351328158419,13,19,0.0021442275138246246,10090,Mus musculus,"P62908;P29341;Q6NZJ6;P25444;Q8BGD9;Q8JZQ9","P62908;P29341;Q6NZJ6;P25444;Q8BGD9;Q8JZQ9","R-MMU-72673;R-MMU-72676;R-MMU-157849;R-MMU-72691;R-MMU-72647;R-MMU-156823;R-MMU-72671;R-MMU-72631;R-MMU-72672;R-MMU-72619;R-MMU-156808;R-MMU-72621;R-MMU-72697"
R-MMU-2559584,"Formation of Senescence-Associated Heterochromatin Foci (SAHF)",2,15,0.0016214463301264727,0.04009876461669626,0.2369536347039769,1,2,2.257081593499605E-4,10090,Mus musculus,"P10922;P14733","P10922;P14733","R-MMU-4647594"
R-MMU-190840,"Microtubule-dependent trafficking of connexons from Golgi to the plasma membrane",2,15,0.0016214463301264727,0.04009876461669626,0.2369536347039769,1,2,2.257081593499605E-4,10090,Mus musculus,"P68368;Q3UX10","P68368;Q3UX10","R-MMU-190520"
R-MMU-5099900,"WNT5A-dependent internalization of FZD4",2,15,0.0016214463301264727,0.04009876461669626,0.2369536347039769,1,5,5.642703983749013E-4,10090,Mus musculus,"P68404;P63318","P68404;P63318","R-MMU-5138432"
R-MMU-9646399,"Aggrephagy",3,36,0.0038914711923035347,0.0408397441372268,0.2369536347039769,3,8,9.02832637399842E-4,10090,Mus musculus,"P68368;Q3UX10;Q8R1Q8","P68368;Q3UX10;Q8R1Q8","R-MMU-9646679;R-MMU-9646348;R-MMU-9646685"
R-MMU-9909648,"Regulation of PD-L1(CD274) expression",6,122,0.013187763485028646,0.04489406201461921,0.2369536347039769,1,26,0.0029342060715494864,10090,Mus musculus,"P68433;Q8CGP0;P62806;Q64475;P10853;Q64478","P68433;Q8CGP0;P62806;Q64475;P10853;Q64478","R-MMU-9909631"
R-MMU-399956,"CRMPs in Sema3A signaling",2,16,0.0017295427521349044,0.045012877134319895,0.2369536347039769,3,3,3.385622390249407E-4,10090,Mus musculus,"O08553;P97427","O08553;P97427","R-MMU-399944;R-MMU-399951;R-MMU-399947"
R-MMU-190872,"Transport of connexons to the plasma membrane",2,16,0.0017295427521349044,0.045012877134319895,0.2369536347039769,1,3,3.385622390249407E-4,10090,Mus musculus,"P68368;Q3UX10","P68368;Q3UX10","R-MMU-190520"
R-MMU-1169410,"Antiviral mechanism by IFN-stimulated genes",5,93,0.01005296724678413,0.04739072694079538,0.2369536347039769,3,44,0.004965579505699131,10090,Mus musculus,"P46935;P68368;P10637;Q3UX10;Q6NZJ6","P46935;P68368;P10637;Q3UX10;Q6NZJ6","R-MMU-1169399;R-MMU-9836404;R-MMU-1678842"
R-MMU-416993,"Trafficking of GluR2-containing AMPA receptors",2,17,0.0018376391741433359,0.050136428497873586,0.25068214248936793,2,3,3.385622390249407E-4,10090,Mus musculus,"P68404;P63318","P68404;P63318","R-MMU-416639;R-MMU-421007"
R-MMU-76005,"Response to elevated platelet cytosolic Ca2+",6,128,0.013836342017079235,0.0541963022041243,0.2709815110206215,6,11,0.0012413948764247828,10090,Mus musculus,"P68404;Q61207;P68368;Q00896;P05064;P63318","P68404;Q61207;P68368;Q00896;P05064;P63318","R-MMU-482772;R-MMU-114684;R-MMU-481007;R-MMU-114683;R-MMU-351341;R-MMU-114553"
R-MMU-9854311,"Maturation of TCA enzymes and regulation of TCA cycle",2,18,0.0019457355961517674,0.055458707502439086,0.27729353751219543,6,9,0.0010156867170748223,10090,Mus musculus,"Q99KI0;Q8K2B3","Q99KI0;Q8K2B3","R-MMU-9854405;R-MMU-9854961;R-MMU-9855212;R-MMU-9855252;R-MMU-9854672;R-MMU-9854368"
R-MMU-389661,"Glyoxylate metabolism and glycine degradation",2,18,0.0019457355961517674,0.055458707502439086,0.27729353751219543,2,15,0.0016928111951247037,10090,Mus musculus,"O08749;P05202","O08749;P05202","R-MMU-6784393;R-MMU-5694018"
R-MMU-212165,"Epigenetic regulation of gene expression",7,163,0.017619716787374336,0.05750316431338298,0.2875158215669149,5,37,0.004175600947974269,10090,Mus musculus,"P68433;Q62318;Q8CGP0;P62806;Q64475;P10853;Q64478","P68433;Q62318;Q8CGP0;P62806;Q64475;P10853;Q64478","R-MMU-9843118;R-MMU-212222;R-MMU-212269;R-MMU-9842833;R-MMU-212263"
R-MMU-9858328,"OADH complex synthesizes glutaryl-CoA from 2-OA",1,3,3.242892660252946E-4,0.06098358698462025,0.2987073616789748,3,3,3.385622390249407E-4,10090,Mus musculus,"O08749","O08749","R-MMU-9858321;R-MMU-9858589;R-MMU-9858590"
R-MMU-352238,"Breakdown of the nuclear lamina",1,3,3.242892660252946E-4,0.06098358698462025,0.2987073616789748,1,3,3.385622390249407E-4,10090,Mus musculus,"P14733","P14733","R-MMU-264871"
R-MMU-8939211,"ESR-mediated signaling",6,132,0.014268727705112961,0.06100224121928266,0.2987073616789748,3,58,0.006545536621148855,10090,Mus musculus,"P68433;Q8CGP0;P62806;Q64475;P10853;Q64478","P68433;Q8CGP0;P62806;Q64475;P10853;Q64478","R-MMU-9011985;R-MMU-9011981;R-MMU-9011984"
R-RNO-9858328,"OADH complex synthesizes glutaryl-CoA from 2-OA",1,3,3.397508493771234E-4,0.06379692361530498,0.6820452270887809,3,3,3.51000351000351E-4,10116,Rattus norvegicus,"Q01205","Q01205","R-RNO-9858321;R-RNO-9858589;R-RNO-9858590"
R-RNO-3928664,"Ephrin signaling",2,19,0.0021517553793884486,0.06611561129869481,0.6820452270887809,3,9,0.001053001053001053,10116,Rattus norvegicus,"P35465;P13832","P35465;P13832","R-RNO-3928640;R-RNO-3928625;R-RNO-3928641"
R-MMU-9663891,"Selective autophagy",4,72,0.0077829423846070694,0.066151058656718,0.2987073616789748,12,43,0.00485272542602415,10090,Mus musculus,"Q60931;P68368;Q3UX10;Q8R1Q8","Q60931;P68368;Q3UX10;Q8R1Q8","R-MMU-9824897;R-MMU-9646679;R-MMU-9840807;R-MMU-9646348;R-MMU-9824892;R-MMU-9835009;R-MMU-9835011;R-MMU-9824894;R-MMU-9834945;R-MMU-9834070;R-MMU-9646685;R-MMU-9824888"
R-RNO-373760,"L1CAM interactions",4,69,0.007814269535673839,0.06691927271232645,0.6820452270887809,4,24,0.002808002808002808,10116,Rattus norvegicus,"Q9QWN8;P35465;Q6AY56;P21575","Q9QWN8;P35465;Q6AY56;P21575","R-RNO-392751;R-RNO-445071;R-RNO-445072;R-RNO-555065"
R-MMU-9764265,"Regulation of CDH1 Expression and Function",6,136,0.014701113393146687,0.0682947099287542,0.2987073616789748,1,36,0.004062746868299289,10090,Mus musculus,"P68433;Q8CGP0;P62806;Q64475;P10853;Q64478","P68433;Q8CGP0;P62806;Q64475;P10853;Q64478","R-MMU-9764932"
R-MMU-9764274,"Regulation of Expression and Function of Type I Classical Cadherins",6,136,0.014701113393146687,0.0682947099287542,0.2987073616789748,1,36,0.004062746868299289,10090,Mus musculus,"P68433;Q8CGP0;P62806;Q64475;P10853;Q64478","P68433;Q8CGP0;P62806;Q64475;P10853;Q64478","R-MMU-9764932"
R-MMU-8953897,"Cellular responses to stimuli",17,551,0.05956112852664577,0.07263473439739976,0.2987073616789748,20,269,0.030357747432569686,10090,Mus musculus,"Q8CGP0;P10922;P62806;P99029;P14733;Q64475;Q8BGZ4;P19783;Q3UX10;P11798;P10853;Q64478;P09671;P68368;Q61171;P48722;Q8R1Q8","Q8CGP0;P10922;P62806;P99029;P14733;Q64475;Q8BGZ4;P19783;Q3UX10;P11798;P10853;Q64478;P09671;P68368;Q61171;P48722;Q8R1Q8","R-MMU-5082387;R-MMU-5251942;R-MMU-3788705;R-MMU-3788708;R-MMU-163214;R-MMU-3785711;R-MMU-5251959;R-MMU-5252079;R-MMU-3697894;R-MMU-3341343;R-MMU-3322995;R-MMU-3788724;R-MMU-5251955;R-MMU-3788725;R-MMU-3299680;R-MMU-3697882;R-MMU-5618080;R-MMU-4647594;R-MMU-9709406;R-MMU-5252041"
R-MMU-8866654,"E3 ubiquitin ligases ubiquitinate target proteins",3,46,0.00497243541238785,0.07345734493304745,0.2987073616789748,2,14,0.0015799571154497235,10090,Mus musculus,"Q64475;P10853;Q64478","Q64475;P10853;Q64478","R-MMU-8942101;R-MMU-8942099"
R-MMU-913531,"Interferon Signaling",6,141,0.015241595503188845,0.07809388820394847,0.2987073616789748,4,87,0.009818304931723282,10090,Mus musculus,"P46935;P68368;P10637;Q3UX10;P11798;Q6NZJ6","P46935;P68368;P10637;Q3UX10;P11798;Q6NZJ6","R-MMU-909552;R-MMU-1169399;R-MMU-9836404;R-MMU-1678842"
R-MMU-389948,"Co-inhibition by PD-1",6,141,0.015241595503188845,0.07809388820394847,0.2987073616789748,1,31,0.003498476469924388,10090,Mus musculus,"P68433;Q8CGP0;P62806;Q64475;P10853;Q64478","P68433;Q8CGP0;P62806;Q64475;P10853;Q64478","R-MMU-9909631"
R-MMU-9853506,"OGDH complex synthesizes succinyl-CoA from 2-OG",1,4,4.323856880337261E-4,0.08047768221010199,0.2987073616789748,3,3,3.385622390249407E-4,10090,Mus musculus,"O08749","O08749","R-MMU-9853499;R-MMU-9853512;R-MMU-71401"
R-MMU-9859138,"BCKDH synthesizes BCAA-CoA from KIC, KMVA, KIV",1,4,4.323856880337261E-4,0.08047768221010199,0.2987073616789748,3,3,3.385622390249407E-4,10090,Mus musculus,"O08749","O08749","R-MMU-9859148;R-MMU-9859163;R-MMU-9859172"
R-MMU-210455,"Astrocytic Glutamate-Glutamine Uptake And Metabolism",1,4,4.323856880337261E-4,0.08047768221010199,0.2987073616789748,1,3,3.385622390249407E-4,10090,Mus musculus,"P43006","P43006","R-MMU-210439"
R-MMU-112313,"Neurotransmitter uptake and metabolism In glial cells",1,4,4.323856880337261E-4,0.08047768221010199,0.2987073616789748,1,3,3.385622390249407E-4,10090,Mus musculus,"P43006","P43006","R-MMU-210439"
R-MMU-3214858,"RMTs methylate histone arginines",3,48,0.005188628256404713,0.08103880926060947,0.2987073616789748,13,20,0.002257081593499605,10090,Mus musculus,"P68433;P62806;P25444","P68433;P62806;P25444","R-MMU-5212679;R-MMU-5205861;R-MMU-5661126;R-MMU-5205798;R-MMU-5229010;R-MMU-5205824;R-MMU-5205799;R-MMU-5225649;R-MMU-5218952;R-MMU-5205822;R-MMU-5661117;R-MMU-5225602;R-MMU-8879123"
R-MMU-6811436,"COPI-independent Golgi-to-ER retrograde traffic",3,48,0.005188628256404713,0.08103880926060947,0.2987073616789748,2,7,7.899785577248617E-4,10090,Mus musculus,"P68368;Q3UX10;Q8R1Q8","P68368;Q3UX10;Q8R1Q8","R-MMU-8849350;R-MMU-8849353"
R-MMU-73886,"Chromosome Maintenance",5,110,0.011890606420927468,0.0833528127605282,0.2987073616789748,4,33,0.003724184629274348,10090,Mus musculus,"Q8CGP0;P62806;Q64475;P10853;Q64478","Q8CGP0;P62806;Q64475;P10853;Q64478","R-MMU-9670101;R-MMU-606287;R-MMU-9670114;R-MMU-606326"
R-MMU-5693567,"HDR through Homologous Recombination (HRR) or Single Strand Annealing (SSA)",5,110,0.011890606420927468,0.0833528127605282,0.2987073616789748,2,39,0.00440130910732423,10090,Mus musculus,"Q8CGP0;P62806;Q64475;P10853;Q64478","Q8CGP0;P62806;Q64475;P10853;Q64478","R-MMU-5684071;R-MMU-5684052"
R-RNO-399710,"Activation of AMPA receptors",1,4,4.5300113250283127E-4,0.08414949437339792,0.6820452270887809,2,5,5.85000585000585E-4,10116,Rattus norvegicus,"P19491","P19491","R-RNO-420975;R-RNO-399711"
R-RNO-5205685,"PINK1-PRKN Mediated Mitophagy",2,22,0.002491506228765572,0.08500553095409369,0.6820452270887809,11,15,0.001755001755001755,10116,Rattus norvegicus,"Q9Z2L0;P81155","Q9Z2L0;P81155","R-RNO-9835011;R-RNO-9840807;R-RNO-9834945;R-RNO-5205673;R-RNO-9835009;R-RNO-9824892;R-RNO-9824897;R-RNO-5205663;R-RNO-9824888;R-RNO-9824894;R-RNO-5205649"
R-MMU-72706,"GTP hydrolysis and joining of the 60S ribosomal subunit",5,111,0.011998702842935898,0.08582112732759695,0.2987073616789748,3,3,3.385622390249407E-4,10090,Mus musculus,"P62908;Q6NZJ6;P25444;Q8BGD9;Q8JZQ9","P62908;Q6NZJ6;P25444;Q8BGD9;Q8JZQ9","R-MMU-72619;R-MMU-72671;R-MMU-72672"
R-MMU-9759476,"Regulation of Homotypic Cell-Cell Adhesion",6,145,0.01567398119122257,0.08647651148331625,0.2987073616789748,1,44,0.004965579505699131,10090,Mus musculus,"P68433;Q8CGP0;P62806;Q64475;P10853;Q64478","P68433;Q8CGP0;P62806;Q64475;P10853;Q64478","R-MMU-9764932"
R-MMU-5578775,"Ion homeostasis",3,50,0.005404821100421576,0.0889441886970368,0.2987073616789748,3,15,0.0016928111951247037,10090,Mus musculus,"Q6PIC6;Q6PIE5;P11798","Q6PIC6;Q6PIE5;P11798","R-MMU-427910;R-MMU-9684068;R-MMU-936897"
R-MMU-75153,"Apoptotic execution phase",3,50,0.005404821100421576,0.0889441886970368,0.2987073616789748,4,53,0.005981266222773954,10090,Mus musculus,"P10922;P10637;P14733","P10922;P10637;P14733","R-MMU-211239;R-MMU-264871;R-MMU-201629;R-MMU-211247"
R-MMU-166208,"mTORC1-mediated signalling",2,24,0.0025943141282023566,0.09100876374955102,0.2987073616789748,2,8,9.02832637399842E-4,10090,Mus musculus,"Q6NZJ6;Q8BGD9","Q6NZJ6;Q8BGD9","R-MMU-165777;R-MMU-165766"
R-MMU-72695,"Formation of the ternary complex, and subsequently, the 43S complex",3,51,0.005512917522430007,0.09301409285954909,0.2987073616789748,1,3,3.385622390249407E-4,10090,Mus musculus,"P62908;P25444;Q8JZQ9","P62908;P25444;Q8JZQ9","R-MMU-72691"
R-MMU-373755,"Semaphorin interactions",3,52,0.005621013944438439,0.09715980920538847,0.2987073616789748,5,28,0.003159914230899447,10090,Mus musculus,"O08553;P97427;P70336","O08553;P97427;P70336","R-MMU-399944;R-MMU-419049;R-MMU-399951;R-MMU-9680443;R-MMU-399947"
R-MMU-3371497,"HSP90 chaperone cycle for steroid hormone receptors (SHR) in the presence of ligand",3,52,0.005621013944438439,0.09715980920538847,0.2987073616789748,1,22,0.0024827897528495657,10090,Mus musculus,"P68368;Q3UX10;Q8R1Q8","P68368;Q3UX10;Q8R1Q8","R-MMU-5618080"
R-MMU-9668328,"Sealing of the nuclear envelope (NE) by ESCRT-III",2,25,0.002702410550210788,0.09745044750031984,0.2987073616789748,1,4,4.51416318699921E-4,10090,Mus musculus,"P68368;Q3UX10","P68368;Q3UX10","R-MMU-9668419"
R-MMU-70263,"Gluconeogenesis",2,25,0.002702410550210788,0.09745044750031984,0.2987073616789748,2,16,0.001805665274799684,10090,Mus musculus,"P05064;P16858","P05064;P16858","R-MMU-70482;R-MMU-71495"
R-MMU-199977,"ER to Golgi Anterograde Transport",6,150,0.016214463301264727,0.09762476260450204,0.2987073616789748,17,39,0.00440130910732423,10090,Mus musculus,"P68368;Q9DC28;Q00896;Q62261;Q3UX10;Q8R1Q8","P68368;Q9DC28;Q00896;Q62261;Q3UX10;Q8R1Q8","R-MMU-6807875;R-MMU-5694527;R-MMU-6809006;R-MMU-5694418;R-MMU-5694409;R-MMU-5694441;R-MMU-6807877;R-MMU-6809010;R-MMU-6809011;R-MMU-5694428;R-MMU-5694522;R-MMU-203973;R-MMU-5694446;R-MMU-5694439;R-MMU-204008;R-MMU-6809003;R-MMU-5694417"
R-RNO-418360,"Platelet calcium homeostasis",2,24,0.0027180067950169874,0.09839035486238779,0.6820452270887809,2,6,7.02000702000702E-4,10116,Rattus norvegicus,"P11507;P11505","P11507;P11505","R-RNO-418309;R-RNO-418365"
R-MMU-5693538,"Homology Directed Repair",5,116,0.012539184952978056,0.0987308360786312,0.2987073616789748,2,47,0.0053041417447240715,10090,Mus musculus,"Q8CGP0;P62806;Q64475;P10853;Q64478","Q8CGP0;P62806;Q64475;P10853;Q64478","R-MMU-5684071;R-MMU-5684052"
R-MMU-5627117,"RHO GTPases Activate ROCKs",1,5,5.404821100421576E-4,0.09956912055965828,0.2987073616789748,2,2,2.257081593499605E-4,10090,Mus musculus,"P70336","P70336","R-MMU-419049;R-MMU-9680443"
R-MMU-156842,"Eukaryotic Translation Elongation",1,5,5.404821100421576E-4,0.09956912055965828,0.2987073616789748,2,3,3.385622390249407E-4,10090,Mus musculus,"Q9D8N0","Q9D8N0","R-MMU-156910;R-MMU-156913"
R-MMU-429914,"Deadenylation-dependent mRNA decay",3,53,0.00572911036644687,0.10137955666984588,0.30413867000953765,3,8,9.02832637399842E-4,10090,Mus musculus,"P29341;Q6NZJ6;Q8BGD9","P29341;Q6NZJ6;Q8BGD9","R-MMU-430021;R-MMU-429992;R-MMU-429955"
R-MMU-936837,"Ion transport by P-type ATPases",3,53,0.00572911036644687,0.10137955666984588,0.30413867000953765,3,16,0.001805665274799684,10090,Mus musculus,"Q6PIC6;Q6PIE5;P11798","Q6PIC6;Q6PIE5;P11798","R-MMU-427910;R-MMU-9684068;R-MMU-936897"
R-MMU-8878171,"Transcriptional regulation by RUNX1",6,152,0.01643065614528159,0.10228937288890116,0.3068681186667035,8,38,0.004288455027649249,10090,Mus musculus,"P68433;Q8CGP0;P62806;Q64475;P10853;Q64478","P68433;Q8CGP0;P62806;Q64475;P10853;Q64478","R-MMU-8937050;R-MMU-8937016;R-MMU-8936608;R-MMU-8936621;R-MMU-8937113;R-MMU-8937022;R-MMU-8936584;R-MMU-8936481"
R-MMU-3214842,"HDMs demethylate histones",2,26,0.0028105069722192196,0.10401698917587732,0.31205096752763195,17,17,0.0019185193544746643,10090,Mus musculus,"P68433;P62806","P68433;P62806","R-MMU-5661114;R-MMU-4722133;R-MMU-4754176;R-MMU-5661115;R-MMU-5661116;R-MMU-4754181;R-MMU-5661123;R-MMU-5661124;R-MMU-4724284;R-MMU-5661125;R-MMU-4724279;R-MMU-3214912;R-MMU-4754187;R-MMU-5661120;R-MMU-5423117;R-MMU-5661121;R-MMU-5661122"
R-MMU-8955332,"Carboxyterminal post-translational modifications of tubulin",2,26,0.0028105069722192196,0.10401698917587732,0.31205096752763195,2,2,2.257081593499605E-4,10090,Mus musculus,"P68368;Q3UX10","P68368;Q3UX10","R-MMU-8865774;R-MMU-8867370"
R-MMU-9748787,"Azathioprine ADME",2,26,0.0028105069722192196,0.10401698917587732,0.31205096752763195,3,17,0.0019185193544746643,10090,Mus musculus,"Q3THK7;P15532","Q3THK7;P15532","R-MMU-9748957;R-MMU-9748999;R-MMU-9748969"
R-RNO-9853506,"OGDH complex synthesizes succinyl-CoA from 2-OG",1,5,5.662514156285391E-4,0.10406184203950197,0.6820452270887809,3,3,3.51000351000351E-4,10116,Rattus norvegicus,"Q01205","Q01205","R-RNO-9853499;R-RNO-9853512;R-RNO-71401"
R-MMU-983231,"Factors involved in megakaryocyte development and platelet production",5,119,0.012863474219003352,0.10692157605422359,0.32076472816267076,4,28,0.003159914230899447,10090,Mus musculus,"Q9QXL2;P68433;Q9QXL1;P68368;Q3UX10","Q9QXL2;P68433;Q9QXL1;P68368;Q3UX10","R-MMU-997263;R-MMU-994106;R-MMU-983259;R-MMU-983266"
R-MMU-5626467,"RHO GTPases activate IQGAPs",2,27,0.002918603394227651,0.11070049817475458,0.33210149452426374,1,5,5.642703983749013E-4,10090,Mus musculus,"P68368;Q3UX10","P68368;Q3UX10","R-MMU-5672329"
R-RNO-71403,"Citric acid cycle (TCA cycle)",2,26,0.002944507361268403,0.11231864106329059,0.6820452270887809,4,18,0.002106002106002106,10116,Rattus norvegicus,"P04636;Q01205","P04636;Q01205","R-RNO-9853499;R-RNO-9853512;R-RNO-70979;R-RNO-71401"
R-MMU-9031628,"NGF-stimulated transcription",1,6,6.485785320505892E-4,0.11826617683577834,0.34566355826270634,1,3,3.385622390249407E-4,10090,Mus musculus,"Q6PDQ2","Q6PDQ2","R-MMU-9613213"
R-RNO-442720,"CREB1 phosphorylation through the activation of Adenylate Cyclase",1,6,6.795016987542468E-4,0.12354344030099973,0.6820452270887809,2,2,2.34000234000234E-4,10116,Rattus norvegicus,"P12369","P12369","R-RNO-111925;R-RNO-8951727"
R-RNO-164378,"PKA activation in glucagon signalling",1,6,6.795016987542468E-4,0.12354344030099973,0.6820452270887809,1,1,1.17000117000117E-4,10116,Rattus norvegicus,"P12369","P12369","R-RNO-111925"
R-MMU-425397,"Transport of vitamins, nucleosides, and related molecules",2,29,0.003134796238244514,0.1243882014844071,0.34566355826270634,3,31,0.003498476469924388,10090,Mus musculus,"P51881;P48962","P51881;P48962","R-MMU-163215;R-MMU-5672027;R-MMU-5250209"
R-RNO-397014,"Muscle contraction",6,154,0.017440543601359004,0.12558574334544126,0.6820452270887809,9,41,0.004797004797004797,10116,Rattus norvegicus,"P11507;P11505;P35465;P13832;P06685;P08413","P11507;P11505;P35465;P13832;P06685;P08413","R-RNO-427910;R-RNO-9684068;R-RNO-445813;R-RNO-445700;R-RNO-936897;R-RNO-445704;R-RNO-418309;R-RNO-445705;R-RNO-445797"
R-MMU-8866652,"Synthesis of active ubiquitin: roles of E1 and E2 enzymes",2,30,0.0032428926602529455,0.1313779373188475,0.34566355826270634,10,13,0.0014671030357747432,10090,Mus musculus,"P56399;Q02053","P56399;Q02053","R-MMU-8852128;R-MMU-8852134;R-MMU-8852136;R-MMU-8852130;R-MMU-8852129;R-MMU-8852131;R-MMU-8853515;R-MMU-8852132;R-MMU-8853529;R-MMU-8852133"
R-MMU-1169408,"ISG15 antiviral mechanism",2,30,0.0032428926602529455,0.1313779373188475,0.34566355826270634,2,12,0.001354248956099763,10090,Mus musculus,"P46935;Q6NZJ6","P46935;Q6NZJ6","R-MMU-1169399;R-MMU-1678842"
R-MMU-975956,"Nonsense Mediated Decay (NMD) independent of the Exon Junction Complex (EJC)",4,93,0.01005296724678413,0.13308100031039705,0.34566355826270634,1,1,1.1285407967498025E-4,10090,Mus musculus,"P62908;P29341;Q6NZJ6;P25444","P62908;P29341;Q6NZJ6;P25444","R-MMU-927789"
R-RNO-445355,"Smooth Muscle Contraction",2,29,0.0032842582106455266,0.1340763739367603,0.6820452270887809,5,8,9.36000936000936E-4,10116,Rattus norvegicus,"P35465;P13832","P35465;P13832","R-RNO-445813;R-RNO-445700;R-RNO-445704;R-RNO-445705;R-RNO-445797"
R-RNO-5205647,"Mitophagy",2,29,0.0032842582106455266,0.1340763739367603,0.6820452270887809,11,22,0.002574002574002574,10116,Rattus norvegicus,"Q9Z2L0;P81155","Q9Z2L0;P81155","R-RNO-9835011;R-RNO-9840807;R-RNO-9834945;R-RNO-5205673;R-RNO-9835009;R-RNO-9824892;R-RNO-9824897;R-RNO-5205663;R-RNO-9824888;R-RNO-9824894;R-RNO-5205649"
R-MMU-8856688,"Golgi-to-ER retrograde transport",5,129,0.013944438439087666,0.13650762111628056,0.34566355826270634,4,18,0.0020313734341496446,10090,Mus musculus,"Q9QXL2;Q9QXL1;P68368;Q3UX10;Q8R1Q8","Q9QXL2;Q9QXL1;P68368;Q3UX10;Q8R1Q8","R-MMU-6811426;R-MMU-8849350;R-MMU-6811423;R-MMU-8849353"
R-MMU-6783984,"Glycine degradation",1,7,7.566749540590206E-4,0.13657695665719438,0.34566355826270634,1,3,3.385622390249407E-4,10090,Mus musculus,"O08749","O08749","R-MMU-5694018"
R-MMU-426117,"Cation-coupled Chloride cotransporters",1,7,7.566749540590206E-4,0.13657695665719438,0.34566355826270634,1,4,4.51416318699921E-4,10090,Mus musculus,"Q91V14","Q91V14","R-MMU-426155"
R-MMU-166187,"Mitochondrial Uncoupling",1,7,7.566749540590206E-4,0.13657695665719438,0.34566355826270634,1,7,7.899785577248617E-4,10090,Mus musculus,"P48962","P48962","R-MMU-9864415"
R-MMU-190861,"Gap junction assembly",2,31,0.0033509890822613774,0.13845570864296686,0.34566355826270634,1,6,6.771244780498814E-4,10090,Mus musculus,"P68368;Q3UX10","P68368;Q3UX10","R-MMU-190520"
R-MMU-6807878,"COPI-mediated anterograde transport",4,95,0.010269160090800995,0.14053598603728124,0.34566355826270634,6,12,0.001354248956099763,10090,Mus musculus,"P68368;Q62261;Q3UX10;Q8R1Q8","P68368;Q62261;Q3UX10;Q8R1Q8","R-MMU-6807875;R-MMU-6809006;R-MMU-6807877;R-MMU-6809010;R-MMU-6809011;R-MMU-6809003"
R-MMU-6811434,"COPI-dependent Golgi-to-ER retrograde traffic",4,95,0.010269160090800995,0.14053598603728124,0.34566355826270634,2,11,0.0012413948764247828,10090,Mus musculus,"Q9QXL2;Q9QXL1;P68368;Q3UX10","Q9QXL2;Q9QXL1;P68368;Q3UX10","R-MMU-6811426;R-MMU-6811423"
R-RNO-9861559,"PDH complex synthesizes acetyl-CoA from PYR",1,7,7.927519818799547E-4,0.14260356000875563,0.6820452270887809,3,3,3.51000351000351E-4,10116,Rattus norvegicus,"P26284","P26284","R-RNO-9861616;R-RNO-9861734;R-RNO-9861667"
R-RNO-5625900,"RHO GTPases activate CIT",1,7,7.927519818799547E-4,0.14260356000875563,0.6820452270887809,1,2,2.34000234000234E-4,10116,Rattus norvegicus,"P31016","P31016","R-RNO-5671993"
R-MMU-70171,"Glycolysis",3,63,0.006810074586531186,0.1472443389743764,0.34566355826270634,3,21,0.002369935673174585,10090,Mus musculus,"P12382;P16858;P05064","P12382;P16858;P05064","R-MMU-70467;R-MMU-70449;R-MMU-71496"
R-RNO-1592230,"Mitochondrial biogenesis",2,31,0.0035107587768969423,0.14906410292972372,0.6820452270887809,3,5,5.85000585000585E-4,10116,Rattus norvegicus,"P10719;P10860","P10719;P10860","R-RNO-8949580;R-RNO-5688289;R-RNO-5688276"
R-MMU-418990,"Adherens junctions interactions",6,170,0.018376391741433358,0.14928130400613226,0.34566355826270634,1,59,0.006658390700823835,10090,Mus musculus,"P68433;Q8CGP0;P62806;Q64475;P10853;Q64478","P68433;Q8CGP0;P62806;Q64475;P10853;Q64478","R-MMU-9764932"
R-MMU-2995410,"Nuclear Envelope (NE) Reassembly",3,64,0.006918171008539618,0.15215636800408017,0.34566355826270634,2,18,0.0020313734341496446,10090,Mus musculus,"P68368;P14733;Q3UX10","P68368;P14733;Q3UX10","R-MMU-2995376;R-MMU-9668419"
R-MMU-69481,"G2/M Checkpoints",5,134,0.014484920549129823,0.15253143814242276,0.34566355826270634,2,23,0.0025956438325245457,10090,Mus musculus,"Q8CGP0;P62806;Q64475;P10853;Q64478","Q8CGP0;P62806;Q64475;P10853;Q64478","R-MMU-5683735;R-MMU-69891"
R-MMU-193634,"Axonal growth inhibition (RHOA activation)",1,8,8.647713760674522E-4,0.15450939990006307,0.34566355826270634,2,3,3.385622390249407E-4,10090,Mus musculus,"Q99P72","Q99P72","R-MMU-193696;R-MMU-9012761"
R-MMU-9833482,"PKR-mediated signaling",3,65,0.007026267430548049,0.15712004947584202,0.34566355826270634,1,28,0.003159914230899447,10090,Mus musculus,"P68368;P10637;Q3UX10","P68368;P10637;Q3UX10","R-MMU-9836404"
R-MMU-432720,"Lysosome Vesicle Biogenesis",2,34,0.0036752783482866718,0.16015227331651272,0.34566355826270634,5,8,9.02832637399842E-4,10090,Mus musculus,"P22892;P61967","P22892;P61967","R-MMU-5333658;R-MMU-432706;R-MMU-432707;R-MMU-432712;R-MMU-432688"
R-MMU-9706574,"RHOBTB GTPase Cycle",2,34,0.0036752783482866718,0.16015227331651272,0.34566355826270634,2,4,4.51416318699921E-4,10090,Mus musculus,"Q9Z1N5;P70336","Q9Z1N5;P70336","R-MMU-9018787;R-MMU-9018778"
R-RNO-163359,"Glucagon signaling in metabolic regulation",1,8,9.060022650056625E-4,0.16125127349762425,0.6820452270887809,1,2,2.34000234000234E-4,10116,Rattus norvegicus,"P12369","P12369","R-RNO-111925"
R-RNO-6783984,"Glycine degradation",1,8,9.060022650056625E-4,0.16125127349762425,0.6820452270887809,1,3,3.51000351000351E-4,10116,Rattus norvegicus,"Q01205","Q01205","R-RNO-5694018"
R-MMU-9958790,"SLC-mediated transport of inorganic anions",2,35,0.0037833747702951032,0.16751836724199454,0.34566355826270634,2,21,0.002369935673174585,10090,Mus musculus,"Q91V14;O88343","Q91V14;O88343","R-MMU-8878664;R-MMU-426155"
R-RNO-5576891,"Cardiac conduction",4,98,0.011098527746319366,0.1705905132359662,0.6820452270887809,4,29,0.003393003393003393,10116,Rattus norvegicus,"P11507;P11505;P06685;P08413","P11507;P11505;P06685;P08413","R-RNO-427910;R-RNO-9684068;R-RNO-936897;R-RNO-418309"
R-MMU-1253288,"Downregulation of ERBB4 signaling",1,9,9.728677980758837E-4,0.17207128406981154,0.34566355826270634,2,5,5.642703983749013E-4,10090,Mus musculus,"P46935","P46935","R-MMU-1973956;R-MMU-1977296"
R-MMU-193697,"p75NTR regulates axonogenesis",1,9,9.728677980758837E-4,0.17207128406981154,0.34566355826270634,2,5,5.642703983749013E-4,10090,Mus musculus,"Q99P72","Q99P72","R-MMU-193696;R-MMU-9012761"
R-MMU-399997,"Acetylcholine regulates insulin secretion",1,9,9.728677980758837E-4,0.17207128406981154,0.34566355826270634,1,3,3.385622390249407E-4,10090,Mus musculus,"P26645","P26645","R-MMU-399978"
R-MMU-8948747,"Regulation of PTEN localization",1,9,9.728677980758837E-4,0.17207128406981154,0.34566355826270634,1,4,4.51416318699921E-4,10090,Mus musculus,"P46935","P46935","R-MMU-6807106"
R-MMU-9856872,"Malate-aspartate shuttle",1,9,9.728677980758837E-4,0.17207128406981154,0.34566355826270634,1,7,7.899785577248617E-4,10090,Mus musculus,"P05202","P05202","R-MMU-70613"
R-MMU-421270,"Cell-cell junction organization",6,178,0.01924116311750081,0.17283177913135317,0.34566355826270634,1,62,0.006996952939848776,10090,Mus musculus,"P68433;Q8CGP0;P62806;Q64475;P10853;Q64478","P68433;Q8CGP0;P62806;Q64475;P10853;Q64478","R-MMU-9764932"
R-MMU-9958863,"SLC-mediated transport of amino acids",2,36,0.0038914711923035347,0.17494170674970555,0.3498834134994111,7,34,0.0038370387089493286,10090,Mus musculus,"P10852;P43006","P10852;P43006","R-MMU-352232;R-MMU-378513;R-MMU-376200;R-MMU-379415;R-MMU-352191;R-MMU-379426;R-MMU-428015"
R-RNO-9663891,"Selective autophagy",3,66,0.007474518686296716,0.17821353846695964,0.6820452270887809,13,40,0.00468000468000468,10116,Rattus norvegicus,"Q9Z2L0;P81155;Q6AY56","Q9Z2L0;P81155;Q6AY56","R-RNO-9835011;R-RNO-9646679;R-RNO-9840807;R-RNO-9835009;R-RNO-9824888;R-RNO-5205649;R-RNO-9834945;R-RNO-5205673;R-RNO-9646685;R-RNO-9824892;R-RNO-9824897;R-RNO-5205663;R-RNO-9824894"
R-MMU-948021,"Transport to the Golgi and subsequent modification",6,180,0.019457355961517674,0.17894940554480876,0.3565335713504558,17,57,0.006432682541473874,10090,Mus musculus,"P68368;Q9DC28;Q00896;Q62261;Q3UX10;Q8R1Q8","P68368;Q9DC28;Q00896;Q62261;Q3UX10;Q8R1Q8","R-MMU-6807875;R-MMU-5694527;R-MMU-6809006;R-MMU-5694418;R-MMU-5694409;R-MMU-5694441;R-MMU-6807877;R-MMU-6809010;R-MMU-6809011;R-MMU-5694428;R-MMU-5694522;R-MMU-203973;R-MMU-5694446;R-MMU-5694439;R-MMU-204008;R-MMU-6809003;R-MMU-5694417"
R-RNO-9856872,"Malate-aspartate shuttle",1,9,0.0010192525481313704,0.17949545881558737,0.6820452270887809,1,7,8.19000819000819E-4,10116,Rattus norvegicus,"P04636","P04636","R-RNO-70979"
R-MMU-5628897,"TP53 Regulates Metabolic Genes",3,71,0.007674845962598638,0.18788214651702506,0.3565335713504558,2,18,0.0020313734341496446,10090,Mus musculus,"P99029;Q61171;P19783","P99029;Q61171;P19783","R-MMU-163214;R-MMU-3341343"
R-MMU-1268020,"Mitochondrial protein import",1,10,0.0010809642200843152,0.18927022760444978,0.3565335713504558,1,1,1.1285407967498025E-4,10090,Mus musculus,"P56480","P56480","R-MMU-8986181"
R-MMU-425381,"Bicarbonate transporters",1,10,0.0010809642200843152,0.18927022760444978,0.3565335713504558,1,4,4.51416318699921E-4,10090,Mus musculus,"O88343","O88343","R-MMU-8878664"
R-MMU-2151201,"Transcriptional activation of mitochondrial biogenesis",1,10,0.0010809642200843152,0.18927022760444978,0.3565335713504558,1,4,4.51416318699921E-4,10090,Mus musculus,"P09671","P09671","R-MMU-5688289"
R-MMU-9857492,"Protein lipoylation",1,10,0.0010809642200843152,0.18927022760444978,0.3565335713504558,1,4,4.51416318699921E-4,10090,Mus musculus,"Q8BMF4","Q8BMF4","R-MMU-9858752"
R-MMU-111465,"Apoptotic cleavage of cellular proteins",2,38,0.004107664036320398,0.18993828935065482,0.3565335713504558,2,38,0.004288455027649249,10090,Mus musculus,"P10637;P14733","P10637;P14733","R-MMU-264871;R-MMU-201629"
R-MMU-5693532,"DNA Double-Strand Break Repair",5,146,0.015782077613231003,0.19392475681316812,0.3565335713504558,35,106,0.011962532445547907,10090,Mus musculus,"Q8CGP0;P62806;Q64475;P10853;Q64478","Q8CGP0;P62806;Q64475;P10853;Q64478","R-MMU-5682992;R-MMU-5693566;R-MMU-5684071;R-MMU-5686704;R-MMU-5693599;R-MMU-5684052;R-MMU-5682965;R-MMU-5693549;R-MMU-5693602;R-MMU-5686685;R-MMU-5682967;R-MMU-5682983;R-MMU-5693551;R-MMU-5683735;R-MMU-5682858;R-MMU-5683425;R-MMU-5682863;R-MMU-5683930;R-MMU-5693536;R-MMU-5693583;R-MMU-5683405;R-MMU-5682629;R-MMU-5683385;R-MMU-5683986;R-MMU-5682598;R-MMU-5683384;R-MMU-5683964;R-MMU-69891;R-MMU-5682607;R-MMU-5683967;R-MMU-5686900;R-MMU-5682586;R-MMU-5682588;R-MMU-5683801;R-MMU-5683077"
R-RNO-437239,"Recycling pathway of L1",2,37,0.004190260475651189,0.19571358140557937,0.6820452270887809,2,9,0.001053001053001053,10116,Rattus norvegicus,"Q6AY56;P21575","Q6AY56;P21575","R-RNO-445071;R-RNO-555065"
R-RNO-451308,"Activation of Ca-permeable Kainate Receptor",1,10,0.0011325028312570782,0.19734480386307618,0.6820452270887809,2,2,2.34000234000234E-4,10116,Rattus norvegicus,"P31016","P31016","R-RNO-451311;R-RNO-451283"
R-RNO-1268020,"Mitochondrial protein import",1,10,0.0011325028312570782,0.19734480386307618,0.6820452270887809,1,1,1.17000117000117E-4,10116,Rattus norvegicus,"P10719","P10719","R-RNO-8986181"
R-RNO-9634597,"GPER1 signaling",1,10,0.0011325028312570782,0.19734480386307618,0.6820452270887809,2,3,3.51000351000351E-4,10116,Rattus norvegicus,"P12369","P12369","R-RNO-111925;R-RNO-8951727"
R-RNO-451306,"Ionotropic activity of kainate receptors",1,10,0.0011325028312570782,0.19734480386307618,0.6820452270887809,2,4,4.68000468000468E-4,10116,Rattus norvegicus,"P31016","P31016","R-RNO-451311;R-RNO-451283"
R-RNO-196025,"Formation of annular gap junctions",1,10,0.0011325028312570782,0.19734480386307618,0.6820452270887809,1,2,2.34000234000234E-4,10116,Rattus norvegicus,"P21575","P21575","R-RNO-196017"
R-RNO-451326,"Activation of kainate receptors upon glutamate binding",1,10,0.0011325028312570782,0.19734480386307618,0.6820452270887809,2,5,5.85000585000585E-4,10116,Rattus norvegicus,"P31016","P31016","R-RNO-451311;R-RNO-451283"
R-RNO-9857492,"Protein lipoylation",1,10,0.0011325028312570782,0.19734480386307618,0.6820452270887809,1,4,4.68000468000468E-4,10116,Rattus norvegicus,"Q01205","Q01205","R-RNO-6792572"
R-MMU-422475,"Axon guidance",8,268,0.028969841098259647,0.202975864426584,0.3565335713504558,14,147,0.016589549712222096,10090,Mus musculus,"O08553;Q8BZ98;P68368;P06837;Q62261;Q3UX10;P97427;P70336","O08553;Q8BZ98;P68368;P06837;Q62261;Q3UX10;P97427;P70336","R-MMU-8933328;R-MMU-419049;R-MMU-399951;R-MMU-9680443;R-MMU-392053;R-MMU-445071;R-MMU-3928576;R-MMU-392751;R-MMU-392051;R-MMU-399944;R-MMU-399947;R-MMU-392054;R-MMU-555065;R-MMU-443783"
R-MMU-70326,"Glucose metabolism",3,74,0.007999135228623933,0.20381030675716283,0.3565335713504558,5,37,0.004175600947974269,10090,Mus musculus,"P12382;P16858;P05064","P12382;P16858;P05064","R-MMU-70467;R-MMU-70482;R-MMU-71495;R-MMU-70449;R-MMU-71496"
R-MMU-199991,"Membrane Trafficking",15,563,0.06085828559074695,0.20463828340089685,0.3565335713504558,47,181,0.020426588421171427,10090,Mus musculus,"Q61548;Q62261;O08539;Q3UX10;Q8CHC4;Q8BZ98;Q9QXL2;P68368;Q9QXL1;Q9DC28;Q80U28;Q00896;P22892;P61967;Q8R1Q8","Q61548;Q62261;O08539;Q3UX10;Q8CHC4;Q8BZ98;Q9QXL2;P68368;Q9QXL1;Q9DC28;Q80U28;Q00896;P22892;P61967;Q8R1Q8","R-MMU-8868651;R-MMU-5694527;R-MMU-6809006;R-MMU-5694418;R-MMU-5694441;R-MMU-6807877;R-MMU-421836;R-MMU-421835;R-MMU-8868648;R-MMU-5694522;R-MMU-8868236;R-MMU-5694446;R-MMU-8868660;R-MMU-5694439;R-MMU-8868661;R-MMU-8867754;R-MMU-8867756;R-MMU-204008;R-MMU-8868658;R-MMU-8877308;R-MMU-421833;R-MMU-432707;R-MMU-432712;R-MMU-8849353;R-MMU-6809003;R-MMU-5694417;R-MMU-8868659;R-MMU-6807875;R-MMU-8875318;R-MMU-5333658;R-MMU-5694409;R-MMU-432706;R-MMU-6809010;R-MMU-6809011;R-MMU-5694428;R-MMU-203973;R-MMU-8871193;R-MMU-6811426;R-MMU-8871194;R-MMU-421831;R-MMU-190520;R-MMU-8867613;R-MMU-8849350;R-MMU-6811423;R-MMU-8868071;R-MMU-8868072;R-MMU-432688"
R-MMU-9675108,"Nervous system development",8,269,0.02907793752026808,0.2056696723070065,0.3565335713504558,14,149,0.016815257871572058,10090,Mus musculus,"O08553;Q8BZ98;P68368;P06837;Q62261;Q3UX10;P97427;P70336","O08553;Q8BZ98;P68368;P06837;Q62261;Q3UX10;P97427;P70336","R-MMU-8933328;R-MMU-419049;R-MMU-399951;R-MMU-9680443;R-MMU-392053;R-MMU-445071;R-MMU-3928576;R-MMU-392751;R-MMU-392051;R-MMU-399944;R-MMU-399947;R-MMU-392054;R-MMU-555065;R-MMU-443783"
R-MMU-445095,"Interaction between L1 and Ankyrins",1,11,0.0011890606420927466,0.20611369311131122,0.3565335713504558,1,1,1.1285407967498025E-4,10090,Mus musculus,"Q62261","Q62261","R-MMU-392751"
R-MMU-416572,"Sema4D induced cell migration and growth-cone collapse",1,11,0.0011890606420927466,0.20611369311131122,0.3565335713504558,2,5,5.642703983749013E-4,10090,Mus musculus,"P70336","P70336","R-MMU-419049;R-MMU-9680443"
R-MMU-8963693,"Aspartate and asparagine metabolism",1,11,0.0011890606420927466,0.20611369311131122,0.3565335713504558,1,10,0.0011285407967498026,10090,Mus musculus,"P05202","P05202","R-MMU-70596"
R-MMU-71240,"Tryptophan catabolism",1,11,0.0011890606420927466,0.20611369311131122,0.3565335713504558,1,10,0.0011285407967498026,10090,Mus musculus,"P10852","P10852","R-MMU-352232"
R-MMU-73817,"Purine ribonucleoside monophosphate biosynthesis",1,11,0.0011890606420927466,0.20611369311131122,0.3565335713504558,1,17,0.0019185193544746643,10090,Mus musculus,"Q3THK7","Q3THK7","R-MMU-73792"
R-MMU-927802,"Nonsense-Mediated Decay (NMD)",4,112,0.01210679926494433,0.20980604431654304,0.3565335713504558,6,6,6.771244780498814E-4,10090,Mus musculus,"P62908;P29341;Q6NZJ6;P25444","P62908;P29341;Q6NZJ6;P25444","R-MMU-927832;R-MMU-927836;R-MMU-927813;R-MMU-927889;R-MMU-927789;R-MMU-927830"
R-MMU-975957,"Nonsense Mediated Decay (NMD) enhanced by the Exon Junction Complex (EJC)",4,112,0.01210679926494433,0.20980604431654304,0.3565335713504558,5,5,5.642703983749013E-4,10090,Mus musculus,"P62908;P29341;Q6NZJ6;P25444","P62908;P29341;Q6NZJ6;P25444","R-MMU-927832;R-MMU-927836;R-MMU-927813;R-MMU-927889;R-MMU-927830"
R-MMU-9035034,"RHOF GTPase cycle",2,41,0.0044319533023456925,0.21273122181544268,0.3565335713504558,1,3,3.385622390249407E-4,10090,Mus musculus,"P14733;Q91XV3","P14733;Q91XV3","R-MMU-9693125"
R-MMU-190828,"Gap junction trafficking",2,41,0.0044319533023456925,0.21273122181544268,0.3565335713504558,1,10,0.0011285407967498026,10090,Mus musculus,"P68368;Q3UX10","P68368;Q3UX10","R-MMU-190520"
R-MMU-165159,"MTOR signalling",2,41,0.0044319533023456925,0.21273122181544268,0.3565335713504558,2,29,0.0032727683105744274,10090,Mus musculus,"Q6NZJ6;Q8BGD9","Q6NZJ6;Q8BGD9","R-MMU-165777;R-MMU-165766"
R-RNO-445095,"Interaction between L1 and Ankyrins",1,11,0.001245753114382786,0.21480781044464936,0.6820452270887809,1,1,1.17000117000117E-4,10116,Rattus norvegicus,"Q9QWN8","Q9QWN8","R-RNO-392751"
R-RNO-190873,"Gap junction degradation",1,11,0.001245753114382786,0.21480781044464936,0.6820452270887809,3,4,4.68000468000468E-4,10116,Rattus norvegicus,"P21575","P21575","R-RNO-190829;R-RNO-190519;R-RNO-196017"
R-MMU-388841,"Regulation of T cell activation by CD28 family",6,192,0.020754513025618853,0.21738499291733615,0.3565335713504558,1,59,0.006658390700823835,10090,Mus musculus,"P68433;Q8CGP0;P62806;Q64475;P10853;Q64478","P68433;Q8CGP0;P62806;Q64475;P10853;Q64478","R-MMU-9909631"
R-MMU-450408,"AUF1 (hnRNP D0) binds and destabilizes mRNA",2,42,0.0045400497243541236,0.22038921013848656,0.3565335713504558,2,4,4.51416318699921E-4,10090,Mus musculus,"P29341;Q6NZJ6","P29341;Q6NZJ6","R-MMU-450580;R-MMU-450551"
R-MMU-69278,"Cell Cycle, Mitotic",13,486,0.05253486109609772,0.22208776727313406,0.3565335713504558,65,279,0.03148628822931949,10090,Mus musculus,"Q8CGP0;P62806;P14733;Q64475;Q8BGZ4;Q3UX10;P10853;Q64478;P68404;P68433;P68368;Q9DC28;Q8R1Q8","Q8CGP0;P62806;P14733;Q64475;Q8BGZ4;Q3UX10;P10853;Q64478;P68404;P68433;P68368;Q9DC28;Q8R1Q8","R-MMU-2467809;R-MMU-188191;R-MMU-174132;R-MMU-380455;R-MMU-9686969;R-MMU-380508;R-MMU-9686980;R-MMU-69015;R-MMU-380316;R-MMU-141423;R-MMU-174120;R-MMU-179417;R-MMU-380311;R-MMU-179421;R-MMU-174121;R-MMU-2993898;R-MMU-1638803;R-MMU-174057;R-MMU-8853405;R-MMU-174058;R-MMU-8852306;R-MMU-380272;R-MMU-174144;R-MMU-2995376;R-MMU-8852298;R-MMU-3000310;R-MMU-2467811;R-MMU-3000319;R-MMU-2574840;R-MMU-5229194;R-MMU-174157;R-MMU-2574845;R-MMU-174139;R-MMU-8852280;R-MMU-188371;R-MMU-174224;R-MMU-174088;R-MMU-5244669;R-MMU-174227;R-MMU-9668419;R-MMU-174195;R-MMU-9648114;R-MMU-174202;R-MMU-9648017;R-MMU-174171;R-MMU-174079;R-MMU-174070;R-MMU-8853419;R-MMU-1638821;R-MMU-174119;R-MMU-179410;R-MMU-5223304;R-MMU-380294;R-MMU-380303;R-MMU-174255;R-MMU-174104;R-MMU-2468287;R-MMU-2294590;R-MMU-174105;R-MMU-380283;R-MMU-2294600;R-MMU-174238;R-MMU-375302;R-MMU-2484822;R-MMU-2294580"
R-MMU-2022923,"DS-GAG biosynthesis",1,12,0.0012971570641011783,0.22260899053799166,0.3565335713504558,5,5,5.642703983749013E-4,10090,Mus musculus,"Q61361","Q61361","R-MMU-2022052;R-MMU-2022063;R-MMU-2022065;R-MMU-2022061;R-MMU-9941312"
R-MMU-71064,"Lysine catabolism",1,12,0.0012971570641011783,0.22260899053799166,0.3565335713504558,3,14,0.0015799571154497235,10090,Mus musculus,"O08749","O08749","R-MMU-9858321;R-MMU-9858589;R-MMU-9858590"
R-MMU-140342,"Apoptosis induced DNA fragmentation",1,12,0.0012971570641011783,0.22260899053799166,0.3565335713504558,2,12,0.001354248956099763,10090,Mus musculus,"P10922","P10922","R-MMU-211239;R-MMU-211247"
R-MMU-264870,"Caspase-mediated cleavage of cytoskeletal proteins",1,12,0.0012971570641011783,0.22260899053799166,0.3565335713504558,1,10,0.0011285407967498026,10090,Mus musculus,"P10637","P10637","R-MMU-201629"
R-MMU-9755088,"Ribavirin ADME",1,12,0.0012971570641011783,0.22260899053799166,0.3565335713504558,1,11,0.0012413948764247828,10090,Mus musculus,"P15532","P15532","R-MMU-9755013"
R-MMU-1855183,"Synthesis of IP2, IP, and Ins in the cytosol",1,12,0.0012971570641011783,0.22260899053799166,0.3565335713504558,1,11,0.0012413948764247828,10090,Mus musculus,"Q8CHC4","Q8CHC4","R-MMU-1855174"
R-RNO-190828,"Gap junction trafficking",2,41,0.00464326160815402,0.2277224212218727,0.6820452270887809,4,10,0.00117000117000117,10116,Rattus norvegicus,"Q6AY56;P21575","Q6AY56;P21575","R-RNO-190520;R-RNO-190829;R-RNO-190519;R-RNO-196017"
R-MMU-157858,"Gap junction trafficking and regulation",2,43,0.0046481461463625555,0.22806991861277948,0.3565335713504558,1,13,0.0014671030357747432,10090,Mus musculus,"P68368;Q3UX10","P68368;Q3UX10","R-MMU-190520"
R-RNO-2151201,"Transcriptional activation of mitochondrial biogenesis",1,12,0.0013590033975084937,0.23189279823476472,0.6820452270887809,2,4,4.68000468000468E-4,10116,Rattus norvegicus,"P10860","P10860","R-RNO-5688289;R-RNO-5688276"
R-RNO-71064,"Lysine catabolism",1,12,0.0013590033975084937,0.23189279823476472,0.6820452270887809,3,14,0.001638001638001638,10116,Rattus norvegicus,"Q01205","Q01205","R-RNO-9858321;R-RNO-9858589;R-RNO-9858590"
R-RNO-389359,"CD28 dependent Vav1 pathway",1,12,0.0013590033975084937,0.23189279823476472,0.6820452270887809,1,6,7.02000702000702E-4,10116,Rattus norvegicus,"P35465","P35465","R-RNO-389788"
R-MMU-3214841,"PKMTs methylate histone lysines",2,44,0.0047562425683709865,0.23576913195440652,0.3565335713504558,20,22,0.0024827897528495657,10090,Mus musculus,"P68433;P62806","P68433;P62806","R-MMU-5638141;R-MMU-5649801;R-MMU-5638157;R-MMU-5634802;R-MMU-5638332;R-MMU-5649802;R-MMU-5423038;R-MMU-5159245;R-MMU-4827382;R-MMU-5649799;R-MMU-5649800;R-MMU-5634750;R-MMU-5244692;R-MMU-5651657;R-MMU-5649764;R-MMU-4827383;R-MMU-5651654;R-MMU-5638333;R-MMU-5637686;R-MMU-5634729"
R-MMU-8964539,"Glutamate and glutamine metabolism",1,13,0.0014052534861096098,0.23876328027936977,0.3565335713504558,1,13,0.0014671030357747432,10090,Mus musculus,"P05202","P05202","R-MMU-70613"
R-RNO-157858,"Gap junction trafficking and regulation",2,43,0.004869762174405436,0.24387010200479442,0.6820452270887809,4,13,0.001521001521001521,10116,Rattus norvegicus,"Q6AY56;P21575","Q6AY56;P21575","R-RNO-190520;R-RNO-190829;R-RNO-190519;R-RNO-196017"
R-RNO-5621575,"CD209 (DC-SIGN) signaling",1,13,0.0014722536806342015,0.2486079086594737,0.6820452270887809,1,5,5.85000585000585E-4,10116,Rattus norvegicus,"P35465","P35465","R-RNO-5624492"
R-RNO-8964539,"Glutamate and glutamine metabolism",1,13,0.0014722536806342015,0.2486079086594737,0.6820452270887809,2,13,0.001521001521001521,10116,Rattus norvegicus,"P10860","P10860","R-RNO-70600;R-RNO-70589"
R-MMU-5218921,"VEGFR2 mediated cell proliferation",1,14,0.0015133499081180413,0.2545835762214512,0.3565335713504558,4,8,9.02832637399842E-4,10090,Mus musculus,"P68404","P68404","R-MMU-5218805;R-MMU-5218823;R-MMU-5218813;R-MMU-5218821"
R-MMU-5682910,"LGI-ADAM interactions",1,14,0.0015133499081180413,0.2545835762214512,0.3565335713504558,1,5,5.642703983749013E-4,10090,Mus musculus,"P61264","P61264","R-MMU-5682802"
R-MMU-8956320,"Nucleotide biosynthesis",1,14,0.0015133499081180413,0.2545835762214512,0.3565335713504558,1,24,0.002708497912199526,10090,Mus musculus,"Q3THK7","Q3THK7","R-MMU-73792"
R-MMU-446728,"Cell junction organization",6,203,0.0219435736677116,0.2548490416496636,0.3565335713504558,1,76,0.008576910055298499,10090,Mus musculus,"P68433;Q8CGP0;P62806;Q64475;P10853;Q64478","P68433;Q8CGP0;P62806;Q64475;P10853;Q64478","R-MMU-9764932"
R-MMU-114608,"Platelet degranulation ",4,123,0.013295859907037078,0.2589066842120068,0.3565335713504558,3,8,9.02832637399842E-4,10090,Mus musculus,"Q61207;P68368;Q00896;P05064","Q61207;P68368;Q00896;P05064","R-MMU-482772;R-MMU-481007;R-MMU-351341"
R-RNO-5682910,"LGI-ADAM interactions",1,14,0.0015855039637599094,0.2649611086958128,0.6820452270887809,1,5,5.85000585000585E-4,10116,Rattus norvegicus,"P31016","P31016","R-RNO-5682794"
R-MMU-2980766,"Nuclear Envelope Breakdown",2,48,0.005188628256404713,0.26667234710697163,0.3565335713504558,4,10,0.0011285407967498026,10090,Mus musculus,"P68404;P14733","P68404;P14733","R-MMU-5244669;R-MMU-5229194;R-MMU-5223304;R-MMU-2993898"
R-RNO-70268,"Pyruvate metabolism",2,46,0.005209513023782559,0.26816672733235036,0.6820452270887809,6,27,0.003159003159003159,10116,Rattus norvegicus,"Q9Z2L0;P26284","Q9Z2L0;P26284","R-RNO-203946;R-RNO-204169;R-RNO-9861616;R-RNO-9861734;R-RNO-9861667;R-RNO-9012374"
R-RNO-9837999,"Mitochondrial protein degradation",3,82,0.00928652321630804,0.26955287556131347,0.6820452270887809,4,16,0.001872001872001872,10116,Rattus norvegicus,"P04636;P10719;P10860","P04636;P10719;P10860","R-RNO-9838093;R-RNO-9838035;R-RNO-9838081;R-RNO-9838289"
R-MMU-400685,"Sema4D in semaphorin signaling",1,15,0.0016214463301264727,0.27007674872384135,0.3565335713504558,2,11,0.0012413948764247828,10090,Mus musculus,"P70336","P70336","R-MMU-419049;R-MMU-9680443"
R-MMU-3000178,"ECM proteoglycans",2,49,0.005296724678413144,0.2744064074072001,0.3565335713504558,3,14,0.0015799571154497235,10090,Mus musculus,"Q61361;Q80YX1","Q61361;Q80YX1","R-MMU-2681667;R-MMU-2681681;R-MMU-2424246"
R-MMU-380320,"Recruitment of NuMA to mitotic centrosomes",3,87,0.009404388714733543,0.27570973632966744,0.3565335713504558,2,2,2.257081593499605E-4,10090,Mus musculus,"P68368;Q9DC28;Q3UX10","P68368;Q9DC28;Q3UX10","R-MMU-380316;R-MMU-380508"
R-RNO-399954,"Sema3A PAK dependent Axon repulsion",1,15,0.0016987542468856172,0.2809601945906274,0.6820452270887809,3,5,5.85000585000585E-4,10116,Rattus norvegicus,"P35465","P35465","R-RNO-399952;R-RNO-399939;R-RNO-399930"
R-RNO-190840,"Microtubule-dependent trafficking of connexons from Golgi to the plasma membrane",1,15,0.0016987542468856172,0.2809601945906274,0.6820452270887809,1,2,2.34000234000234E-4,10116,Rattus norvegicus,"Q6AY56","Q6AY56","R-RNO-190520"
R-MMU-112310,"Neurotransmitter release cycle",2,51,0.005512917522430007,0.28986079366998563,0.3565335713504558,5,32,0.003611330549599368,10090,Mus musculus,"O88935;P43006","O88935;P43006","R-MMU-380574;R-MMU-380901;R-MMU-380905;R-MMU-210404;R-MMU-380869"
R-MMU-9612973,"Autophagy",4,130,0.014052534861096097,0.2912564702496141,0.3565335713504558,12,80,0.00902832637399842,10090,Mus musculus,"Q60931;P68368;Q3UX10;Q8R1Q8","Q60931;P68368;Q3UX10;Q8R1Q8","R-MMU-9824897;R-MMU-9646679;R-MMU-9840807;R-MMU-9646348;R-MMU-9824892;R-MMU-9835009;R-MMU-9835011;R-MMU-9824894;R-MMU-9834945;R-MMU-9834070;R-MMU-9646685;R-MMU-9824888"
R-MMU-1632852,"Macroautophagy",4,130,0.014052534861096097,0.2912564702496141,0.3565335713504558,12,80,0.00902832637399842,10090,Mus musculus,"Q60931;P68368;Q3UX10;Q8R1Q8","Q60931;P68368;Q3UX10;Q8R1Q8","R-MMU-9824897;R-MMU-9646679;R-MMU-9840807;R-MMU-9646348;R-MMU-9824892;R-MMU-9835009;R-MMU-9835011;R-MMU-9824894;R-MMU-9834945;R-MMU-9834070;R-MMU-9646685;R-MMU-9824888"
R-RNO-111931,"PKA-mediated phosphorylation of CREB",1,16,0.001812004530011325,0.29661279550052744,0.6820452270887809,2,3,3.51000351000351E-4,10116,Rattus norvegicus,"P12369","P12369","R-RNO-111925;R-RNO-8951727"
R-RNO-163615,"PKA activation",1,16,0.001812004530011325,0.29661279550052744,0.6820452270887809,2,3,3.51000351000351E-4,10116,Rattus norvegicus,"P12369","P12369","R-RNO-111925;R-RNO-8951727"
R-RNO-204174,"Regulation of pyruvate dehydrogenase (PDH) complex",1,16,0.001812004530011325,0.29661279550052744,0.6820452270887809,2,5,5.85000585000585E-4,10116,Rattus norvegicus,"P26284","P26284","R-RNO-203946;R-RNO-204169"
R-RNO-190872,"Transport of connexons to the plasma membrane",1,16,0.001812004530011325,0.29661279550052744,0.6820452270887809,1,3,3.51000351000351E-4,10116,Rattus norvegicus,"Q6AY56","Q6AY56","R-RNO-190520"
R-RNO-399956,"CRMPs in Sema3A signaling",1,16,0.001812004530011325,0.29661279550052744,0.6820452270887809,1,3,3.51000351000351E-4,10116,Rattus norvegicus,"P18266","P18266","R-RNO-399951"
R-RNO-438064,"Post NMDA receptor activation events",1,16,0.001812004530011325,0.29661279550052744,0.6820452270887809,2,8,9.36000936000936E-4,10116,Rattus norvegicus,"P12369","P12369","R-RNO-111925;R-RNO-8951727"
R-RNO-71336,"Pentose phosphate pathway",1,16,0.001812004530011325,0.29661279550052744,0.6820452270887809,1,20,0.00234000234000234,10116,Rattus norvegicus,"P85971","P85971","R-RNO-71296"
R-MMU-9865881,"Complex III assembly",1,17,0.0018376391741433359,0.3001085046879437,0.3565335713504558,1,3,3.385622390249407E-4,10090,Mus musculus,"Q9DB77","Q9DB77","R-MMU-9906042"
R-MMU-2995383,"Initiation of Nuclear Envelope (NE) Reformation",1,17,0.0018376391741433359,0.3001085046879437,0.3565335713504558,1,7,7.899785577248617E-4,10090,Mus musculus,"P14733","P14733","R-MMU-2995376"
R-MMU-8876725,"Protein methylation",1,17,0.0018376391741433359,0.3001085046879437,0.3565335713504558,1,9,0.0010156867170748223,10090,Mus musculus,"P25444","P25444","R-MMU-8879123"
R-RNO-373755,"Semaphorin interactions",2,51,0.005775764439411099,0.30859571782933426,0.6820452270887809,4,28,0.003276003276003276,10116,Rattus norvegicus,"P35465;P18266","P35465;P18266","R-RNO-399952;R-RNO-399939;R-RNO-399930;R-RNO-399951"
R-RNO-196299,"Beta-catenin phosphorylation cascade",1,17,0.001925254813137033,0.3119263770546402,0.6820452270887809,4,4,4.68000468000468E-4,10116,Rattus norvegicus,"P18266","P18266","R-RNO-195283;R-RNO-195318;R-RNO-195287;R-RNO-195300"
R-RNO-416993,"Trafficking of GluR2-containing AMPA receptors",1,17,0.001925254813137033,0.3119263770546402,0.6820452270887809,3,3,3.51000351000351E-4,10116,Rattus norvegicus,"P19491","P19491","R-RNO-421007;R-RNO-416985;R-RNO-416639"
R-RNO-6803529,"FGFR2 alternative splicing",1,17,0.001925254813137033,0.3119263770546402,0.6820452270887809,1,1,1.17000117000117E-4,10116,Rattus norvegicus,"P04256","P04256","R-RNO-6803523"
R-MMU-72187,"mRNA 3'-end processing",2,54,0.005837206788455302,0.3129624436919982,0.3565335713504558,3,3,3.385622390249407E-4,10090,Mus musculus,"Q9Z1N5;Q9CQF3","Q9Z1N5;Q9CQF3","R-MMU-8849157;R-MMU-72180;R-MMU-72185"
R-MMU-181429,"Serotonin Neurotransmitter Release Cycle",1,18,0.0019457355961517674,0.31466013723928365,0.3565335713504558,2,3,3.385622390249407E-4,10090,Mus musculus,"O88935","O88935","R-MMU-380901;R-MMU-380905"
R-MMU-1266695,"Interleukin-7 signaling",1,18,0.0019457355961517674,0.31466013723928365,0.3565335713504558,1,12,0.001354248956099763,10090,Mus musculus,"P68433","P68433","R-MMU-8865613"
R-MMU-69620,"Cell Cycle Checkpoints",7,263,0.02842935898821749,0.31524943449058984,0.3565335713504558,7,58,0.006545536621148855,10090,Mus musculus,"Q8CGP0;P62806;Q8BGZ4;Q64475;P10853;Q8R1Q8;Q64478","Q8CGP0;P62806;Q8BGZ4;Q64475;P10853;Q8R1Q8;Q64478","R-MMU-141439;R-MMU-141422;R-MMU-5683735;R-MMU-141423;R-MMU-69891;R-MMU-141431;R-MMU-141409"
R-MMU-432722,"Golgi Associated Vesicle Biogenesis",2,55,0.005945303210463734,0.3206304039453465,0.3565335713504558,4,7,7.899785577248617E-4,10090,Mus musculus,"P22892;P61967","P22892;P61967","R-MMU-421831;R-MMU-421836;R-MMU-421833;R-MMU-421835"
R-MMU-5620912,"Anchoring of the basal body to the plasma membrane",3,95,0.010269160090800995,0.32120366786990906,0.3565335713504558,8,9,0.0010156867170748223,10090,Mus musculus,"P68368;Q9DC28;P42208","P68368;Q9DC28;P42208","R-MMU-5638009;R-MMU-5626227;R-MMU-5626228;R-MMU-5626699;R-MMU-5626220;R-MMU-5626223;R-MMU-5626681;R-MMU-5617816"
R-RNO-8964616,"G beta:gamma signalling through CDC42",1,18,0.0020385050962627408,0.3269082448417874,0.6820452270887809,4,4,4.68000468000468E-4,10116,Rattus norvegicus,"P35465","P35465","R-RNO-8964614;R-RNO-8964604;R-RNO-8964634;R-RNO-8964619"
R-RNO-180024,"DARPP-32 events",1,18,0.0020385050962627408,0.3269082448417874,0.6820452270887809,2,10,0.00117000117000117,10116,Rattus norvegicus,"P12369","P12369","R-RNO-111925;R-RNO-8951727"
R-MMU-5620920,"Cargo trafficking to the periciliary membrane",2,56,0.006053399632472165,0.3282777211460941,0.3565335713504558,2,27,0.003047060151224467,10090,Mus musculus,"P68368;Q3UX10","P68368;Q3UX10","R-MMU-5618328;R-MMU-5618331"
R-MMU-1500931,"Cell-Cell communication",6,225,0.024321694951897094,0.334146987074609,0.3565335713504558,1,92,0.010382575330098183,10090,Mus musculus,"P68433;Q8CGP0;P62806;Q64475;P10853;Q64478","P68433;Q8CGP0;P62806;Q64475;P10853;Q64478","R-MMU-9764932"
R-MMU-8856828,"Clathrin-mediated endocytosis",4,140,0.015133499081180413,0.33829580256345093,0.3565335713504558,14,31,0.003498476469924388,10090,Mus musculus,"Q8CHC4;Q8BZ98;Q61548;O08539","Q8CHC4;Q8BZ98;Q61548;O08539","R-MMU-8868651;R-MMU-8868648;R-MMU-8871193;R-MMU-8868236;R-MMU-8868660;R-MMU-8871194;R-MMU-8868661;R-MMU-8867754;R-MMU-8867756;R-MMU-8867613;R-MMU-8868658;R-MMU-8868071;R-MMU-8868072;R-MMU-8868659"
R-MMU-5576891,"Cardiac conduction",3,98,0.010593449356826289,0.33831882308648775,0.3565335713504558,3,29,0.0032727683105744274,10090,Mus musculus,"Q6PIC6;Q6PIE5;P11798","Q6PIC6;Q6PIE5;P11798","R-MMU-427910;R-MMU-9684068;R-MMU-936897"
R-RNO-163210,"Formation of ATP by chemiosmotic coupling",1,19,0.0021517553793884486,0.3415655478236965,0.6820452270887809,3,3,3.51000351000351E-4,10116,Rattus norvegicus,"P10719","P10719","R-RNO-164840;R-RNO-164834;R-RNO-164832"
R-RNO-8949613,"Cristae formation",1,19,0.0021517553793884486,0.3415655478236965,0.6820452270887809,1,1,1.17000117000117E-4,10116,Rattus norvegicus,"P10719","P10719","R-RNO-8949580"
R-RNO-5627123,"RHO GTPases activate PAKs",1,19,0.0021517553793884486,0.3415655478236965,0.6820452270887809,9,12,0.001404001404001404,10116,Rattus norvegicus,"P35465","P35465","R-RNO-5669250;R-RNO-2029456;R-RNO-5669158;R-RNO-5668947;R-RNO-5669240;R-RNO-5668984;R-RNO-2029460;R-RNO-5627775;R-RNO-445797"
R-RNO-389661,"Glyoxylate metabolism and glycine degradation",1,19,0.0021517553793884486,0.3415655478236965,0.6820452270887809,1,15,0.001755001755001755,10116,Rattus norvegicus,"Q01205","Q01205","R-RNO-5694018"
R-MMU-176412,"Phosphorylation of the APC/C",1,20,0.0021619284401686303,0.3428665386094387,0.3565335713504558,2,2,2.257081593499605E-4,10090,Mus musculus,"Q8BGZ4","Q8BGZ4","R-MMU-174119;R-MMU-174132"
R-MMU-176407,"Conversion from APC/C:Cdc20 to APC/C:Cdh1 in late anaphase",1,20,0.0021619284401686303,0.3428665386094387,0.3565335713504558,2,3,3.385622390249407E-4,10090,Mus musculus,"Q8BGZ4","Q8BGZ4","R-MMU-174224;R-MMU-174070"
R-MMU-77595,"Processing of Intronless Pre-mRNAs",1,20,0.0021619284401686303,0.3428665386094387,0.3565335713504558,3,5,5.642703983749013E-4,10090,Mus musculus,"Q9CQF3","Q9CQF3","R-MMU-77593;R-MMU-77591;R-MMU-77592"
R-MMU-70895,"Branched-chain amino acid catabolism",1,20,0.0021619284401686303,0.3428665386094387,0.3565335713504558,5,23,0.0025956438325245457,10090,Mus musculus,"O08749","O08749","R-MMU-9859148;R-MMU-5693153;R-MMU-9859163;R-MMU-5693148;R-MMU-9859172"
R-MMU-2024101,"CS/DS degradation",1,20,0.0021619284401686303,0.3428665386094387,0.3565335713504558,1,10,0.0011285407967498026,10090,Mus musculus,"Q61361","Q61361","R-MMU-2022056"
R-RNO-418346,"Platelet homeostasis",2,56,0.0063420158550396375,0.3485765850030832,0.6820452270887809,2,22,0.002574002574002574,10116,Rattus norvegicus,"P11507;P11505","P11507;P11505","R-RNO-418309;R-RNO-418365"
R-MMU-425407,"SLC-mediated transmembrane transport",6,229,0.024754080639930818,0.3489487316006159,0.3565335713504558,12,186,0.020990858819546328,10090,Mus musculus,"P51881;Q91V14;P10852;P48962;O88343;P43006","P51881;Q91V14;P10852;P48962;O88343;P43006","R-MMU-352232;R-MMU-378513;R-MMU-376200;R-MMU-379426;R-MMU-163215;R-MMU-5672027;R-MMU-379415;R-MMU-8878664;R-MMU-352191;R-MMU-426155;R-MMU-428015;R-MMU-5250209"
R-MMU-72689,"Formation of a pool of free 40S subunits",3,100,0.010809642200843152,0.34971790395300606,0.3565335713504558,2,2,2.257081593499605E-4,10090,Mus musculus,"P62908;P25444;Q8JZQ9","P62908;P25444;Q8JZQ9","R-MMU-72673;R-MMU-72676"
R-MMU-6811442,"Intra-Golgi and retrograde Golgi-to-ER traffic",5,187,0.020214030915576695,0.3556708870620835,0.3565335713504558,4,43,0.00485272542602415,10090,Mus musculus,"Q9QXL2;Q9QXL1;P68368;Q3UX10;Q8R1Q8","Q9QXL2;Q9QXL1;P68368;Q3UX10;Q8R1Q8","R-MMU-6811426;R-MMU-8849350;R-MMU-6811423;R-MMU-8849353"
R-MMU-2022870,"CS-GAG biosynthesis",1,21,0.0022700248621770618,0.3565335713504558,0.3565335713504558,9,9,0.0010156867170748223,10090,Mus musculus,"Q61361","Q61361","R-MMU-2018682;R-MMU-2022911;R-MMU-1971482;R-MMU-1971483;R-MMU-1971487;R-MMU-9632033;R-MMU-9941305;R-MMU-2018659;R-MMU-1971491"
R-MMU-438066,"Unblocking of NMDA receptors, glutamate binding and activation",1,21,0.0022700248621770618,0.3565335713504558,0.3565335713504558,2,2,2.257081593499605E-4,10090,Mus musculus,"P11798","P11798","R-MMU-432164;R-MMU-438037"
R-MMU-141430,"Inactivation of APC/C via direct inhibition of the APC/C complex",1,21,0.0022700248621770618,0.3565335713504558,0.3565335713504558,1,2,2.257081593499605E-4,10090,Mus musculus,"Q8BGZ4","Q8BGZ4","R-MMU-141423"
R-MMU-141405,"Inhibition of the proteolytic activity of APC/C required for the onset of anaphase by mitotic spindle checkpoint components",1,21,0.0022700248621770618,0.3565335713504558,0.3565335713504558,1,3,3.385622390249407E-4,10090,Mus musculus,"Q8BGZ4","Q8BGZ4","R-MMU-141423"
R-MMU-877300,"Interferon gamma signaling",1,21,0.0022700248621770618,0.3565335713504558,0.3565335713504558,1,19,0.0021442275138246246,10090,Mus musculus,"P11798","P11798","R-MMU-909552"
R-MMU-8852276,"The role of GTSE1 in G2/M progression after G2 checkpoint",2,60,0.006485785320505891,0.3586134160323379,0.3586134160323379,3,10,0.0011285407967498026,10090,Mus musculus,"P68368;Q3UX10","P68368;Q3UX10","R-MMU-8852298;R-MMU-8852280;R-MMU-8852306"
R-MMU-109581,"Apoptosis",3,103,0.011133931466868446,0.3667765195187096,0.3667765195187096,4,110,0.012413948764247828,10090,Mus musculus,"P10922;P10637;P14733","P10922;P10637;P14733","R-MMU-211239;R-MMU-264871;R-MMU-201629;R-MMU-211247"
R-MMU-9013422,"RHOBTB1 GTPase cycle",1,22,0.0023781212841854932,0.3699177925628613,0.3699177925628613,1,2,2.257081593499605E-4,10090,Mus musculus,"P70336","P70336","R-MMU-9018778"
R-MMU-9013418,"RHOBTB2 GTPase cycle",1,22,0.0023781212841854932,0.3699177925628613,0.3699177925628613,1,2,2.257081593499605E-4,10090,Mus musculus,"Q9Z1N5","Q9Z1N5","R-MMU-9018787"
R-RNO-8849932,"Synaptic adhesion-like molecules",1,21,0.0023782559456398643,0.36993429205682427,0.6820452270887809,3,8,9.36000936000936E-4,10116,Rattus norvegicus,"P31016","P31016","R-RNO-8849891;R-RNO-8849906;R-RNO-8849878"
R-RNO-445144,"Signal transduction by L1",1,21,0.0023782559456398643,0.36993429205682427,0.6820452270887809,1,10,0.00117000117000117,10116,Rattus norvegicus,"P35465","P35465","R-RNO-445072"
R-RNO-877300,"Interferon gamma signaling",1,21,0.0023782559456398643,0.36993429205682427,0.6820452270887809,1,19,0.002223002223002223,10116,Rattus norvegicus,"P08413","P08413","R-RNO-909552"
R-MMU-9711123,"Cellular response to chemical stress",4,147,0.015890174035239433,0.37143217723480926,0.37143217723480926,7,76,0.008576910055298499,10090,Mus musculus,"P09671;P99029;Q61171;P19783","P09671;P99029;Q61171;P19783","R-MMU-3299680;R-MMU-3697882;R-MMU-163214;R-MMU-9709406;R-MMU-3697894;R-MMU-3341343;R-MMU-3322995"
R-RNO-112314,"Neurotransmitter receptors and postsynaptic signal transmission",4,141,0.015968289920724802,0.37485093130780245,0.6820452270887809,12,47,0.005499005499005499,10116,Rattus norvegicus,"P19491;P12369;P08413;P31016","P19491;P12369;P08413;P31016","R-RNO-421007;R-RNO-416320;R-RNO-399711;R-RNO-432164;R-RNO-451283;R-RNO-420975;R-RNO-451311;R-RNO-111925;R-RNO-438037;R-RNO-416985;R-RNO-8951727;R-RNO-416639"
R-MMU-73856,"RNA Polymerase II Transcription Termination",2,63,0.006810074586531186,0.38103946285168666,0.38103946285168666,2,4,4.51416318699921E-4,10090,Mus musculus,"Q9Z1N5;Q9CQF3","Q9Z1N5;Q9CQF3","R-MMU-72180;R-MMU-77592"
R-MMU-212676,"Dopamine Neurotransmitter Release Cycle",1,23,0.002486217706193925,0.38302502476080813,0.38302502476080813,2,4,4.51416318699921E-4,10090,Mus musculus,"O88935","O88935","R-MMU-380574;R-MMU-380869"
R-MMU-9648025,"EML4 and NUDC in mitotic spindle formation",3,107,0.011566317154902172,0.38940061261043124,0.38940061261043124,2,4,4.51416318699921E-4,10090,Mus musculus,"P68368;Q3UX10;Q8R1Q8","P68368;Q3UX10;Q8R1Q8","R-MMU-9648017;R-MMU-9648114"
R-MMU-174048,"APC/C:Cdc20 mediated degradation of Cyclin B",1,24,0.0025943141282023566,0.3958609711962039,0.3958609711962039,3,3,3.385622390249407E-4,10090,Mus musculus,"Q8BGZ4","Q8BGZ4","R-MMU-174227;R-MMU-174157;R-MMU-174120"
R-MMU-210500,"Glutamate Neurotransmitter Release Cycle",1,24,0.0025943141282023566,0.3958609711962039,0.3958609711962039,1,6,6.771244780498814E-4,10090,Mus musculus,"P43006","P43006","R-MMU-210404"
R-MMU-3371571,"HSF1-dependent transactivation",1,24,0.0025943141282023566,0.3958609711962039,0.3958609711962039,1,7,7.899785577248617E-4,10090,Mus musculus,"P11798","P11798","R-MMU-5082387"
R-MMU-5668599,"RHO GTPases Activate NADPH Oxidases",1,24,0.0025943141282023566,0.3958609711962039,0.3958609711962039,1,14,0.0015799571154497235,10090,Mus musculus,"P68404","P68404","R-MMU-9626817"
R-RNO-5626467,"RHO GTPases activate IQGAPs",1,23,0.0026047565118912795,0.39708679409486003,0.6820452270887809,1,4,4.68000468000468E-4,10116,Rattus norvegicus,"Q6AY56","Q6AY56","R-RNO-5672329"
R-MMU-525793,"Myogenesis",1,25,0.002702410550210788,0.40843121828912965,0.40843121828912965,2,5,5.642703983749013E-4,10090,Mus musculus,"Q61301","Q61301","R-MMU-448958;R-MMU-375140"
R-MMU-3238698,"WNT ligand biogenesis and trafficking",1,25,0.002702410550210788,0.40843121828912965,0.40843121828912965,3,10,0.0011285407967498026,10090,Mus musculus,"Q9EQH3","Q9EQH3","R-MMU-3247849;R-MMU-3247839;R-MMU-3247836"
R-MMU-111997,"CaM pathway",1,25,0.002702410550210788,0.40843121828912965,0.40843121828912965,2,9,0.0010156867170748223,10090,Mus musculus,"P63318","P63318","R-MMU-111970;R-MMU-111966"
R-MMU-111933,"Calmodulin induced events",1,25,0.002702410550210788,0.40843121828912965,0.40843121828912965,2,9,0.0010156867170748223,10090,Mus musculus,"P63318","P63318","R-MMU-111970;R-MMU-111966"
R-MMU-210991,"Basigin interactions",1,25,0.002702410550210788,0.40843121828912965,0.40843121828912965,1,10,0.0011285407967498026,10090,Mus musculus,"P10852","P10852","R-MMU-375131"
R-MMU-5653656,"Vesicle-mediated transport",15,659,0.07123554210355637,0.4096930161888004,0.4096930161888004,47,203,0.02290937817402099,10090,Mus musculus,"Q61548;Q62261;O08539;Q3UX10;Q8CHC4;Q8BZ98;Q9QXL2;P68368;Q9QXL1;Q9DC28;Q80U28;Q00896;P22892;P61967;Q8R1Q8","Q61548;Q62261;O08539;Q3UX10;Q8CHC4;Q8BZ98;Q9QXL2;P68368;Q9QXL1;Q9DC28;Q80U28;Q00896;P22892;P61967;Q8R1Q8","R-MMU-8868651;R-MMU-5694527;R-MMU-6809006;R-MMU-5694418;R-MMU-5694441;R-MMU-6807877;R-MMU-421836;R-MMU-421835;R-MMU-8868648;R-MMU-5694522;R-MMU-8868236;R-MMU-5694446;R-MMU-8868660;R-MMU-5694439;R-MMU-8868661;R-MMU-8867754;R-MMU-8867756;R-MMU-204008;R-MMU-8868658;R-MMU-8877308;R-MMU-421833;R-MMU-432707;R-MMU-432712;R-MMU-8849353;R-MMU-6809003;R-MMU-5694417;R-MMU-8868659;R-MMU-6807875;R-MMU-8875318;R-MMU-5333658;R-MMU-5694409;R-MMU-432706;R-MMU-6809010;R-MMU-6809011;R-MMU-5694428;R-MMU-203973;R-MMU-8871193;R-MMU-6811426;R-MMU-8871194;R-MMU-421831;R-MMU-190520;R-MMU-8867613;R-MMU-8849350;R-MMU-6811423;R-MMU-8868071;R-MMU-8868072;R-MMU-432688"
R-RNO-3371571,"HSF1-dependent transactivation",1,24,0.0027180067950169874,0.4102232554537225,0.6820452270887809,1,7,8.19000819000819E-4,10116,Rattus norvegicus,"P08413","P08413","R-RNO-5082387"
R-MMU-380284,"Loss of proteins required for interphase microtubule organization from the centrosome",2,67,0.007242460274564912,0.4104122101418035,0.4104122101418035,3,3,3.385622390249407E-4,10090,Mus musculus,"P68368;Q9DC28","P68368;Q9DC28","R-MMU-380294;R-MMU-380272;R-MMU-380303"
R-MMU-380259,"Loss of Nlp from mitotic centrosomes",2,67,0.007242460274564912,0.4104122101418035,0.4104122101418035,2,2,2.257081593499605E-4,10090,Mus musculus,"P68368;Q9DC28","P68368;Q9DC28","R-MMU-380272;R-MMU-380303"
R-HSA-352230,"Amino acid transport across the plasma membrane",1,33,0.002731109823719275,0.41172464215820315,0.9808923382465533,1,35,0.0022886287844111684,9606,Homo sapiens,"P11798","Q99624","R-HSA-352174"
R-MMU-3858494,"Beta-catenin independent WNT signaling",3,112,0.01210679926494433,0.4173960062062816,0.4173960062062816,5,31,0.003498476469924388,10090,Mus musculus,"P68404;P63318;P11798","P68404;P63318;P11798","R-MMU-4332363;R-MMU-5138432;R-MMU-4332358;R-MMU-4332356;R-MMU-4332359"
R-MMU-179409,"APC-Cdc20 mediated degradation of Nek2A",1,26,0.0028105069722192196,0.4207412380087766,0.4207412380087766,3,3,3.385622390249407E-4,10090,Mus musculus,"Q8BGZ4","Q8BGZ4","R-MMU-179410;R-MMU-179417;R-MMU-179421"
R-MMU-1489509,"DAG and IP3 signaling",1,26,0.0028105069722192196,0.4207412380087766,0.4207412380087766,2,10,0.0011285407967498026,10090,Mus musculus,"P63318","P63318","R-MMU-111970;R-MMU-111966"
R-MMU-1855204,"Synthesis of IP3 and IP4 in the cytosol",1,26,0.0028105069722192196,0.4207412380087766,0.4207412380087766,1,12,0.001354248956099763,10090,Mus musculus,"Q8CHC4","Q8CHC4","R-MMU-1855218"
R-RNO-9668328,"Sealing of the nuclear envelope (NE) by ESCRT-III",1,25,0.0028312570781426952,0.4230749388125695,0.6820452270887809,1,4,4.68000468000468E-4,10116,Rattus norvegicus,"Q6AY56","Q6AY56","R-RNO-9668419"
R-MMU-72766,"Translation",7,295,0.031888444492487296,0.42407620548064917,0.42407620548064917,22,50,0.005642703983749013,10090,Mus musculus,"P62908;Q9D8N0;P29341;Q6NZJ6;P25444;Q8BGD9;Q8JZQ9","P62908;Q9D8N0;P29341;Q6NZJ6;P25444;Q8BGD9;Q8JZQ9","R-MMU-72673;R-MMU-9954730;R-MMU-72676;R-MMU-157849;R-MMU-72691;R-MMU-72647;R-MMU-9955731;R-MMU-156823;R-MMU-156913;R-MMU-72671;R-MMU-72631;R-MMU-72672;R-MMU-9948291;R-MMU-72619;R-MMU-156808;R-MMU-156910;R-MMU-72621;R-MMU-72697;R-MMU-9948301;R-MMU-9948317;R-MMU-1799332;R-MMU-9954919"
R-MMU-8854518,"AURKA Activation by TPX2",2,70,0.0075667495405902065,0.43199154561759245,0.43199154561759245,2,2,2.257081593499605E-4,10090,Mus musculus,"P68368;Q9DC28","P68368;Q9DC28","R-MMU-8853405;R-MMU-8853419"
R-MMU-204005,"COPII-mediated vesicle transport",2,70,0.0075667495405902065,0.43199154561759245,0.43199154561759245,10,16,0.001805665274799684,10090,Mus musculus,"Q9DC28;Q00896","Q9DC28;Q00896","R-MMU-5694527;R-MMU-5694446;R-MMU-5694439;R-MMU-5694418;R-MMU-5694409;R-MMU-5694441;R-MMU-204008;R-MMU-5694417;R-MMU-203973;R-MMU-5694522"
R-RNO-422475,"Axon guidance",6,240,0.027180067950169876,0.4324637545888539,0.6820452270887809,16,137,0.01602901602901603,10116,Rattus norvegicus,"Q9QWN8;P35465;P18266;P13832;Q6AY56;P21575","Q9QWN8;P35465;P18266;P13832;Q6AY56;P21575","R-RNO-3928640;R-RNO-3928625;R-RNO-392751;R-RNO-3928619;R-RNO-3928641;R-RNO-445072;R-RNO-399930;R-RNO-392054;R-RNO-399952;R-RNO-399939;R-RNO-445071;R-RNO-3928620;R-RNO-399951;R-RNO-392051;R-RNO-392053;R-RNO-555065"
R-MMU-111996,"Ca-dependent events",1,27,0.002918603394227651,0.4327963902063162,0.4327963902063162,2,12,0.001354248956099763,10090,Mus musculus,"P63318","P63318","R-MMU-111970;R-MMU-111966"
R-MMU-198725,"Nuclear Events (kinase and transcription factor activation)",1,27,0.002918603394227651,0.4327963902063162,0.4327963902063162,1,12,0.001354248956099763,10090,Mus musculus,"Q6PDQ2","Q6PDQ2","R-MMU-9613213"
R-MMU-191273,"Cholesterol biosynthesis",1,27,0.002918603394227651,0.4327963902063162,0.4327963902063162,1,41,0.00462701726667419,10090,Mus musculus,"Q8JZK9","Q8JZK9","R-MMU-191323"
R-RNO-8955332,"Carboxyterminal post-translational modifications of tubulin",1,26,0.002944507361268403,0.435647986418327,0.6820452270887809,2,2,2.34000234000234E-4,10116,Rattus norvegicus,"Q6AY56","Q6AY56","R-RNO-8865774;R-RNO-8867370"
R-RNO-397795,"G-protein beta:gamma signalling",1,26,0.002944507361268403,0.435647986418327,0.6820452270887809,4,7,8.19000819000819E-4,10116,Rattus norvegicus,"P35465","P35465","R-RNO-8964614;R-RNO-8964604;R-RNO-8964634;R-RNO-8964619"
R-RNO-5218920,"VEGFR2 mediated vascular permeability",1,26,0.002944507361268403,0.435647986418327,0.6820452270887809,4,14,0.001638001638001638,10116,Rattus norvegicus,"P35465","P35465","R-RNO-5357477;R-RNO-5357483;R-RNO-5357445;R-RNO-5357472"
R-RNO-111933,"Calmodulin induced events",1,26,0.002944507361268403,0.435647986418327,0.6820452270887809,2,9,0.001053001053001053,10116,Rattus norvegicus,"P12369","P12369","R-RNO-111925;R-RNO-8951727"
R-RNO-111997,"CaM pathway",1,26,0.002944507361268403,0.435647986418327,0.6820452270887809,2,9,0.001053001053001053,10116,Rattus norvegicus,"P12369","P12369","R-RNO-111925;R-RNO-8951727"
R-RNO-9675108,"Nervous system development",6,241,0.027293318233295585,0.436344251222452,0.6820452270887809,16,139,0.016263016263016263,10116,Rattus norvegicus,"Q9QWN8;P35465;P18266;P13832;Q6AY56;P21575","Q9QWN8;P35465;P18266;P13832;Q6AY56;P21575","R-RNO-3928640;R-RNO-3928625;R-RNO-392751;R-RNO-3928619;R-RNO-3928641;R-RNO-445072;R-RNO-399930;R-RNO-392054;R-RNO-399952;R-RNO-399939;R-RNO-445071;R-RNO-3928620;R-RNO-399951;R-RNO-392051;R-RNO-392053;R-RNO-555065"
R-MMU-68882,"Mitotic Anaphase",5,207,0.022375959355745326,0.43820223290889837,0.43820223290889837,7,26,0.0029342060715494864,10090,Mus musculus,"P68368;P14733;Q8BGZ4;Q3UX10;Q8R1Q8","P68368;P14733;Q8BGZ4;Q3UX10;Q8R1Q8","R-MMU-174144;R-MMU-2995376;R-MMU-2467811;R-MMU-2467809;R-MMU-9668419;R-MMU-174121;R-MMU-174202"
R-MMU-199992,"trans-Golgi Network Vesicle Budding",2,71,0.007674845962598638,0.4390918586580166,0.4390918586580166,9,18,0.0020313734341496446,10090,Mus musculus,"P22892;P61967","P22892;P61967","R-MMU-5333658;R-MMU-421831;R-MMU-432706;R-MMU-421836;R-MMU-421833;R-MMU-432707;R-MMU-432712;R-MMU-421835;R-MMU-432688"
R-RNO-2682334,"EPH-Ephrin signaling",2,68,0.007701019252548132,0.4408038246641921,0.6820452270887809,5,38,0.004446004446004446,10116,Rattus norvegicus,"P35465;P13832","P35465;P13832","R-RNO-3928640;R-RNO-3928625;R-RNO-3928619;R-RNO-3928641;R-RNO-3928620"
R-MMU-76002,"Platelet activation, signaling and aggregation",6,254,0.027456491190141607,0.441927465887048,0.441927465887048,6,105,0.011849678365872926,10090,Mus musculus,"P68404;Q61207;P68368;Q00896;P05064;P63318","P68404;Q61207;P68368;Q00896;P05064;P63318","R-MMU-482772;R-MMU-114684;R-MMU-481007;R-MMU-114683;R-MMU-351341;R-MMU-114553"
R-MMU-2555396,"Mitotic Metaphase and Anaphase",5,208,0.022484055777753757,0.44228833515346,0.44228833515346,7,27,0.003047060151224467,10090,Mus musculus,"P68368;P14733;Q8BGZ4;Q3UX10;Q8R1Q8","P68368;P14733;Q8BGZ4;Q3UX10;Q8R1Q8","R-MMU-174144;R-MMU-2995376;R-MMU-2467811;R-MMU-2467809;R-MMU-9668419;R-MMU-174121;R-MMU-174202"
R-MMU-1971475,"Glycosaminoglycan-protein linkage region biosynthesis",1,28,0.0030266998162360825,0.44460192490026307,0.44460192490026307,6,7,7.899785577248617E-4,10090,Mus musculus,"Q61361","Q61361","R-MMU-1889981;R-MMU-9941039;R-MMU-1878002;R-MMU-9940993;R-MMU-1889978;R-MMU-1889955"
R-MMU-8943724,"Regulation of PTEN gene transcription",1,28,0.0030266998162360825,0.44460192490026307,0.44460192490026307,1,3,3.385622390249407E-4,10090,Mus musculus,"Q6PDQ2","Q6PDQ2","R-MMU-8943780"
R-MMU-499943,"Interconversion of nucleotide di- and triphosphates",1,28,0.0030266998162360825,0.44460192490026307,0.44460192490026307,3,32,0.003611330549599368,10090,Mus musculus,"P15532","P15532","R-MMU-482619;R-MMU-482621;R-MMU-6806877"
R-MMU-1640170,"Cell Cycle",13,581,0.06280402118689872,0.4457194743137862,0.4457194743137862,75,361,0.04074032276266787,10090,Mus musculus,"Q8CGP0;P62806;P14733;Q64475;Q8BGZ4;Q3UX10;P10853;Q64478;P68404;P68433;P68368;Q9DC28;Q8R1Q8","Q8CGP0;P62806;P14733;Q64475;Q8BGZ4;Q3UX10;P10853;Q64478;P68404;P68433;P68368;Q9DC28;Q8R1Q8","R-MMU-141439;R-MMU-2467809;R-MMU-188191;R-MMU-174132;R-MMU-380455;R-MMU-606326;R-MMU-9686969;R-MMU-141431;R-MMU-380508;R-MMU-9686980;R-MMU-606287;R-MMU-141422;R-MMU-69015;R-MMU-380316;R-MMU-141423;R-MMU-174120;R-MMU-179417;R-MMU-380311;R-MMU-179421;R-MMU-174121;R-MMU-141409;R-MMU-2993898;R-MMU-1638803;R-MMU-174057;R-MMU-8853405;R-MMU-174058;R-MMU-8852306;R-MMU-380272;R-MMU-174144;R-MMU-2995376;R-MMU-8852298;R-MMU-3000310;R-MMU-2467811;R-MMU-3000319;R-MMU-2574840;R-MMU-5229194;R-MMU-174157;R-MMU-2574845;R-MMU-69891;R-MMU-174139;R-MMU-8852280;R-MMU-188371;R-MMU-174224;R-MMU-174088;R-MMU-5244669;R-MMU-174227;R-MMU-9668419;R-MMU-174195;R-MMU-9648114;R-MMU-174202;R-MMU-9648017;R-MMU-5683735;R-MMU-174171;R-MMU-174079;R-MMU-174070;R-MMU-8853419;R-MMU-1638821;R-MMU-174119;R-MMU-179410;R-MMU-5223304;R-MMU-9670114;R-MMU-380294;R-MMU-380303;R-MMU-9670101;R-MMU-174255;R-MMU-174104;R-MMU-2468287;R-MMU-2294590;R-MMU-174105;R-MMU-380283;R-MMU-2294600;R-MMU-174238;R-MMU-375302;R-MMU-2484822;R-MMU-2294580"
R-MMU-450531,"Regulation of mRNA stability by proteins that bind AU-rich elements",2,72,0.0077829423846070694,0.4461438421773354,0.4461438421773354,2,25,0.0028213519918745063,10090,Mus musculus,"P29341;Q6NZJ6","P29341;Q6NZJ6","R-MMU-450580;R-MMU-450551"
R-RNO-1489509,"DAG and IP3 signaling",1,27,0.003057757644394111,0.44794840871375863,0.6820452270887809,2,10,0.00117000117000117,10116,Rattus norvegicus,"P12369","P12369","R-RNO-111925;R-RNO-8951727"
R-MMU-75067,"Processing of Capped Intronless Pre-mRNA",1,29,0.003134796238244514,0.45616298451569104,0.45616298451569104,3,10,0.0011285407967498026,10090,Mus musculus,"Q9CQF3","Q9CQF3","R-MMU-77593;R-MMU-77591;R-MMU-77592"
R-HSA-9958863,"SLC-mediated transport of amino acids",1,38,0.0031449143424646196,0.4572327975774322,0.9808923382465533,1,36,0.0023540181782514876,9606,Homo sapiens,"P11798","Q99624","R-HSA-352174"
R-MMU-112315,"Transmission across Chemical Synapses",5,212,0.02291644146578748,0.4585608925992879,0.4585608925992879,11,99,0.011172553887823044,10090,Mus musculus,"P68404;O88935;P63318;P11798;P43006","P68404;O88935;P63318;P11798;P43006","R-MMU-416639;R-MMU-380574;R-MMU-380901;R-MMU-380905;R-MMU-210439;R-MMU-421007;R-MMU-432164;R-MMU-438037;R-MMU-210404;R-MMU-380869;R-MMU-416320"
R-RNO-111996,"Ca-dependent events",1,28,0.0031710079275198188,0.4599820871513104,0.6820452270887809,2,12,0.001404001404001404,10116,Rattus norvegicus,"P12369","P12369","R-RNO-111925;R-RNO-8951727"
R-MMU-2500257,"Resolution of Sister Chromatid Cohesion",3,120,0.012971570641011782,0.4612699042061308,0.4612699042061308,4,13,0.0014671030357747432,10090,Mus musculus,"P68368;Q3UX10;Q8R1Q8","P68368;Q3UX10;Q8R1Q8","R-MMU-2468287;R-MMU-1638803;R-MMU-1638821;R-MMU-2484822"
R-MMU-1280218,"Adaptive Immune System",18,824,0.08907145173494757,0.46411792284707387,0.46411792284707387,15,252,0.028439228078095024,10090,Mus musculus,"Q8CGP0;P62806;Q64475;Q8BGZ4;Q3UX10;P10853;A2AN08;Q64478;Q02053;P46935;P68404;Q8BZ98;P68433;P68368;Q7TMY8;P22892;P61967;Q8R1Q8","Q8CGP0;P62806;Q64475;Q8BGZ4;Q3UX10;P10853;A2AN08;Q64478;Q02053;P46935;P68404;Q8BZ98;P68433;P68368;Q7TMY8;P22892;P61967;Q8R1Q8","R-MMU-983156;R-MMU-8951498;R-MMU-983157;R-MMU-1168635;R-MMU-2130725;R-MMU-983152;R-MMU-2213248;R-MMU-983153;R-MMU-983147;R-MMU-2130641;R-MMU-983140;R-MMU-2213236;R-MMU-9909631;R-MMU-1168373;R-MMU-2130619"
R-MMU-4086400,"PCP/CE pathway",2,75,0.008107231650632363,0.46699956316461533,0.46699956316461533,1,16,0.001805665274799684,10090,Mus musculus,"P68404;P63318","P68404;P63318","R-MMU-5138432"
R-MMU-6804758,"Regulation of TP53 Activity through Acetylation",1,30,0.0032428926602529455,0.4674846060778408,0.4674846060778408,1,14,0.0015799571154497235,10090,Mus musculus,"Q6PDQ2","Q6PDQ2","R-MMU-6805650"
R-RNO-2132295,"MHC class II antigen presentation",3,117,0.013250283125707814,0.47511488145599,0.6820452270887809,5,26,0.003042003042003042,10116,Rattus norvegicus,"Q9QWN8;Q6AY56;P21575","Q9QWN8;Q6AY56;P21575","R-RNO-2130619;R-RNO-2213248;R-RNO-2130641;R-RNO-8951498;R-RNO-2130725"
R-MMU-2467813,"Separation of Sister Chromatids",4,170,0.018376391741433358,0.4784493250082211,0.4784493250082211,5,8,9.02832637399842E-4,10090,Mus musculus,"P68368;Q8BGZ4;Q3UX10;Q8R1Q8","P68368;Q8BGZ4;Q3UX10;Q8R1Q8","R-MMU-174144;R-MMU-2467811;R-MMU-2467809;R-MMU-174121;R-MMU-174202"
R-MMU-352230,"Amino acid transport across the plasma membrane",1,31,0.0033509890822613774,0.47857172336142206,0.47857172336142206,6,33,0.003724184629274348,10090,Mus musculus,"P10852","P10852","R-MMU-352232;R-MMU-378513;R-MMU-376200;R-MMU-379415;R-MMU-352191;R-MMU-379426"
R-MMU-380287,"Centrosome maturation",2,77,0.008323424494649227,0.4806440181637892,0.4806440181637892,6,6,6.771244780498814E-4,10090,Mus musculus,"P68368;Q9DC28","P68368;Q9DC28","R-MMU-380283;R-MMU-380311;R-MMU-380455;R-MMU-380294;R-MMU-380272;R-MMU-380303"
R-MMU-380270,"Recruitment of mitotic centrosome proteins and complexes",2,77,0.008323424494649227,0.4806440181637892,0.4806440181637892,3,3,3.385622390249407E-4,10090,Mus musculus,"P68368;Q9DC28","P68368;Q9DC28","R-MMU-380283;R-MMU-380311;R-MMU-380455"
R-RNO-4641262,"Disassembly of the destruction complex and recruitment of AXIN to the membrane",1,30,0.0033975084937712344,0.48327210977696233,0.6820452270887809,5,5,5.85000585000585E-4,10116,Rattus norvegicus,"P18266","P18266","R-RNO-1504186;R-RNO-201677;R-RNO-5323526;R-RNO-201685;R-RNO-5368596"
R-MMU-5205685,"PINK1-PRKN Mediated Mitophagy",1,32,0.003459085504269809,0.4894291689961302,0.4894291689961302,9,16,0.001805665274799684,10090,Mus musculus,"Q60931","Q60931","R-MMU-9824897;R-MMU-9834945;R-MMU-9834070;R-MMU-9840807;R-MMU-9824892;R-MMU-9835009;R-MMU-9835011;R-MMU-9824894;R-MMU-9824888"
R-MMU-6794361,"Neurexins and neuroligins",1,32,0.003459085504269809,0.4894291689961302,0.4894291689961302,2,7,7.899785577248617E-4,10090,Mus musculus,"Q9WV92","Q9WV92","R-MMU-6797553;R-MMU-6797568"
R-RNO-432040,"Vasopressin regulates renal water homeostasis via Aquaporins",1,31,0.0035107587768969423,0.4945395964138536,0.6820452270887809,2,11,0.001287001287001287,10116,Rattus norvegicus,"P12369","P12369","R-RNO-111925;R-RNO-8951727"
R-RNO-190861,"Gap junction assembly",1,31,0.0035107587768969423,0.4945395964138536,0.6820452270887809,1,6,7.02000702000702E-4,10116,Rattus norvegicus,"Q6AY56","Q6AY56","R-RNO-190520"
R-RNO-418555,"G alpha (s) signalling events",1,31,0.0035107587768969423,0.4945395964138536,0.6820452270887809,2,13,0.001521001521001521,10116,Rattus norvegicus,"P12369","P12369","R-RNO-111925;R-RNO-8951727"
R-RNO-6794361,"Neurexins and neuroligins",1,31,0.0035107587768969423,0.4945395964138536,0.6820452270887809,1,7,8.19000819000819E-4,10116,Rattus norvegicus,"P31016","P31016","R-RNO-6797554"
R-RNO-202433,"Generation of second messenger molecules",1,31,0.0035107587768969423,0.4945395964138536,0.6820452270887809,1,15,0.001755001755001755,10116,Rattus norvegicus,"P35465","P35465","R-RNO-430183"
R-MMU-446203,"Asparagine N-linked glycosylation",6,270,0.02918603394227651,0.5002930600884281,0.5002930600884281,17,117,0.013203927321972689,10090,Mus musculus,"P68368;Q9DC28;Q00896;Q62261;Q3UX10;Q8R1Q8","P68368;Q9DC28;Q00896;Q62261;Q3UX10;Q8R1Q8","R-MMU-6807875;R-MMU-5694527;R-MMU-6809006;R-MMU-5694418;R-MMU-5694409;R-MMU-5694441;R-MMU-6807877;R-MMU-6809010;R-MMU-6809011;R-MMU-5694428;R-MMU-5694522;R-MMU-203973;R-MMU-5694446;R-MMU-5694439;R-MMU-204008;R-MMU-6809003;R-MMU-5694417"
R-RNO-983712,"Ion channel transport",4,167,0.018912797281993205,0.5007159646142606,0.6820452270887809,5,45,0.005265005265005265,10116,Rattus norvegicus,"P11507;P11505;P06685;P08413","P11507;P11505;P06685;P08413","R-RNO-427910;R-RNO-9684068;R-RNO-936897;R-RNO-418309;R-RNO-418365"
R-RNO-375165,"NCAM signaling for neurite out-growth",1,32,0.00362400906002265,0.505562629310998,0.6820452270887809,3,8,9.36000936000936E-4,10116,Rattus norvegicus,"Q9QWN8","Q9QWN8","R-RNO-392054;R-RNO-392051;R-RNO-392053"
R-RNO-9856649,"Transcriptional and post-translational regulation of MITF-M expression and activity",1,32,0.00362400906002265,0.505562629310998,0.6820452270887809,2,19,0.002223002223002223,10116,Rattus norvegicus,"P18266","P18266","R-RNO-9824999;R-RNO-9824995"
R-MMU-9840310,"Glycosphingolipid catabolism",1,34,0.0036752783482866718,0.5104738824484888,0.5104738824484888,14,31,0.003498476469924388,10090,Mus musculus,"Q61207","Q61207","R-MMU-1605591;R-MMU-1606602;R-MMU-9842115;R-MMU-9841189;R-MMU-1605632;R-MMU-9840488;R-MMU-1606807;R-MMU-1605724;R-MMU-9840334;R-MMU-9840470;R-MMU-1606312;R-MMU-1605736;R-MMU-1605624;R-MMU-1606564"
R-MMU-5694530,"Cargo concentration in the ER",1,34,0.0036752783482866718,0.5104738824484888,0.5104738824484888,2,12,0.001354248956099763,10090,Mus musculus,"Q00896","Q00896","R-MMU-5694428;R-MMU-5694522"
R-MMU-5673000,"RAF activation",1,34,0.0036752783482866718,0.5104738824484888,0.5104738824484888,1,12,0.001354248956099763,10090,Mus musculus,"P11798","P11798","R-MMU-5672969"
R-RNO-1632852,"Macroautophagy",3,124,0.01404303510758777,0.5135680738382745,0.6820452270887809,13,77,0.009009009009009009,10116,Rattus norvegicus,"Q9Z2L0;P81155;Q6AY56","Q9Z2L0;P81155;Q6AY56","R-RNO-9835011;R-RNO-9646679;R-RNO-9840807;R-RNO-9835009;R-RNO-9824888;R-RNO-5205649;R-RNO-9834945;R-RNO-5205673;R-RNO-9646685;R-RNO-9824892;R-RNO-9824897;R-RNO-5205663;R-RNO-9824894"
R-RNO-9612973,"Autophagy",3,124,0.01404303510758777,0.5135680738382745,0.6820452270887809,13,77,0.009009009009009009,10116,Rattus norvegicus,"Q9Z2L0;P81155;Q6AY56","Q9Z2L0;P81155;Q6AY56","R-RNO-9835011;R-RNO-9646679;R-RNO-9840807;R-RNO-9835009;R-RNO-9824888;R-RNO-5205649;R-RNO-9834945;R-RNO-5205673;R-RNO-9646685;R-RNO-9824892;R-RNO-9824897;R-RNO-5205663;R-RNO-9824894"
R-MMU-176408,"Regulation of APC/C activators between G1/S and early anaphase",1,35,0.0037833747702951032,0.52067032815831,0.52067032815831,4,12,0.001354248956099763,10090,Mus musculus,"Q8BGZ4","Q8BGZ4","R-MMU-174079;R-MMU-141423;R-MMU-174139;R-MMU-188371"
R-MMU-112043,"PLC beta mediated events",1,35,0.0037833747702951032,0.52067032815831,0.52067032815831,2,14,0.0015799571154497235,10090,Mus musculus,"P63318","P63318","R-MMU-111970;R-MMU-111966"
R-MMU-5663220,"RHO GTPases Activate Formins",3,132,0.014268727705112961,0.5242436246933203,0.5242436246933203,3,22,0.0024827897528495657,10090,Mus musculus,"P68368;Q3UX10;Q8R1Q8","P68368;Q3UX10;Q8R1Q8","R-MMU-5666160;R-MMU-5666169;R-MMU-5666129"
R-MMU-2565942,"Regulation of PLK1 Activity at G2/M Transition",2,84,0.009080099448708247,0.5266731782190963,0.5266731782190963,4,12,0.001354248956099763,10090,Mus musculus,"P68368;Q9DC28","P68368;Q9DC28","R-MMU-3000310;R-MMU-3000319;R-MMU-2574840;R-MMU-2574845"
R-MMU-3371556,"Cellular response to heat stress",2,84,0.009080099448708247,0.5266731782190963,0.5266731782190963,6,25,0.0028213519918745063,10090,Mus musculus,"P48722;P11798","P48722;P11798","R-MMU-5082387;R-MMU-5251942;R-MMU-5251955;R-MMU-5251959;R-MMU-5252079;R-MMU-5252041"
R-RNO-9013424,"RHOV GTPase cycle",1,34,0.003850509626274066,0.5268963272090232,0.6820452270887809,1,2,2.34000234000234E-4,10116,Rattus norvegicus,"P35465","P35465","R-RNO-9018794"
R-RNO-9646399,"Aggrephagy",1,34,0.003850509626274066,0.5268963272090232,0.6820452270887809,2,6,7.02000702000702E-4,10116,Rattus norvegicus,"Q6AY56","Q6AY56","R-RNO-9646679;R-RNO-9646685"
R-RNO-9861718,"Regulation of pyruvate metabolism",1,34,0.003850509626274066,0.5268963272090232,0.6820452270887809,2,10,0.00117000117000117,10116,Rattus norvegicus,"P26284","P26284","R-RNO-203946;R-RNO-204169"
R-RNO-5673000,"RAF activation",1,34,0.003850509626274066,0.5268963272090232,0.6820452270887809,1,12,0.001404001404001404,10116,Rattus norvegicus,"P08413","P08413","R-RNO-5672969"
R-MMU-9013424,"RHOV GTPase cycle",1,36,0.0038914711923035347,0.5306554619234622,0.5306554619234622,1,2,2.257081593499605E-4,10090,Mus musculus,"Q62261","Q62261","R-MMU-9018794"
R-MMU-9013407,"RHOH GTPase cycle",1,36,0.0038914711923035347,0.5306554619234622,0.5306554619234622,1,3,3.385622390249407E-4,10090,Mus musculus,"P70336","P70336","R-MMU-9018758"
R-MMU-442755,"Activation of NMDA receptors and postsynaptic events",1,36,0.0038914711923035347,0.5306554619234622,0.5306554619234622,2,13,0.0014671030357747432,10090,Mus musculus,"P11798","P11798","R-MMU-432164;R-MMU-438037"
R-MMU-1236394,"Signaling by ERBB4",1,36,0.0038914711923035347,0.5306554619234622,0.5306554619234622,2,25,0.0028213519918745063,10090,Mus musculus,"P46935","P46935","R-MMU-1973956;R-MMU-1977296"
R-RNO-3371556,"Cellular response to heat stress",2,81,0.009173272933182333,0.5321489465411962,0.6820452270887809,2,25,0.002925002925002925,10116,Rattus norvegicus,"P18266;P08413","P18266;P08413","R-RNO-5082387;R-RNO-3371435"
R-MMU-6807070,"PTEN Regulation",2,85,0.009188195870716679,0.5330219655846538,0.5330219655846538,3,20,0.002257081593499605,10090,Mus musculus,"P46935;Q6PDQ2","P46935;Q6PDQ2","R-MMU-6807134;R-MMU-8943780;R-MMU-6807106"
R-MMU-611105,"Respiratory electron transport",3,135,0.014593016971138255,0.5393572812768925,0.5393572812768925,8,35,0.003949892788624309,10090,Mus musculus,"P19783;Q9DB77;P05202","P19783;Q9DB77;P05202","R-MMU-9865412;R-MMU-9865663;R-MMU-163214;R-MMU-9865579;R-MMU-70613;R-MMU-164651;R-MMU-9865449;R-MMU-9906042"
R-MMU-5357801,"Programmed Cell Death",3,135,0.014593016971138255,0.5393572812768925,0.5393572812768925,4,156,0.01760523642929692,10090,Mus musculus,"P10922;P10637;P14733","P10922;P10637;P14733","R-MMU-211239;R-MMU-264871;R-MMU-201629;R-MMU-211247"
R-MMU-1793185,"Chondroitin sulfate/dermatan sulfate metabolism",1,37,0.003999567614311967,0.5404336407676416,0.5404336407676416,15,24,0.002708497912199526,10090,Mus musculus,"Q61361","Q61361","R-MMU-2022052;R-MMU-2018682;R-MMU-2022063;R-MMU-2022065;R-MMU-1971487;R-MMU-9632033;R-MMU-9941305;R-MMU-2018659;R-MMU-1971491;R-MMU-9941312;R-MMU-2022911;R-MMU-2022056;R-MMU-1971482;R-MMU-1971483;R-MMU-2022061"
R-MMU-5617833,"Cilium Assembly",4,185,0.01999783807155983,0.544444761287387,0.544444761287387,16,46,0.0051912876650490915,10090,Mus musculus,"P68368;Q9DC28;P42208;Q3UX10","P68368;Q9DC28;P42208;Q3UX10","R-MMU-5638009;R-MMU-5624949;R-MMU-5626699;R-MMU-5626220;R-MMU-5625426;R-MMU-5626681;R-MMU-5617816;R-MMU-5618328;R-MMU-5625421;R-MMU-5626227;R-MMU-5626228;R-MMU-5624952;R-MMU-5618331;R-MMU-5625424;R-MMU-5626223;R-MMU-5625416"
R-RNO-9013407,"RHOH GTPase cycle",1,36,0.0040770101925254815,0.54731407140232,0.6820452270887809,1,3,3.51000351000351E-4,10116,Rattus norvegicus,"P35465","P35465","R-RNO-9018758"
R-RNO-112043,"PLC beta mediated events",1,36,0.0040770101925254815,0.54731407140232,0.6820452270887809,2,14,0.001638001638001638,10116,Rattus norvegicus,"P12369","P12369","R-RNO-111925;R-RNO-8951727"
R-RNO-1428517,"Aerobic respiration and respiratory electron transport",5,224,0.02536806342015855,0.5477205525678012,0.6820452270887809,13,87,0.010179010179010179,10116,Rattus norvegicus,"Q9Z2L0;P04636;Q01205;P26284;P10719","Q9Z2L0;P04636;Q01205;P26284;P10719","R-RNO-204169;R-RNO-9853499;R-RNO-164840;R-RNO-9853512;R-RNO-164834;R-RNO-164832;R-RNO-203946;R-RNO-9861616;R-RNO-9861734;R-RNO-9861667;R-RNO-9012374;R-RNO-70979;R-RNO-71401"
R-MMU-3928662,"EPHB-mediated forward signaling",1,38,0.004107664036320398,0.5500091323356757,0.5500091323356757,1,16,0.001805665274799684,10090,Mus musculus,"P70336","P70336","R-MMU-3928576"
R-MMU-9954714,"PELO:HBS1L and ABCE1 dissociate a ribosome on a non-stop mRNA",2,88,0.009512485136741973,0.5517188575259152,0.5517188575259152,3,3,3.385622390249407E-4,10090,Mus musculus,"P62908;P25444","P62908;P25444","R-MMU-9954730;R-MMU-9955731;R-MMU-9954919"
R-MMU-2559582,"Senescence-Associated Secretory Phenotype (SASP)",1,39,0.00421576045832883,0.5593861167176947,0.5593861167176947,4,8,9.02832637399842E-4,10090,Mus musculus,"Q8BGZ4","Q8BGZ4","R-MMU-3788705;R-MMU-3788724;R-MMU-3788708;R-MMU-3788725"
R-MMU-5205647,"Mitophagy",1,39,0.00421576045832883,0.5593861167176947,0.5593861167176947,9,23,0.0025956438325245457,10090,Mus musculus,"Q60931","Q60931","R-MMU-9824897;R-MMU-9834945;R-MMU-9834070;R-MMU-9840807;R-MMU-9824892;R-MMU-9835009;R-MMU-9835011;R-MMU-9824894;R-MMU-9824888"
R-MMU-9013420,"RHOU GTPase cycle",1,39,0.00421576045832883,0.5593861167176947,0.5593861167176947,1,3,3.385622390249407E-4,10090,Mus musculus,"Q62261","Q62261","R-MMU-9018766"
R-RNO-380320,"Recruitment of NuMA to mitotic centrosomes",2,86,0.009739524348810872,0.5644936873762094,0.6820452270887809,2,2,2.34000234000234E-4,10116,Rattus norvegicus,"P12369;Q6AY56","P12369;Q6AY56","R-RNO-380316;R-RNO-380508"
R-RNO-9013420,"RHOU GTPase cycle",1,38,0.004303510758776897,0.5668549929676805,0.6820452270887809,1,3,3.51000351000351E-4,10116,Rattus norvegicus,"P35465","P35465","R-RNO-9018766"
R-RNO-3928662,"EPHB-mediated forward signaling",1,38,0.004303510758776897,0.5668549929676805,0.6820452270887809,2,16,0.001872001872001872,10116,Rattus norvegicus,"P35465","P35465","R-RNO-3928619;R-RNO-3928620"
R-MMU-375165,"NCAM signaling for neurite out-growth",1,40,0.004323856880337261,0.5685686882361074,0.5685686882361074,3,8,9.02832637399842E-4,10090,Mus musculus,"Q62261","Q62261","R-MMU-392053;R-MMU-392054;R-MMU-392051"
R-MMU-112040,"G-protein mediated events",1,40,0.004323856880337261,0.5685686882361074,0.5685686882361074,2,22,0.0024827897528495657,10090,Mus musculus,"P63318","P63318","R-MMU-111970;R-MMU-111966"
R-MMU-68877,"Mitotic Prometaphase",4,191,0.02064641660361042,0.569633057810037,0.569633057810037,9,22,0.0024827897528495657,10090,Mus musculus,"P68368;Q9DC28;Q3UX10;Q8R1Q8","P68368;Q9DC28;Q3UX10;Q8R1Q8","R-MMU-2468287;R-MMU-9648017;R-MMU-1638803;R-MMU-380316;R-MMU-1638821;R-MMU-380508;R-MMU-375302;R-MMU-2484822;R-MMU-9648114"
R-MMU-1799339,"SRP-dependent cotranslational protein targeting to membrane",2,91,0.009836774402767269,0.5698856646675408,0.5698856646675408,1,1,1.1285407967498025E-4,10090,Mus musculus,"P62908;P25444","P62908;P25444","R-MMU-1799332"
R-MMU-4420097,"VEGFA-VEGFR2 Pathway",2,92,0.0099448708247757,0.5758224987015835,0.5758224987015835,7,69,0.007786931497573637,10090,Mus musculus,"P68404;P70336","P68404;P70336","R-MMU-5218805;R-MMU-5218826;R-MMU-5218823;R-MMU-5218813;R-MMU-3928647;R-MMU-5218821;R-MMU-5228992"
R-RNO-445717,"Aquaporin-mediated transport",1,39,0.004416761041902605,0.576308416943504,0.6820452270887809,2,19,0.002223002223002223,10116,Rattus norvegicus,"P12369","P12369","R-RNO-111925;R-RNO-8951727"
R-MMU-195258,"RHO GTPase Effectors",5,244,0.02637552697005729,0.5823250855543661,0.5823250855543661,7,83,0.009366888613023362,10090,Mus musculus,"P68404;P68368;Q3UX10;P70336;Q8R1Q8","P68404;P68368;Q3UX10;P70336;Q8R1Q8","R-MMU-419049;R-MMU-5666160;R-MMU-5672329;R-MMU-9680443;R-MMU-5666169;R-MMU-5666129;R-MMU-9626817"
R-MMU-9864848,"Complex IV assembly",1,42,0.0045400497243541236,0.5863665516025203,0.5863665516025203,4,7,7.899785577248617E-4,10090,Mus musculus,"P19783","P19783","R-MMU-9865412;R-MMU-9865663;R-MMU-9865579;R-MMU-9865449"
R-MMU-9954716,"ZNF598 and the Ribosome-associated Quality Trigger (RQT) complex dissociate a ribosome stalled on a no-go mRNA",2,94,0.010161063668792563,0.5875172129985585,0.5875172129985585,3,3,3.385622390249407E-4,10090,Mus musculus,"P62908;P25444","P62908;P25444","R-MMU-9948301;R-MMU-9948317;R-MMU-9948291"
R-MMU-112314,"Neurotransmitter receptors and postsynaptic signal transmission",3,145,0.01567398119122257,0.5876953031190234,0.5876953031190234,5,49,0.0055298499040740325,10090,Mus musculus,"P68404;P63318;P11798","P68404;P63318;P11798","R-MMU-416639;R-MMU-421007;R-MMU-432164;R-MMU-438037;R-MMU-416320"
R-RNO-112040,"G-protein mediated events",1,41,0.00464326160815402,0.5946038559468794,0.6820452270887809,2,22,0.002574002574002574,10116,Rattus norvegicus,"P12369","P12369","R-RNO-111925;R-RNO-8951727"
R-RNO-5362517,"Signaling by Retinoic Acid",1,41,0.00464326160815402,0.5946038559468794,0.6820452270887809,1,21,0.002457002457002457,10116,Rattus norvegicus,"P26284","P26284","R-RNO-203946"
R-MMU-15869,"Metabolism of nucleotides",2,96,0.010377256512809427,0.5989728375287042,0.5989728375287042,4,137,0.015461008915472294,10090,Mus musculus,"Q3THK7;P15532","Q3THK7;P15532","R-MMU-482619;R-MMU-482621;R-MMU-73792;R-MMU-6806877"
R-MMU-4086398,"Ca2+ pathway",1,44,0.0047562425683709865,0.6034338273067582,0.6034338273067582,4,15,0.0016928111951247037,10090,Mus musculus,"P11798","P11798","R-MMU-4332363;R-MMU-4332358;R-MMU-4332356;R-MMU-4332359"
R-MMU-73762,"RNA Polymerase I Transcription Initiation",1,44,0.0047562425683709865,0.6034338273067582,0.6034338273067582,1,4,4.51416318699921E-4,10090,Mus musculus,"Q6PDQ2","Q6PDQ2","R-MMU-73739"
R-RNO-9762114,"GSK3B and BTRC:CUL1-mediated-degradation of NFE2L2",1,42,0.0047565118912797286,0.6034546458285157,0.6820452270887809,1,4,4.68000468000468E-4,10116,Rattus norvegicus,"P18266","P18266","R-RNO-9762094"
R-RNO-9856530,"High laminar flow shear stress activates signaling by PIEZO1 and PECAM1:CDH5:KDR in endothelial cells",1,42,0.0047565118912797286,0.6034546458285157,0.6820452270887809,2,16,0.001872001872001872,10116,Rattus norvegicus,"P12369","P12369","R-RNO-111925;R-RNO-8951727"
R-MMU-73854,"RNA Polymerase I Promoter Clearance",1,45,0.004864338990379418,0.6117028680574934,0.6117028680574934,1,8,9.02832637399842E-4,10090,Mus musculus,"Q6PDQ2","Q6PDQ2","R-MMU-73739"
R-RNO-450408,"AUF1 (hnRNP D0) binds and destabilizes mRNA",1,43,0.004869762174405436,0.6121131756854294,0.6820452270887809,4,4,4.68000468000468E-4,10116,Rattus norvegicus,"Q9JJ54","Q9JJ54","R-RNO-450466;R-RNO-450434;R-RNO-450580;R-RNO-450551"
R-RNO-6807878,"COPI-mediated anterograde transport",2,95,0.010758776896942242,0.618605247096214,0.6820452270887809,6,12,0.001404001404001404,10116,Rattus norvegicus,"Q9QWN8;Q6AY56","Q9QWN8;Q6AY56","R-RNO-6809011;R-RNO-6809003;R-RNO-6809010;R-RNO-6809006;R-RNO-6807877;R-RNO-6807875"
R-MMU-73864,"RNA Polymerase I Transcription",1,46,0.00497243541238785,0.6198003563519525,0.6198003563519525,1,9,0.0010156867170748223,10090,Mus musculus,"Q6PDQ2","Q6PDQ2","R-MMU-73739"
R-MMU-5357905,"Regulation of TNFR1 signaling",1,46,0.00497243541238785,0.6198003563519525,0.6198003563519525,1,35,0.003949892788624309,10090,Mus musculus,"Q80U28","Q80U28","R-MMU-5626953"
R-RNO-9929356,"GSK3B-mediated proteasomal degradation of PD-L1(CD274)",1,44,0.004983012457531144,0.6205836006881056,0.6820452270887809,1,7,8.19000819000819E-4,10116,Rattus norvegicus,"P18266","P18266","R-RNO-9929360"
R-RNO-9730414,"MITF-M-regulated melanocyte development",1,44,0.004983012457531144,0.6205836006881056,0.6820452270887809,2,22,0.002574002574002574,10116,Rattus norvegicus,"P18266","P18266","R-RNO-9824999;R-RNO-9824995"
R-MMU-194138,"Signaling by VEGF",2,100,0.010809642200843152,0.6211664783370325,0.6211664783370325,7,75,0.00846405597562352,10090,Mus musculus,"P68404;P70336","P68404;P70336","R-MMU-5218805;R-MMU-5218826;R-MMU-5218823;R-MMU-5218813;R-MMU-3928647;R-MMU-5218821;R-MMU-5228992"
R-RNO-5610787,"Hedgehog 'off' state",2,97,0.010985277463193659,0.6299088641624588,0.6820452270887809,2,20,0.00234000234000234,10116,Rattus norvegicus,"P12369;P18266","P12369;P18266","R-RNO-5610749;R-RNO-5610732"
R-RNO-5610785,"GLI3 is processed to GLI3R by the proteasome",1,46,0.005209513023782559,0.6369763119994829,0.6820452270887809,1,5,5.85000585000585E-4,10116,Rattus norvegicus,"P18266","P18266","R-RNO-5610732"
R-RNO-9759194,"Nuclear events mediated by NFE2L2",1,47,0.005322763306908267,0.6449064695290012,0.6820452270887809,1,10,0.00117000117000117,10116,Rattus norvegicus,"P18266","P18266","R-RNO-9762094"
R-MMU-397014,"Muscle contraction",3,159,0.017187331099340612,0.6497155181494038,0.6497155181494038,3,42,0.00473987134634917,10090,Mus musculus,"Q6PIC6;Q6PIE5;P11798","Q6PIC6;Q6PIE5;P11798","R-MMU-427910;R-MMU-9684068;R-MMU-936897"
R-MMU-1660499,"Synthesis of PIPs at the plasma membrane",1,50,0.005404821100421576,0.6505445236558093,0.6505445236558093,5,28,0.003159914230899447,10090,Mus musculus,"Q8CHC4","Q8CHC4","R-MMU-1676203;R-MMU-1675988;R-MMU-1675836;R-MMU-1675994;R-MMU-1676177"
R-RNO-5250913,"Positive epigenetic regulation of rRNA expression",1,48,0.005436013590033975,0.652664268347283,0.6820452270887809,1,3,3.51000351000351E-4,10116,Rattus norvegicus,"P18266","P18266","R-RNO-5250947"
R-RNO-5250924,"B-WICH complex positively regulates rRNA expression",1,48,0.005436013590033975,0.652664268347283,0.6820452270887809,1,3,3.51000351000351E-4,10116,Rattus norvegicus,"P18266","P18266","R-RNO-5250947"
R-RNO-6811436,"COPI-independent Golgi-to-ER retrograde traffic",1,48,0.005436013590033975,0.652664268347283,0.6820452270887809,2,7,8.19000819000819E-4,10116,Rattus norvegicus,"Q6AY56","Q6AY56","R-RNO-8849353;R-RNO-8849350"
R-RNO-389356,"Co-stimulation by CD28",1,48,0.005436013590033975,0.652664268347283,0.6820452270887809,1,18,0.002106002106002106,10116,Rattus norvegicus,"P35465","P35465","R-RNO-389788"
R-MMU-9707564,"Cytoprotection by HMOX1",1,51,0.005512917522430007,0.6578359328460881,0.6578359328460881,2,14,0.0015799571154497235,10090,Mus musculus,"P19783","P19783","R-MMU-163214;R-MMU-9709406"
R-MMU-9013405,"RHOD GTPase cycle",1,51,0.005512917522430007,0.6578359328460881,0.6578359328460881,1,9,0.0010156867170748223,10090,Mus musculus,"P14733","P14733","R-MMU-9693198"
R-RNO-9013405,"RHOD GTPase cycle",1,49,0.005549263873159683,0.6602534356104227,0.6820452270887809,1,9,0.001053001053001053,10116,Rattus norvegicus,"Q4FZY0","Q4FZY0","R-RNO-9693198"
R-MMU-1169091,"Activation of NF-kappaB in B cells",1,52,0.005621013944438439,0.6649759742484234,0.6649759742484234,2,8,9.02832637399842E-4,10090,Mus musculus,"P68404","P68404","R-MMU-1168635;R-MMU-1168373"
R-MMU-69618,"Mitotic Spindle Checkpoint",2,109,0.011782509998919036,0.6676303474291555,0.6676303474291555,5,7,7.899785577248617E-4,10090,Mus musculus,"Q8BGZ4;Q8R1Q8","Q8BGZ4;Q8R1Q8","R-MMU-141439;R-MMU-141422;R-MMU-141423;R-MMU-141431;R-MMU-141409"
R-RNO-69601,"Ubiquitin-Mediated Degradation of Phosphorylated Cdc25A",1,50,0.0056625141562853904,0.6676776182876807,0.6820452270887809,1,9,0.001053001053001053,10116,Rattus norvegicus,"P18266","P18266","R-RNO-9943675"
R-RNO-69613,"p53-Independent G1/S DNA Damage Checkpoint",1,50,0.0056625141562853904,0.6676776182876807,0.6820452270887809,1,9,0.001053001053001053,10116,Rattus norvegicus,"P18266","P18266","R-RNO-9943675"
R-MMU-174084,"Autodegradation of Cdh1 by Cdh1:APC/C",1,53,0.00572911036644687,0.6719677742745584,0.6719677742745584,2,2,2.257081593499605E-4,10090,Mus musculus,"Q8BGZ4","Q8BGZ4","R-MMU-174057;R-MMU-174058"
R-MMU-1660662,"Glycosphingolipid metabolism",1,53,0.00572911036644687,0.6719677742745584,0.6719677742745584,14,46,0.0051912876650490915,10090,Mus musculus,"Q61207","Q61207","R-MMU-1605591;R-MMU-1606602;R-MMU-9842115;R-MMU-9841189;R-MMU-1605632;R-MMU-9840488;R-MMU-1606807;R-MMU-1605724;R-MMU-9840334;R-MMU-9840470;R-MMU-1606312;R-MMU-1605736;R-MMU-1605624;R-MMU-1606564"
R-RNO-112315,"Transmission across Chemical Synapses",4,208,0.023556058890147225,0.6724400157891499,0.6820452270887809,12,97,0.011349011349011348,10116,Rattus norvegicus,"P19491;P12369;P08413;P31016","P19491;P12369;P08413;P31016","R-RNO-421007;R-RNO-416320;R-RNO-399711;R-RNO-432164;R-RNO-451283;R-RNO-420975;R-RNO-451311;R-RNO-111925;R-RNO-438037;R-RNO-416985;R-RNO-8951727;R-RNO-416639"
R-MMU-174154,"APC/C:Cdc20 mediated degradation of Securin",1,54,0.005837206788455302,0.6788143950914884,0.6788143950914884,3,3,3.385622390249407E-4,10090,Mus musculus,"Q8BGZ4","Q8BGZ4","R-MMU-174144;R-MMU-174121;R-MMU-174202"
R-MMU-5620924,"Intraflagellar transport",1,54,0.005837206788455302,0.6788143950914884,0.6788143950914884,6,10,0.0011285407967498026,10090,Mus musculus,"P68368","P68368","R-MMU-5625421;R-MMU-5624952;R-MMU-5624949;R-MMU-5625424;R-MMU-5625426;R-MMU-5625416"
R-MMU-4551638,"SUMOylation of chromatin organization proteins",1,54,0.005837206788455302,0.6788143950914884,0.6788143950914884,2,13,0.0014671030357747432,10090,Mus musculus,"P62806","P62806","R-MMU-4570496;R-MMU-4570485"
R-RNO-3371497,"HSP90 chaperone cycle for steroid hormone receptors (SHR) in the presence of ligand",1,52,0.005889014722536806,0.6820452270887809,0.6820452270887809,1,22,0.002574002574002574,10116,Rattus norvegicus,"Q6AY56","Q6AY56","R-RNO-5618080"
R-MMU-8948751,"Regulation of PTEN stability and activity",1,55,0.005945303210463734,0.6855188359348016,0.6855188359348016,1,13,0.0014671030357747432,10090,Mus musculus,"P46935","P46935","R-MMU-6807134"
R-MMU-75893,"TNF signaling",1,55,0.005945303210463734,0.6855188359348016,0.6855188359348016,1,50,0.005642703983749013,10090,Mus musculus,"Q80U28","Q80U28","R-MMU-5626953"
R-MMU-9748784,"Drug ADME",2,113,0.012214895686952762,0.6867651941191308,0.6867651941191308,4,89,0.010044013091073242,10090,Mus musculus,"Q3THK7;P15532","Q3THK7;P15532","R-MMU-9748957;R-MMU-9748999;R-MMU-9755013;R-MMU-9748969"
R-RNO-1852241,"Organelle biogenesis and maintenance",4,212,0.024009060022650058,0.6868366593188202,0.6868366593188202,12,49,0.005733005733005733,10116,Rattus norvegicus,"P12369;P10719;Q6AY56;P10860","P12369;P10719;Q6AY56;P10860","R-RNO-5626228;R-RNO-5626223;R-RNO-5626227;R-RNO-5688276;R-RNO-5626699;R-RNO-5617816;R-RNO-8949580;R-RNO-5688289;R-RNO-5626220;R-RNO-5638009;R-RNO-5618328;R-RNO-5626681"
R-RNO-72187,"mRNA 3'-end processing",1,53,0.006002265005662514,0.6889955614818748,0.6889955614818748,2,2,2.34000234000234E-4,10116,Rattus norvegicus,"Q5U216","Q5U216","R-RNO-72180;R-RNO-72185"
R-MMU-983712,"Ion channel transport",3,170,0.018376391741433358,0.6936203209585172,0.6936203209585172,3,47,0.0053041417447240715,10090,Mus musculus,"Q6PIC6;Q6PIE5;P11798","Q6PIC6;Q6PIE5;P11798","R-MMU-427910;R-MMU-9684068;R-MMU-936897"
R-RNO-72695,"Formation of the ternary complex, and subsequently, the 43S complex",1,54,0.006115515288788222,0.6957947310805723,0.6957947310805723,1,3,3.51000351000351E-4,10116,Rattus norvegicus,"B5DFC8","B5DFC8","R-RNO-72691"
R-RNO-5620920,"Cargo trafficking to the periciliary membrane",1,54,0.006115515288788222,0.6957947310805723,0.6957947310805723,1,25,0.002925002925002925,10116,Rattus norvegicus,"Q6AY56","Q6AY56","R-RNO-5618328"
R-MMU-8957275,"Post-translational protein phosphorylation",2,115,0.012431088530969626,0.695990714525283,0.695990714525283,1,1,1.1285407967498025E-4,10090,Mus musculus,"Q00896;Q80YX1","Q00896;Q80YX1","R-MMU-8952289"
R-MMU-69275,"G2/M Transition",3,172,0.018592584585450222,0.7011442838555189,0.7011442838555189,15,78,0.00880261821464846,10090,Mus musculus,"P68368;Q9DC28;Q3UX10","P68368;Q9DC28;Q3UX10","R-MMU-8853405;R-MMU-380455;R-MMU-380294;R-MMU-8852306;R-MMU-380272;R-MMU-380303;R-MMU-8852298;R-MMU-3000310;R-MMU-3000319;R-MMU-2574840;R-MMU-380283;R-MMU-2574845;R-MMU-380311;R-MMU-8852280;R-MMU-8853419"
R-MMU-195721,"Signaling by WNT",4,227,0.024537887795913954,0.703076902516127,0.703076902516127,8,113,0.012752511003272769,10090,Mus musculus,"P68404;Q9EQH3;P63318;P11798","P68404;Q9EQH3;P63318;P11798","R-MMU-3247849;R-MMU-4332363;R-MMU-5138432;R-MMU-4332358;R-MMU-3247839;R-MMU-3247836;R-MMU-4332356;R-MMU-4332359"
R-MMU-453274,"Mitotic G2-G2/M phases",3,174,0.018808777429467086,0.7085279821577338,0.7085279821577338,15,80,0.00902832637399842,10090,Mus musculus,"P68368;Q9DC28;Q3UX10","P68368;Q9DC28;Q3UX10","R-MMU-8853405;R-MMU-380455;R-MMU-380294;R-MMU-8852306;R-MMU-380272;R-MMU-380303;R-MMU-8852298;R-MMU-3000310;R-MMU-3000319;R-MMU-2574840;R-MMU-380283;R-MMU-2574845;R-MMU-380311;R-MMU-8852280;R-MMU-8853419"
R-MMU-109582,"Hemostasis",11,595,0.06431737109501676,0.7087160735662948,0.7087160735662948,11,297,0.03351766166346913,10090,Mus musculus,"P68404;P68433;Q9QXL2;Q61207;P68368;Q9QXL1;Q00896;P05064;P63318;P10852;Q3UX10","P68404;P68433;Q9QXL2;Q61207;P68368;Q9QXL1;Q00896;P05064;P63318;P10852;Q3UX10","R-MMU-482772;R-MMU-114684;R-MMU-375131;R-MMU-997263;R-MMU-481007;R-MMU-994106;R-MMU-114683;R-MMU-983259;R-MMU-351341;R-MMU-983266;R-MMU-114553"
R-RNO-983189,"Kinesins",1,56,0.0063420158550396375,0.7089525897146539,0.7089525897146539,2,9,0.001053001053001053,10116,Rattus norvegicus,"Q6AY56","Q6AY56","R-RNO-983266;R-RNO-983259"
R-RNO-202403,"TCR signaling",1,56,0.0063420158550396375,0.7089525897146539,0.7089525897146539,1,44,0.005148005148005148,10116,Rattus norvegicus,"P35465","P35465","R-RNO-430183"
R-MMU-174184,"Cdc20:Phospho-APC/C mediated degradation of Cyclin A",1,59,0.00637768889849746,0.7109726530115953,0.7109726530115953,3,3,3.385622390249407E-4,10090,Mus musculus,"Q8BGZ4","Q8BGZ4","R-MMU-174255;R-MMU-174104;R-MMU-174171"
R-MMU-69017,"CDK-mediated phosphorylation and removal of Cdc6",1,59,0.00637768889849746,0.7109726530115953,0.7109726530115953,1,4,4.51416318699921E-4,10090,Mus musculus,"Q8BGZ4","Q8BGZ4","R-MMU-69015"
R-MMU-983168,"Antigen processing: Ubiquitination & Proteasome degradation",5,284,0.030699383850394554,0.713109306200688,0.713109306200688,6,9,0.0010156867170748223,10090,Mus musculus,"P46935;Q7TMY8;Q8BGZ4;A2AN08;Q02053","P46935;Q7TMY8;Q8BGZ4;A2AN08;Q02053","R-MMU-983156;R-MMU-983157;R-MMU-983140;R-MMU-983152;R-MMU-983153;R-MMU-983147"
R-MMU-112316,"Neuronal System",6,338,0.036536590638849856,0.7152419423881018,0.7152419423881018,13,141,0.015912425234172214,10090,Mus musculus,"P68404;O88935;Q9WV92;P63318;P11798;P43006","P68404;O88935;Q9WV92;P63318;P11798;P43006","R-MMU-416639;R-MMU-380574;R-MMU-210439;R-MMU-421007;R-MMU-432164;R-MMU-210404;R-MMU-6797568;R-MMU-416320;R-MMU-380901;R-MMU-380905;R-MMU-438037;R-MMU-6797553;R-MMU-380869"
R-RNO-917937,"Iron uptake and transport",1,57,0.006455266138165346,0.7153176111135781,0.7153176111135781,1,30,0.00351000351000351,10116,Rattus norvegicus,"P97536","P97536","R-RNO-5691131"
R-MMU-174178,"APC/C:Cdh1 mediated degradation of Cdc20 and other APC/C:Cdh1 targeted proteins in late mitosis/early G1",1,60,0.006485785320505891,0.7170090685397988,0.7170090685397988,6,6,6.771244780498814E-4,10090,Mus musculus,"Q8BGZ4","Q8BGZ4","R-MMU-174088;R-MMU-174105;R-MMU-188191;R-MMU-9686969;R-MMU-9686980;R-MMU-174195"
R-MMU-179419,"APC:Cdc20 mediated degradation of cell cycle proteins prior to satisfation of the cell cycle checkpoint",1,60,0.006485785320505891,0.7170090685397988,0.7170090685397988,6,6,6.771244780498814E-4,10090,Mus musculus,"Q8BGZ4","Q8BGZ4","R-MMU-174255;R-MMU-174104;R-MMU-179410;R-MMU-174171;R-MMU-179417;R-MMU-179421"
R-MMU-8868773,"rRNA processing in the nucleus and cytosol",3,177,0.01913306669549238,0.7193418995477028,0.7193418995477028,4,6,6.771244780498814E-4,10090,Mus musculus,"P62908;Q9DC28;P25444","P62908;Q9DC28;P25444","R-MMU-6791222;R-MMU-6791223;R-MMU-6791227;R-MMU-6791221"
R-MMU-6791226,"Major pathway of rRNA processing in the nucleolus and cytosol",3,177,0.01913306669549238,0.7193418995477028,0.7193418995477028,4,6,6.771244780498814E-4,10090,Mus musculus,"P62908;Q9DC28;P25444","P62908;Q9DC28;P25444","R-MMU-6791222;R-MMU-6791223;R-MMU-6791227;R-MMU-6791221"
R-MMU-72312,"rRNA processing",3,177,0.01913306669549238,0.7193418995477028,0.7193418995477028,4,6,6.771244780498814E-4,10090,Mus musculus,"P62908;Q9DC28;P25444","P62908;Q9DC28;P25444","R-MMU-6791222;R-MMU-6791223;R-MMU-6791227;R-MMU-6791221"
R-RNO-9013406,"RHOQ GTPase cycle",1,58,0.006568516421291053,0.7215441354297166,0.7215441354297166,1,5,5.85000585000585E-4,10116,Rattus norvegicus,"P35465","P35465","R-RNO-9018746"
R-MMU-1266738,"Developmental Biology",10,550,0.059453032104637336,0.7221094219368762,0.7221094219368762,17,221,0.024940751608170636,10090,Mus musculus,"Q61301;O08553;Q8BZ98;P68368;P61264;P06837;Q62261;Q3UX10;P97427;P70336","Q61301;O08553;Q8BZ98;P68368;P61264;P06837;Q62261;Q3UX10;P97427;P70336","R-MMU-8933328;R-MMU-419049;R-MMU-399951;R-MMU-9680443;R-MMU-392053;R-MMU-445071;R-MMU-3928576;R-MMU-448958;R-MMU-5682802;R-MMU-392751;R-MMU-392051;R-MMU-399944;R-MMU-399947;R-MMU-392054;R-MMU-555065;R-MMU-375140;R-MMU-443783"
R-MMU-381426,"Regulation of Insulin-like Growth Factor (IGF) transport and uptake by Insulin-like Growth Factor Binding Proteins (IGFBPs)",2,121,0.013079667063020214,0.7223313536346112,0.7223313536346112,1,6,6.771244780498814E-4,10090,Mus musculus,"Q00896;Q80YX1","Q00896;Q80YX1","R-MMU-8952289"
R-RNO-983231,"Factors involved in megakaryocyte development and platelet production",2,116,0.013137032842582106,0.7245664669266377,0.7245664669266377,3,28,0.003276003276003276,10116,Rattus norvegicus,"P12369;Q6AY56","P12369;Q6AY56","R-RNO-983266;R-RNO-983259;R-RNO-992708"
R-MMU-176409,"APC/C:Cdc20 mediated degradation of mitotic proteins",1,62,0.006701978164522755,0.728708185308669,0.728708185308669,13,13,0.0014671030357747432,10090,Mus musculus,"Q8BGZ4","Q8BGZ4","R-MMU-179410;R-MMU-174227;R-MMU-174202;R-MMU-174255;R-MMU-174104;R-MMU-174144;R-MMU-174171;R-MMU-174157;R-MMU-174120;R-MMU-179417;R-MMU-179421;R-MMU-174121;R-MMU-174238"
R-MMU-422356,"Regulation of insulin secretion",1,62,0.006701978164522755,0.728708185308669,0.728708185308669,1,24,0.002708497912199526,10090,Mus musculus,"P26645","P26645","R-MMU-399978"
R-RNO-72649,"Translation initiation complex formation",1,60,0.006795016987542469,0.7335936214148868,0.7335936214148868,2,2,2.34000234000234E-4,10116,Rattus norvegicus,"B5DFC8","B5DFC8","R-RNO-157849;R-RNO-156808"
R-RNO-72702,"Ribosomal scanning and start codon recognition",1,60,0.006795016987542469,0.7335936214148868,0.7335936214148868,2,2,2.34000234000234E-4,10116,Rattus norvegicus,"B5DFC8","B5DFC8","R-RNO-72621;R-RNO-72697"
R-MMU-176814,"Activation of APC/C and APC/C:Cdc20 mediated degradation of mitotic proteins",1,63,0.006810074586531186,0.7343760198356141,0.7343760198356141,15,15,0.0016928111951247037,10090,Mus musculus,"Q8BGZ4","Q8BGZ4","R-MMU-174119;R-MMU-179410;R-MMU-174227;R-MMU-174132;R-MMU-174202;R-MMU-174255;R-MMU-174104;R-MMU-174144;R-MMU-174171;R-MMU-174157;R-MMU-174120;R-MMU-179417;R-MMU-179421;R-MMU-174121;R-MMU-174238"
R-RNO-72662,"Activation of the mRNA upon binding of the cap-binding complex and eIFs, and subsequent binding to 43S",1,61,0.006908267270668176,0.7394223873215964,0.7394223873215964,2,4,4.68000468000468E-4,10116,Rattus norvegicus,"B5DFC8","B5DFC8","R-RNO-157849;R-RNO-156808"
R-RNO-5687128,"MAPK6/MAPK4 signaling",1,61,0.006908267270668176,0.7394223873215964,0.7394223873215964,3,27,0.003159003159003159,10116,Rattus norvegicus,"P35465","P35465","R-RNO-389788;R-RNO-5627775;R-RNO-5687086"
R-MMU-3371453,"Regulation of HSF1-mediated heat shock response",1,64,0.006918171008539618,0.7399260395036908,0.7399260395036908,5,12,0.001354248956099763,10090,Mus musculus,"P48722","P48722","R-MMU-5251942;R-MMU-5251955;R-MMU-5251959;R-MMU-5252079;R-MMU-5252041"
R-RNO-8852276,"The role of GTSE1 in G2/M progression after G2 checkpoint",1,62,0.007021517553793885,0.7451242673589785,0.7451242673589785,3,10,0.00117000117000117,10116,Rattus norvegicus,"Q6AY56","Q6AY56","R-RNO-8852306;R-RNO-8852280;R-RNO-8852298"
R-RNO-73856,"RNA Polymerase II Transcription Termination",1,62,0.007021517553793885,0.7451242673589785,0.7451242673589785,1,4,4.68000468000468E-4,10116,Rattus norvegicus,"Q5U216","Q5U216","R-RNO-72180"
R-RNO-3371453,"Regulation of HSF1-mediated heat shock response",1,62,0.007021517553793885,0.7451242673589785,0.7451242673589785,1,12,0.001404001404001404,10116,Rattus norvegicus,"P18266","P18266","R-RNO-3371435"
R-MMU-1168372,"Downstream signaling events of B Cell Receptor (BCR)",1,65,0.007026267430548049,0.7453606808540407,0.7453606808540407,2,11,0.0012413948764247828,10090,Mus musculus,"P68404","P68404","R-MMU-1168635;R-MMU-1168373"
R-MMU-187037,"Signaling by NTRK1 (TRKA)",1,65,0.007026267430548049,0.7453606808540407,0.7453606808540407,1,36,0.004062746868299289,10090,Mus musculus,"Q6PDQ2","Q6PDQ2","R-MMU-9613213"
R-RNO-9855142,"Cellular responses to mechanical stimuli",1,63,0.007134767836919592,0.7507020096926557,0.7507020096926557,2,28,0.003276003276003276,10116,Rattus norvegicus,"P12369","P12369","R-RNO-111925;R-RNO-8951727"
R-RNO-9860931,"Response of endothelial cells to shear stress",1,63,0.007134767836919592,0.7507020096926557,0.7507020096926557,2,28,0.003276003276003276,10116,Rattus norvegicus,"P12369","P12369","R-RNO-111925;R-RNO-8951727"
R-RNO-5654738,"Signaling by FGFR2",1,63,0.007134767836919592,0.7507020096926557,0.7507020096926557,1,43,0.005031005031005031,10116,Rattus norvegicus,"P04256","P04256","R-RNO-6803523"
R-RNO-2995410,"Nuclear Envelope (NE) Reassembly",1,64,0.0072480181200453,0.7561583032702461,0.7561583032702461,1,18,0.002106002106002106,10116,Rattus norvegicus,"Q6AY56","Q6AY56","R-RNO-9668419"
R-RNO-69615,"G1/S DNA Damage Checkpoints",1,64,0.0072480181200453,0.7561583032702461,0.7561583032702461,1,27,0.003159003159003159,10116,Rattus norvegicus,"P18266","P18266","R-RNO-9943675"
R-RNO-9833482,"PKR-mediated signaling",1,64,0.0072480181200453,0.7561583032702461,0.7561583032702461,1,28,0.003276003276003276,10116,Rattus norvegicus,"Q6AY56","Q6AY56","R-RNO-9836404"
R-RNO-9755511,"KEAP1-NFE2L2 pathway",1,64,0.0072480181200453,0.7561583032702461,0.7561583032702461,1,30,0.00351000351000351,10116,Rattus norvegicus,"P18266","P18266","R-RNO-9762094"
R-MMU-6794362,"Protein-protein interactions at synapses",1,68,0.0073505566965733436,0.7609959545470517,0.7609959545470517,2,21,0.002369935673174585,10090,Mus musculus,"Q9WV92","Q9WV92","R-MMU-6797553;R-MMU-6797568"
R-MMU-2682334,"EPH-Ephrin signaling",1,68,0.0073505566965733436,0.7609959545470517,0.7609959545470517,1,37,0.004175600947974269,10090,Mus musculus,"P70336","P70336","R-MMU-3928576"
R-RNO-5358351,"Signaling by Hedgehog",2,125,0.014156285390713477,0.7618127641822261,0.7618127641822261,2,51,0.005967005967005967,10116,Rattus norvegicus,"P12369;P18266","P12369;P18266","R-RNO-5610749;R-RNO-5610732"
R-RNO-380284,"Loss of proteins required for interphase microtubule organization from the centrosome",1,66,0.007474518686296716,0.7667170114475657,0.7667170114475657,3,3,3.51000351000351E-4,10116,Rattus norvegicus,"P12369","P12369","R-RNO-380272;R-RNO-380294;R-RNO-380303"
R-RNO-380259,"Loss of Nlp from mitotic centrosomes",1,66,0.007474518686296716,0.7667170114475657,0.7667170114475657,2,2,2.34000234000234E-4,10116,Rattus norvegicus,"P12369","P12369","R-RNO-380272;R-RNO-380303"
R-MMU-159236,"Transport of Mature mRNA derived from an Intron-Containing Transcript",1,70,0.0075667495405902065,0.770885039335454,0.770885039335454,1,3,3.385622390249407E-4,10090,Mus musculus,"Q9Z1N5","Q9Z1N5","R-MMU-159101"
R-MMU-9013026,"RHOB GTPase cycle",1,70,0.0075667495405902065,0.770885039335454,0.770885039335454,1,6,6.771244780498814E-4,10090,Mus musculus,"P70336","P70336","R-MMU-9013024"
R-RNO-6794362,"Protein-protein interactions at synapses",1,67,0.007587768969422423,0.7718245191432409,0.7718245191432409,4,21,0.002457002457002457,10116,Rattus norvegicus,"P31016","P31016","R-RNO-6797554;R-RNO-8849891;R-RNO-8849906;R-RNO-8849878"
R-MMU-73894,"DNA Repair",5,307,0.03318560155658848,0.774014606468411,0.774014606468411,37,264,0.029793477034194785,10090,Mus musculus,"Q8CGP0;P62806;Q64475;P10853;Q64478","Q8CGP0;P62806;Q64475;P10853;Q64478","R-MMU-5682992;R-MMU-5693566;R-MMU-5684071;R-MMU-5686704;R-MMU-5693599;R-MMU-5684052;R-MMU-5682965;R-MMU-5693549;R-MMU-5693602;R-MMU-5686685;R-MMU-5682967;R-MMU-5682983;R-MMU-5693551;R-MMU-5683735;R-MMU-5682858;R-MMU-5683425;R-MMU-5682863;R-MMU-5683930;R-MMU-5693536;R-MMU-5693583;R-MMU-5683405;R-MMU-9629216;R-MMU-5682629;R-MMU-5683385;R-MMU-5683986;R-MMU-5682598;R-MMU-5683384;R-MMU-9629195;R-MMU-5683964;R-MMU-69891;R-MMU-5682607;R-MMU-5683967;R-MMU-5686900;R-MMU-5682586;R-MMU-5682588;R-MMU-5683801;R-MMU-5683077"
R-MMU-9013106,"RHOC GTPase cycle",1,71,0.007674845962598638,0.7756758413557538,0.7756758413557538,1,6,6.771244780498814E-4,10090,Mus musculus,"P70336","P70336","R-MMU-9013110"
R-HSA-163125,"Post-translational modification: synthesis of GPI-anchored proteins",1,93,0.007696764048663411,0.7766350234183216,0.9808923382465533,1,14,9.154515137644675E-4,9606,Homo sapiens,"P26645","Q93070","R-HSA-8940388"
R-RNO-8854518,"AURKA Activation by TPX2",1,68,0.007701019252548132,0.7768207666806441,0.7768207666806441,1,1,1.17000117000117E-4,10116,Rattus norvegicus,"P12369","P12369","R-RNO-8853419"
R-RNO-195253,"Degradation of beta-catenin by the destruction complex",1,68,0.007701019252548132,0.7768207666806441,0.7768207666806441,12,16,0.001872001872001872,10116,Rattus norvegicus,"P18266","P18266","R-RNO-195304;R-RNO-2130286;R-RNO-5229343;R-RNO-2130282;R-RNO-195318;R-RNO-195280;R-RNO-2130279;R-RNO-195275;R-RNO-195287;R-RNO-195300;R-RNO-195251;R-RNO-195283"
R-MMU-68867,"Assembly of the pre-replicative complex",1,72,0.0077829423846070694,0.7803669731431772,0.7803669731431772,1,17,0.0019185193544746643,10090,Mus musculus,"Q8BGZ4","Q8BGZ4","R-MMU-68712"
R-MMU-111885,"Opioid Signalling",1,72,0.0077829423846070694,0.7803669731431772,0.7803669731431772,2,38,0.004288455027649249,10090,Mus musculus,"P63318","P63318","R-MMU-111970;R-MMU-111966"
R-MMU-9948299,"Ribosome-associated quality control",2,137,0.014809209815155119,0.7833251730485203,0.7833251730485203,6,14,0.0015799571154497235,10090,Mus musculus,"P62908;P25444","P62908;P25444","R-MMU-9954730;R-MMU-9955731;R-MMU-9948301;R-MMU-9948317;R-MMU-9948291;R-MMU-9954919"
R-MMU-453276,"Regulation of mitotic cell cycle",1,73,0.007891038806615501,0.7849604977657063,0.7849604977657063,29,38,0.004288455027649249,10090,Mus musculus,"Q8BGZ4","Q8BGZ4","R-MMU-174224;R-MMU-174088;R-MMU-174227;R-MMU-188191;R-MMU-174132;R-MMU-9686969;R-MMU-9686980;R-MMU-174195;R-MMU-174202;R-MMU-174171;R-MMU-174079;R-MMU-141423;R-MMU-174120;R-MMU-179417;R-MMU-174070;R-MMU-179421;R-MMU-174121;R-MMU-174119;R-MMU-179410;R-MMU-174057;R-MMU-174058;R-MMU-174255;R-MMU-174104;R-MMU-174144;R-MMU-174105;R-MMU-174157;R-MMU-174139;R-MMU-188371;R-MMU-174238"
R-MMU-174143,"APC/C-mediated degradation of cell cycle proteins",1,73,0.007891038806615501,0.7849604977657063,0.7849604977657063,29,38,0.004288455027649249,10090,Mus musculus,"Q8BGZ4","Q8BGZ4","R-MMU-174224;R-MMU-174088;R-MMU-174227;R-MMU-188191;R-MMU-174132;R-MMU-9686969;R-MMU-9686980;R-MMU-174195;R-MMU-174202;R-MMU-174171;R-MMU-174079;R-MMU-141423;R-MMU-174120;R-MMU-179417;R-MMU-174070;R-MMU-179421;R-MMU-174121;R-MMU-174119;R-MMU-179410;R-MMU-174057;R-MMU-174058;R-MMU-174255;R-MMU-174104;R-MMU-174144;R-MMU-174105;R-MMU-174157;R-MMU-174139;R-MMU-188371;R-MMU-174238"
R-RNO-159236,"Transport of Mature mRNA derived from an Intron-Containing Transcript",1,70,0.007927519818799546,0.7864890747535764,0.7864890747535764,1,3,3.51000351000351E-4,10116,Rattus norvegicus,"Q5U216","Q5U216","R-RNO-159101"
R-MMU-163685,"Integration of energy metabolism",1,74,0.007999135228623933,0.7894584358058505,0.7894584358058505,1,31,0.003498476469924388,10090,Mus musculus,"P26645","P26645","R-MMU-399978"
R-RNO-111885,"Opioid Signalling",1,71,0.008040770101925256,0.7911658031515204,0.7911658031515204,2,35,0.004095004095004095,10116,Rattus norvegicus,"P12369","P12369","R-RNO-111925;R-RNO-8951727"
R-MMU-73887,"Death Receptor Signaling",2,140,0.015133499081180413,0.7933656944600083,0.7933656944600083,3,93,0.010495429409773164,10090,Mus musculus,"Q80U28;Q99P72","Q80U28;Q99P72","R-MMU-193696;R-MMU-5626953;R-MMU-9012761"
R-MMU-1483249,"Inositol phosphate metabolism",1,75,0.008107231650632363,0.7938627662310405,0.7938627662310405,2,60,0.006771244780498815,10090,Mus musculus,"Q8CHC4","Q8CHC4","R-MMU-1855218;R-MMU-1855174"
R-RNO-913531,"Interferon Signaling",2,135,0.015288788221970554,0.7980274276976793,0.7980274276976793,2,86,0.010062010062010062,10116,Rattus norvegicus,"P08413;Q6AY56","P08413;Q6AY56","R-RNO-909552;R-RNO-9836404"
R-MMU-1483255,"PI Metabolism",1,76,0.008215328072640795,0.7981754272463564,0.7981754272463564,5,69,0.007786931497573637,10090,Mus musculus,"Q8CHC4","Q8CHC4","R-MMU-1676203;R-MMU-1675988;R-MMU-1675836;R-MMU-1675994;R-MMU-1676177"
R-RNO-450531,"Regulation of mRNA stability by proteins that bind AU-rich elements",1,73,0.00826727066817667,0.8002157032500596,0.8002157032500596,4,25,0.002925002925002925,10116,Rattus norvegicus,"Q9JJ54","Q9JJ54","R-RNO-450466;R-RNO-450434;R-RNO-450580;R-RNO-450551"
R-MMU-392499,"Metabolism of proteins",33,1775,0.19187114906496594,0.8041119743732985,0.8041119743732985,68,671,0.07572508746191174,10090,Mus musculus,"P51881;P56399;O08749;Q62261;P10853;P97807;Q00896;P25444;P56480;Q9DB77;Q91VR2;Q8R1Q8;P62908;Q60931;Q9D8N0;P62806;P29341;Q03265;Q64475;Q6NZJ6;Q3UX10;Q9D051;Q8BMF4;Q8BGD9;Q80YX1;Q64478;Q02053;Q8JZQ9;P68368;Q9DC28;Q99KI0;Q9CZU6;Q9DB20","P51881;P56399;O08749;Q62261;P10853;P97807;Q00896;P25444;P56480;Q9DB77;Q91VR2;Q8R1Q8;P62908;Q60931;Q9D8N0;P62806;P29341;Q03265;Q64475;Q6NZJ6;Q3UX10;Q9D051;Q8BMF4;Q8BGD9;Q80YX1;Q64478;Q02053;Q8JZQ9;P68368;Q9DC28;Q99KI0;Q9CZU6;Q9DB20","R-MMU-5694527;R-MMU-6807877;R-MMU-8865774;R-MMU-9839105;R-MMU-9955731;R-MMU-156823;R-MMU-5694522;R-MMU-9948291;R-MMU-8852134;R-MMU-156808;R-MMU-8852136;R-MMU-204008;R-MMU-72697;R-MMU-4570496;R-MMU-8852132;R-MMU-8852133;R-MMU-9954919;R-MMU-6807875;R-MMU-5694409;R-MMU-157849;R-MMU-5690152;R-MMU-72647;R-MMU-9839149;R-MMU-156913;R-MMU-5694428;R-MMU-72631;R-MMU-8852128;R-MMU-72619;R-MMU-156910;R-MMU-72621;R-MMU-9858752;R-MMU-9948301;R-MMU-9948317;R-MMU-9837978;R-MMU-9838004;R-MMU-8942099;R-MMU-6809006;R-MMU-5694418;R-MMU-5694441;R-MMU-8867370;R-MMU-9838035;R-MMU-5694446;R-MMU-5694439;R-MMU-8942101;R-MMU-8852129;R-MMU-5696872;R-MMU-6809003;R-MMU-5694417;R-MMU-1799332;R-MMU-72673;R-MMU-9954730;R-MMU-8852130;R-MMU-72676;R-MMU-8852131;R-MMU-72691;R-MMU-4570485;R-MMU-6809010;R-MMU-8952289;R-MMU-8853529;R-MMU-72671;R-MMU-6809011;R-MMU-72672;R-MMU-203973;R-MMU-9838081;R-MMU-9838093;R-MMU-9838289;R-MMU-8853515;R-MMU-8879123"
R-RNO-163685,"Integration of energy metabolism",1,74,0.008380520951302378,0.8045932472394622,0.8045932472394622,1,33,0.003861003861003861,10116,Rattus norvegicus,"P12369","P12369","R-RNO-111925"
R-MMU-416482,"G alpha (12/13) signalling events",1,78,0.00843152091665766,0.806533295050613,0.806533295050613,2,15,0.0016928111951247037,10090,Mus musculus,"P70336","P70336","R-MMU-419049;R-MMU-9680443"
R-MMU-69052,"Switching of origins to a post-replicative state",1,78,0.00843152091665766,0.806533295050613,0.806533295050613,1,10,0.0011285407967498026,10090,Mus musculus,"Q8BGZ4","Q8BGZ4","R-MMU-69015"
R-MMU-216083,"Integrin cell surface interactions",1,78,0.00843152091665766,0.806533295050613,0.806533295050613,3,43,0.00485272542602415,10090,Mus musculus,"Q80YX1","Q80YX1","R-MMU-265426;R-MMU-216068;R-MMU-216064"
R-MMU-166520,"Signaling by NTRKs",1,78,0.00843152091665766,0.806533295050613,0.806533295050613,1,46,0.0051912876650490915,10090,Mus musculus,"Q6PDQ2","Q6PDQ2","R-MMU-9613213"
R-MMU-72202,"Transport of Mature Transcript to Cytoplasm",1,79,0.00853961733866609,0.8105821818708345,0.8105821818708345,1,12,0.001354248956099763,10090,Mus musculus,"Q9Z1N5","Q9Z1N5","R-MMU-159101"
R-RNO-380287,"Centrosome maturation",1,76,0.008607021517553794,0.8130641023761519,0.8130641023761519,6,6,7.02000702000702E-4,10116,Rattus norvegicus,"P12369","P12369","R-RNO-380283;R-RNO-380455;R-RNO-380272;R-RNO-380294;R-RNO-380311;R-RNO-380303"
R-RNO-380270,"Recruitment of mitotic centrosome proteins and complexes",1,76,0.008607021517553794,0.8130641023761519,0.8130641023761519,3,3,3.51000351000351E-4,10116,Rattus norvegicus,"P12369","P12369","R-RNO-380283;R-RNO-380455;R-RNO-380311"
R-RNO-8856828,"Clathrin-mediated endocytosis",2,140,0.015855039637599093,0.814249701412089,0.814249701412089,16,32,0.003744003744003744,10116,Rattus norvegicus,"Q9Z1Z3;P21575","Q9Z1Z3;P21575","R-RNO-8868660;R-RNO-8868072;R-RNO-8866283;R-RNO-8871193;R-RNO-8867756;R-RNO-8867754;R-RNO-8868661;R-RNO-8868236;R-RNO-8866279;R-RNO-8868658;R-RNO-8868659;R-RNO-8868071;R-RNO-8868648;R-RNO-8868651;R-RNO-8871194;R-RNO-8866275"
R-RNO-72202,"Transport of Mature Transcript to Cytoplasm",1,78,0.00883352208380521,0.8211695580298699,0.8211695580298699,1,12,0.001404001404001404,10116,Rattus norvegicus,"Q5U216","Q5U216","R-RNO-159101"
R-RNO-190236,"Signaling by FGFR",1,78,0.00883352208380521,0.8211695580298699,0.8211695580298699,1,137,0.01602901602901603,10116,Rattus norvegicus,"P04256","P04256","R-RNO-6803523"
R-MMU-71387,"Metabolism of carbohydrates and carbohydrate derivatives",4,271,0.02929413036428494,0.8223305765316604,0.8223305765316604,26,206,0.023247940413045932,10090,Mus musculus,"P12382;P16858;P05064;Q61361","P12382;P16858;P05064;Q61361","R-MMU-70467;R-MMU-2022063;R-MMU-1971487;R-MMU-9632033;R-MMU-9941305;R-MMU-2018659;R-MMU-1971491;R-MMU-9941312;R-MMU-2022911;R-MMU-1889981;R-MMU-9941039;R-MMU-2022061;R-MMU-9940993;R-MMU-1889978;R-MMU-1889955;R-MMU-2022052;R-MMU-70482;R-MMU-2018682;R-MMU-2022065;R-MMU-2022056;R-MMU-71495;R-MMU-70449;R-MMU-71496;R-MMU-1878002;R-MMU-1971482;R-MMU-1971483"
R-RNO-199977,"ER to Golgi Anterograde Transport",2,147,0.01664779161947905,0.8350130030726788,0.8350130030726788,6,39,0.004563004563004563,10116,Rattus norvegicus,"Q9QWN8;Q6AY56","Q9QWN8;Q6AY56","R-RNO-6809011;R-RNO-6809003;R-RNO-6809010;R-RNO-6809006;R-RNO-6807877;R-RNO-6807875"
R-MMU-193704,"p75 NTR receptor-mediated signalling",1,87,0.009404388714733543,0.8400804662634977,0.8400804662634977,2,34,0.0038370387089493286,10090,Mus musculus,"Q99P72","Q99P72","R-MMU-193696;R-MMU-9012761"
R-MMU-69002,"DNA Replication Pre-Initiation",1,88,0.009512485136741973,0.8434305275970692,0.8434305275970692,1,26,0.0029342060715494864,10090,Mus musculus,"Q8BGZ4","Q8BGZ4","R-MMU-68712"
R-RNO-9013404,"RAC2 GTPase cycle",1,84,0.009513023782559457,0.8434470449448619,0.8434470449448619,1,10,0.00117000117000117,10116,Rattus norvegicus,"P35465","P35465","R-RNO-9014294"
R-MMU-8876198,"RAB GEFs exchange GTP for GDP on RABs",1,89,0.009620581558750405,0.8467107646353366,0.8467107646353366,2,21,0.002369935673174585,10090,Mus musculus,"Q80U28","Q80U28","R-MMU-8875318;R-MMU-8877308"
R-RNO-2565942,"Regulation of PLK1 Activity at G2/M Transition",1,85,0.009626274065685165,0.8468815987039983,0.8468815987039983,4,12,0.001404001404001404,10116,Rattus norvegicus,"P12369","P12369","R-RNO-3000310;R-RNO-2574845;R-RNO-3000319;R-RNO-2574840"
R-RNO-163125,"Post-translational modification: synthesis of GPI-anchored proteins",1,86,0.009739524348810872,0.8502411830429573,0.8502411830429573,1,12,0.001404001404001404,10116,Rattus norvegicus,"Q62813","Q62813","R-RNO-8940388"
R-RNO-9909615,"Regulation of PD-L1(CD274) Post-translational modification",1,86,0.009739524348810872,0.8502411830429573,0.8502411830429573,1,25,0.002925002925002925,10116,Rattus norvegicus,"P18266","P18266","R-RNO-9929360"
R-RNO-5621481,"C-type lectin receptors (CLRs)",1,87,0.00985277463193658,0.8535274260993773,0.8535274260993773,1,42,0.004914004914004914,10116,Rattus norvegicus,"P35465","P35465","R-RNO-5624492"
R-MMU-141424,"Amplification of signal from the kinetochores",1,92,0.0099448708247757,0.8561468606511902,0.8561468606511902,4,4,4.51416318699921E-4,10090,Mus musculus,"Q8R1Q8","Q8R1Q8","R-MMU-141439;R-MMU-141422;R-MMU-141431;R-MMU-141409"
R-MMU-141444,"Amplification  of signal from unattached  kinetochores via a MAD2  inhibitory signal",1,92,0.0099448708247757,0.8561468606511902,0.8561468606511902,4,4,4.51416318699921E-4,10090,Mus musculus,"Q8R1Q8","Q8R1Q8","R-MMU-141439;R-MMU-141422;R-MMU-141431;R-MMU-141409"
R-MMU-983169,"Class I MHC mediated antigen processing & presentation",5,348,0.03761755485893417,0.857506548238538,0.857506548238538,6,42,0.00473987134634917,10090,Mus musculus,"P46935;Q7TMY8;Q8BGZ4;A2AN08;Q02053","P46935;Q7TMY8;Q8BGZ4;A2AN08;Q02053","R-MMU-983156;R-MMU-983157;R-MMU-983140;R-MMU-983152;R-MMU-983153;R-MMU-983147"
R-MMU-1280215,"Cytokine Signaling in Immune system",7,464,0.050156739811912224,0.8585897006069414,0.8585897006069414,5,550,0.062069743821239136,10090,Mus musculus,"P46935;P68433;P68368;P10637;Q6NZJ6;Q3UX10;P11798","P46935;P68433;P68368;P10637;Q6NZJ6;Q3UX10;P11798","R-MMU-909552;R-MMU-1169399;R-MMU-9836404;R-MMU-1678842;R-MMU-8865613"
R-RNO-5689880,"Ub-specific processing proteases",2,156,0.01766704416761042,0.8586340602401693,0.8586340602401693,1,37,0.004329004329004329,10116,Rattus norvegicus,"Q9Z2L0;P81155","Q9Z2L0;P81155","R-RNO-5696872"
R-MMU-428157,"Sphingolipid metabolism",1,93,0.01005296724678413,0.8591619842574902,0.8591619842574902,14,70,0.007899785577248618,10090,Mus musculus,"Q61207","Q61207","R-MMU-1605591;R-MMU-1606602;R-MMU-9842115;R-MMU-9841189;R-MMU-1605632;R-MMU-9840488;R-MMU-1606807;R-MMU-1605724;R-MMU-9840334;R-MMU-9840470;R-MMU-1606312;R-MMU-1605736;R-MMU-1605624;R-MMU-1606564"
R-RNO-1266738,"Developmental Biology",7,445,0.050396375990939976,0.8618118976053611,0.8618118976053611,19,209,0.02445302445302445,10116,Rattus norvegicus,"Q9QWN8;P35465;P18266;P13832;P31016;Q6AY56;P21575","Q9QWN8;P35465;P18266;P13832;P31016;Q6AY56;P21575","R-RNO-3928640;R-RNO-3928625;R-RNO-392751;R-RNO-3928619;R-RNO-3928641;R-RNO-445072;R-RNO-399930;R-RNO-5682794;R-RNO-392054;R-RNO-399952;R-RNO-9824999;R-RNO-399939;R-RNO-445071;R-RNO-3928620;R-RNO-399951;R-RNO-392051;R-RNO-9824995;R-RNO-392053;R-RNO-555065"
R-MMU-5610787,"Hedgehog 'off' state",1,94,0.010161063668792563,0.8621142306219267,0.8621142306219267,2,20,0.002257081593499605,10090,Mus musculus,"P68368","P68368","R-MMU-5610733;R-MMU-5610767"
R-RNO-4420097,"VEGFA-VEGFR2 Pathway",1,90,0.010192525481313703,0.8629618657907471,0.8629618657907471,4,68,0.007956007956007956,10116,Rattus norvegicus,"P35465","P35465","R-RNO-5357477;R-RNO-5357483;R-RNO-5357445;R-RNO-5357472"
R-RNO-1169410,"Antiviral mechanism by IFN-stimulated genes",1,90,0.010192525481313703,0.8629618657907471,0.8629618657907471,1,43,0.005031005031005031,10116,Rattus norvegicus,"Q6AY56","Q6AY56","R-RNO-9836404"
R-MMU-5689880,"Ub-specific processing proteases",2,169,0.018268295319424928,0.87108390552737,0.87108390552737,2,39,0.00440130910732423,10090,Mus musculus,"Q60931;P56399","Q60931;P56399","R-MMU-5690152;R-MMU-5696872"
R-MMU-3700989,"Transcriptional Regulation by TP53",4,297,0.03210463733650416,0.8721871857561073,0.8721871857561073,3,132,0.014896738517097392,10090,Mus musculus,"P99029;Q61171;P19783;Q6PDQ2","P99029;Q61171;P19783;Q6PDQ2","R-MMU-163214;R-MMU-6805650;R-MMU-3341343"
R-MMU-71291,"Metabolism of amino acids and derivatives",3,235,0.025402659171981406,0.8724515216796033,0.8724515216796033,13,217,0.024489335289470716,10090,Mus musculus,"O08749;P10852;P05202","O08749;P10852;P05202","R-MMU-352232;R-MMU-9858321;R-MMU-9859148;R-MMU-5693153;R-MMU-9858589;R-MMU-9858590;R-MMU-6784393;R-MMU-5693148;R-MMU-70596;R-MMU-9859163;R-MMU-5694018;R-MMU-70613;R-MMU-9859172"
R-MMU-6798695,"Neutrophil degranulation",8,532,0.05750729650848557,0.8740412516147953,0.8740412516147953,9,10,0.0011285407967498026,10090,Mus musculus,"P12382;Q61207;P50580;Q00896;Q7TMY8;P05064;A2AN08;Q8R1Q8","P12382;Q61207;P50580;Q00896;Q7TMY8;P05064;A2AN08;Q8R1Q8","R-MMU-6798745;R-MMU-6799350;R-MMU-6800434;R-MMU-6798743;R-MMU-6798748;R-MMU-6798747;R-MMU-6798739;R-MMU-6800426;R-MMU-6798751"
R-RNO-5620912,"Anchoring of the basal body to the plasma membrane",1,94,0.010645526613816535,0.874607134831381,0.874607134831381,8,9,0.001053001053001053,10116,Rattus norvegicus,"P12369","P12369","R-RNO-5626699;R-RNO-5626228;R-RNO-5617816;R-RNO-5626220;R-RNO-5638009;R-RNO-5626223;R-RNO-5626227;R-RNO-5626681"
R-RNO-6811434,"COPI-dependent Golgi-to-ER retrograde traffic",1,94,0.010645526613816535,0.874607134831381,0.874607134831381,2,11,0.001287001287001287,10116,Rattus norvegicus,"Q6AY56","Q6AY56","R-RNO-6811423;R-RNO-6811426"
R-MMU-8856825,"Cargo recognition for clathrin-mediated endocytosis",1,101,0.010917738622851584,0.8811256532428671,0.8811256532428671,1,14,0.0015799571154497235,10090,Mus musculus,"Q61548","Q61548","R-MMU-8867613"
R-MMU-8953854,"Metabolism of RNA",9,595,0.06431737109501676,0.8819932665850319,0.8819932665850319,30,118,0.01331678140164767,10090,Mus musculus,"P62908;Q9Z1N5;Q9DC28;P29341;Q9CQF3;P60335;Q6NZJ6;P25444;Q8BGD9","P62908;Q9Z1N5;Q9DC28;P29341;Q9CQF3;P60335;Q6NZJ6;P25444;Q8BGD9","R-MMU-430021;R-MMU-6791222;R-MMU-159101;R-MMU-6791223;R-MMU-927889;R-MMU-9794542;R-MMU-9770142;R-MMU-429992;R-MMU-927832;R-MMU-72103;R-MMU-9770145;R-MMU-927836;R-MMU-927813;R-MMU-927789;R-MMU-927830;R-MMU-450580;R-MMU-77593;R-MMU-8849157;R-MMU-72185;R-MMU-77591;R-MMU-9770141;R-MMU-72231;R-MMU-9770119;R-MMU-450551;R-MMU-429955;R-MMU-77592;R-MMU-72180;R-MMU-9770236;R-MMU-6791227;R-MMU-6791221"
R-RNO-5683057,"MAPK family signaling cascades",4,291,0.032955832389580976,0.8847082651926943,0.8847082651926943,5,107,0.012519012519012518,10116,Rattus norvegicus,"Q9QWN8;P35465;P08413;P31016","Q9QWN8;P35465;P08413;P31016","R-RNO-389788;R-RNO-5672969;R-RNO-5672965;R-RNO-5627775;R-RNO-5687086"
R-RNO-194138,"Signaling by VEGF",1,98,0.011098527746319366,0.88526747509696,0.88526747509696,4,74,0.008658008658008658,10116,Rattus norvegicus,"P35465","P35465","R-RNO-5357477;R-RNO-5357483;R-RNO-5357445;R-RNO-5357472"
R-MMU-9006925,"Intracellular signaling by second messengers",3,246,0.026591719814074155,0.8913301085982408,0.8913301085982408,5,58,0.006545536621148855,10090,Mus musculus,"P46935;P63318;Q6PDQ2","P46935;P63318;Q6PDQ2","R-MMU-6807134;R-MMU-111970;R-MMU-8943780;R-MMU-111966;R-MMU-6807106"
R-MMU-9609507,"Protein localization",1,106,0.01145822073289374,0.893085748921112,0.893085748921112,1,20,0.002257081593499605,10090,Mus musculus,"P56480","P56480","R-MMU-8986181"
R-MMU-69239,"Synthesis of DNA",1,106,0.01145822073289374,0.893085748921112,0.893085748921112,1,24,0.002708497912199526,10090,Mus musculus,"Q8BGZ4","Q8BGZ4","R-MMU-69015"
R-RNO-8856825,"Cargo recognition for clathrin-mediated endocytosis",1,102,0.011551528878822197,0.8950257944580088,0.8950257944580088,3,15,0.001755001755001755,10116,Rattus norvegicus,"Q9Z1Z3","Q9Z1Z3","R-RNO-8866283;R-RNO-8866279;R-RNO-8866275"
R-RNO-69275,"G2/M Transition",2,173,0.019592298980747453,0.8950353579277293,0.8950353579277293,14,77,0.009009009009009009,10116,Rattus norvegicus,"P12369;Q6AY56","P12369;Q6AY56","R-RNO-2574845;R-RNO-8852280;R-RNO-8853419;R-RNO-380283;R-RNO-380311;R-RNO-2574840;R-RNO-3000310;R-RNO-8852306;R-RNO-3000319;R-RNO-380455;R-RNO-380272;R-RNO-8852298;R-RNO-380294;R-RNO-380303"
R-RNO-948021,"Transport to the Golgi and subsequent modification",2,173,0.019592298980747453,0.8950353579277293,0.8950353579277293,6,56,0.006552006552006552,10116,Rattus norvegicus,"Q9QWN8;Q6AY56","Q9QWN8;Q6AY56","R-RNO-6809011;R-RNO-6809003;R-RNO-6809010;R-RNO-6809006;R-RNO-6807877;R-RNO-6807875"
R-MMU-194315,"Signaling by Rho GTPases",9,607,0.06561452815911793,0.8951928271783641,0.8951928271783641,17,170,0.019185193544746643,10090,Mus musculus,"P68404;Q9Z1N5;P68368;Q62261;P14733;Q3UX10;P70336;Q8R1Q8;Q91XV3","P68404;Q9Z1N5;P68368;Q62261;P14733;Q3UX10;P70336;Q8R1Q8;Q91XV3","R-MMU-419049;R-MMU-5672329;R-MMU-9680443;R-MMU-9693125;R-MMU-9018758;R-MMU-9018787;R-MMU-9018778;R-MMU-9013110;R-MMU-9693198;R-MMU-9018766;R-MMU-5666160;R-MMU-5666169;R-MMU-9018794;R-MMU-9013024;R-MMU-5666129;R-MMU-9626817;R-MMU-9013009"
R-RNO-9609507,"Protein localization",1,103,0.011664779161947905,0.8973334794950427,0.8973334794950427,1,18,0.002106002106002106,10116,Rattus norvegicus,"P10719","P10719","R-RNO-8986181"
R-RNO-453274,"Mitotic G2-G2/M phases",2,175,0.019818799546998868,0.8986954358493462,0.8986954358493462,14,79,0.009243009243009243,10116,Rattus norvegicus,"P12369;Q6AY56","P12369;Q6AY56","R-RNO-2574845;R-RNO-8852280;R-RNO-8853419;R-RNO-380283;R-RNO-380311;R-RNO-2574840;R-RNO-3000310;R-RNO-8852306;R-RNO-3000319;R-RNO-380455;R-RNO-380272;R-RNO-8852298;R-RNO-380294;R-RNO-380303"
R-RNO-9648025,"EML4 and NUDC in mitotic spindle formation",1,107,0.012117780294450736,0.9060703365499299,0.9060703365499299,2,4,4.68000468000468E-4,10116,Rattus norvegicus,"Q6AY56","Q6AY56","R-RNO-9648114;R-RNO-9648017"
R-RNO-5617833,"Cilium Assembly",2,181,0.020498301245753116,0.9089775054678544,0.9089775054678544,9,44,0.005148005148005148,10116,Rattus norvegicus,"P12369;Q6AY56","P12369;Q6AY56","R-RNO-5626699;R-RNO-5626228;R-RNO-5617816;R-RNO-5626220;R-RNO-5638009;R-RNO-5626223;R-RNO-5618328;R-RNO-5626227;R-RNO-5626681"
R-MMU-9716542,"Signaling by Rho GTPases, Miro GTPases and RHOBTB3",9,622,0.06723597448924441,0.9099581495799391,0.9099581495799391,17,177,0.019975172102471503,10090,Mus musculus,"P68404;Q9Z1N5;P68368;Q62261;P14733;Q3UX10;P70336;Q8R1Q8;Q91XV3","P68404;Q9Z1N5;P68368;Q62261;P14733;Q3UX10;P70336;Q8R1Q8;Q91XV3","R-MMU-419049;R-MMU-5672329;R-MMU-9680443;R-MMU-9693125;R-MMU-9018758;R-MMU-9018787;R-MMU-9018778;R-MMU-9013110;R-MMU-9693198;R-MMU-9018766;R-MMU-5666160;R-MMU-5666169;R-MMU-9018794;R-MMU-9013024;R-MMU-5666129;R-MMU-9626817;R-MMU-9013009"
R-MMU-72163,"mRNA Splicing - Major Pathway",2,191,0.02064641660361042,0.9110858581311229,0.9110858581311229,6,6,6.771244780498814E-4,10090,Mus musculus,"Q9Z1N5;P60335","Q9Z1N5;P60335","R-MMU-9770142;R-MMU-9770145;R-MMU-9770236;R-MMU-9794542;R-MMU-9770141;R-MMU-9770119"
R-MMU-9007101,"Rab regulation of trafficking",1,115,0.012431088530969626,0.9116762439707273,0.9116762439707273,2,33,0.003724184629274348,10090,Mus musculus,"Q80U28","Q80U28","R-MMU-8875318;R-MMU-8877308"
R-RNO-72689,"Formation of a pool of free 40S subunits",1,111,0.012570781426953568,0.9140671980657427,0.9140671980657427,1,2,2.34000234000234E-4,10116,Rattus norvegicus,"B5DFC8","B5DFC8","R-RNO-72676"
R-RNO-166016,"Toll Like Receptor 4 (TLR4) Cascade",1,112,0.012684031710079275,0.9159582176717234,0.9159582176717234,1,80,0.00936000936000936,10116,Rattus norvegicus,"P21575","P21575","R-RNO-2201293"
R-RNO-388841,"Regulation of T cell activation by CD28 family",2,186,0.021064552661381655,0.9167946369368299,0.9167946369368299,2,60,0.00702000702000702,10116,Rattus norvegicus,"P35465;P18266","P35465;P18266","R-RNO-389788;R-RNO-9929360"
R-MMU-69306,"DNA Replication",1,118,0.01275537779699492,0.9171282178887441,0.9171282178887441,2,55,0.006206974382123914,10090,Mus musculus,"Q8BGZ4","Q8BGZ4","R-MMU-69015;R-MMU-68712"
R-MMU-166016,"Toll Like Receptor 4 (TLR4) Cascade",1,119,0.012863474219003352,0.9188700812128363,0.9188700812128363,1,90,0.010156867170748223,10090,Mus musculus,"Q8BZ98","Q8BZ98","R-MMU-2201293"
R-RNO-9909648,"Regulation of PD-L1(CD274) expression",1,114,0.012910532276330692,0.9196169480370037,0.9196169480370037,1,27,0.003159003159003159,10116,Rattus norvegicus,"P18266","P18266","R-RNO-9929360"
R-RNO-72163,"mRNA Splicing - Major Pathway",2,189,0.02140430351075878,0.9211790248713858,0.9211790248713858,5,5,5.85000585000585E-4,10116,Rattus norvegicus,"Q9JJ54;P04256","Q9JJ54;P04256","R-RNO-9770141;R-RNO-9770119;R-RNO-9794542;R-RNO-9770142;R-RNO-9770236"
R-MMU-72203,"Processing of Capped Intron-Containing Pre-mRNA",3,268,0.028969841098259647,0.9217818811931525,0.9217818811931525,12,28,0.003159914230899447,10090,Mus musculus,"Q9Z1N5;Q9CQF3;P60335","Q9Z1N5;Q9CQF3;P60335","R-MMU-159101;R-MMU-8849157;R-MMU-72185;R-MMU-9794542;R-MMU-9770141;R-MMU-72231;R-MMU-9770119;R-MMU-9770142;R-MMU-72103;R-MMU-9770145;R-MMU-72180;R-MMU-9770236"
R-RNO-195258,"RHO GTPase Effectors",3,256,0.0289920724801812,0.9220258430926933,0.9220258430926933,12,86,0.010062010062010062,10116,Rattus norvegicus,"P35465;P31016;Q6AY56","P35465;P31016;Q6AY56","R-RNO-5666169;R-RNO-5669250;R-RNO-5669158;R-RNO-5669240;R-RNO-5671993;R-RNO-2029456;R-RNO-5672329;R-RNO-5668947;R-RNO-5668984;R-RNO-2029460;R-RNO-5627775;R-RNO-445797"
R-MMU-72172,"mRNA Splicing",2,199,0.02151118797967787,0.9225129821573952,0.9225129821573952,6,10,0.0011285407967498026,10090,Mus musculus,"Q9Z1N5;P60335","Q9Z1N5;P60335","R-MMU-9770142;R-MMU-9770145;R-MMU-9770236;R-MMU-9794542;R-MMU-9770141;R-MMU-9770119"
R-RNO-68877,"Mitotic Prometaphase",2,191,0.021630804077010193,0.9239807357973384,0.9239807357973384,9,22,0.002574002574002574,10116,Rattus norvegicus,"P12369;Q6AY56","P12369;Q6AY56","R-RNO-375302;R-RNO-380316;R-RNO-1638821;R-RNO-2484822;R-RNO-9648114;R-RNO-2468287;R-RNO-1638803;R-RNO-9648017;R-RNO-380508"
R-RNO-5673001,"RAF/MAP kinase cascade",3,261,0.02955832389580974,0.928011065648251,0.928011065648251,2,73,0.008541008541008541,10116,Rattus norvegicus,"Q9QWN8;P08413;P31016","Q9QWN8;P08413;P31016","R-RNO-5672969;R-RNO-5672965"
R-MMU-8957322,"Metabolism of steroids",1,125,0.01351205275105394,0.9285822777099231,0.9285822777099231,1,172,0.0194109017040966,10090,Mus musculus,"Q8JZK9","Q8JZK9","R-MMU-191323"
R-RNO-156827,"L13a-mediated translational silencing of Ceruloplasmin expression",1,120,0.013590033975084938,0.9296691967649575,0.9296691967649575,1,2,2.34000234000234E-4,10116,Rattus norvegicus,"B5DFC8","B5DFC8","R-RNO-156823"
R-RNO-72203,"Processing of Capped Intron-Containing Pre-mRNA",3,263,0.029784824462061155,0.9302855138799204,0.9302855138799204,9,26,0.003042003042003042,10116,Rattus norvegicus,"Q9JJ54;Q5U216;P04256","Q9JJ54;Q5U216;P04256","R-RNO-72103;R-RNO-159101;R-RNO-9770141;R-RNO-72180;R-RNO-9770119;R-RNO-9794542;R-RNO-9770142;R-RNO-72185;R-RNO-9770236"
R-RNO-2500257,"Resolution of Sister Chromatid Cohesion",1,121,0.013703284258210645,0.9312184635506868,0.9312184635506868,4,13,0.001521001521001521,10116,Rattus norvegicus,"Q6AY56","Q6AY56","R-RNO-1638821;R-RNO-2484822;R-RNO-2468287;R-RNO-1638803"
R-MMU-5358351,"Signaling by Hedgehog",1,127,0.013728245595070803,0.9315553423111436,0.9315553423111436,2,53,0.005981266222773954,10090,Mus musculus,"P68368","P68368","R-MMU-5610733;R-MMU-5610767"
R-RNO-72172,"mRNA Splicing",2,197,0.022310305775764438,0.931835482201395,0.931835482201395,5,9,0.001053001053001053,10116,Rattus norvegicus,"Q9JJ54;P04256","Q9JJ54;P04256","R-RNO-9770141;R-RNO-9770119;R-RNO-9794542;R-RNO-9770142;R-RNO-9770236"
R-MMU-1474228,"Degradation of the extracellular matrix",1,129,0.013944438439087666,0.9344052519818813,0.9344052519818813,2,75,0.00846405597562352,10090,Mus musculus,"Q61361","Q61361","R-MMU-3791149;R-MMU-3788075"
R-RNO-5684996,"MAPK1/MAPK3 signaling",3,267,0.030237825594563988,0.93463849400169,0.93463849400169,2,80,0.00936000936000936,10116,Rattus norvegicus,"Q9QWN8;P08413;P31016","Q9QWN8;P08413;P31016","R-RNO-5672969;R-RNO-5672965"
R-RNO-112316,"Neuronal System",4,332,0.03759909399773499,0.9358949692522098,0.9358949692522098,16,139,0.016263016263016263,10116,Rattus norvegicus,"P19491;P12369;P08413;P31016","P19491;P12369;P08413;P31016","R-RNO-421007;R-RNO-6797554;R-RNO-416320;R-RNO-399711;R-RNO-432164;R-RNO-8849891;R-RNO-8849878;R-RNO-451283;R-RNO-420975;R-RNO-451311;R-RNO-111925;R-RNO-438037;R-RNO-416985;R-RNO-8951727;R-RNO-416639;R-RNO-8849906"
R-RNO-2871796,"FCERI mediated MAPK activation",1,125,0.014156285390713477,0.9370832988076672,0.9370832988076672,2,19,0.002223002223002223,10116,Rattus norvegicus,"P35465","P35465","R-RNO-2730889;R-RNO-2730856"
R-RNO-611105,"Respiratory electron transport",1,126,0.014269535673839184,0.9384700329316428,0.9384700329316428,1,29,0.003393003393003393,10116,Rattus norvegicus,"P04636","P04636","R-RNO-70979"
R-MMU-382551,"Transport of small molecules",9,659,0.07123554210355637,0.9390891350087903,0.9390891350087903,15,425,0.04796298386186661,10090,Mus musculus,"P51881;Q91V14;Q6PIC6;Q6PIE5;P10852;P48962;P11798;O88343;P43006","P51881;Q91V14;Q6PIC6;Q6PIE5;P10852;P48962;P11798;O88343;P43006","R-MMU-352232;R-MMU-378513;R-MMU-376200;R-MMU-379426;R-MMU-936897;R-MMU-427910;R-MMU-163215;R-MMU-5672027;R-MMU-9684068;R-MMU-379415;R-MMU-8878664;R-MMU-352191;R-MMU-426155;R-MMU-428015;R-MMU-5250209"
R-MMU-1630316,"Glycosaminoglycan metabolism",1,133,0.014376824127121393,0.9397557030545588,0.9397557030545588,21,91,0.010269721250423202,10090,Mus musculus,"Q61361","Q61361","R-MMU-2022052;R-MMU-2018682;R-MMU-2022063;R-MMU-2022065;R-MMU-1971487;R-MMU-9632033;R-MMU-9941305;R-MMU-2018659;R-MMU-1971491;R-MMU-9941312;R-MMU-2022911;R-MMU-1889981;R-MMU-2022056;R-MMU-9941039;R-MMU-1878002;R-MMU-1971482;R-MMU-1971483;R-MMU-2022061;R-MMU-9940993;R-MMU-1889978;R-MMU-1889955"
R-MMU-69242,"S Phase",1,134,0.014484920549129823,0.9410240255171378,0.9410240255171378,1,49,0.0055298499040740325,10090,Mus musculus,"Q8BGZ4","Q8BGZ4","R-MMU-69015"
R-RNO-72613,"Eukaryotic Translation Initiation",1,128,0.0144960362400906,0.9411529327929341,0.9411529327929341,7,17,0.001989001989001989,10116,Rattus norvegicus,"B5DFC8","B5DFC8","R-RNO-157849;R-RNO-156823;R-RNO-72621;R-RNO-156808;R-RNO-72676;R-RNO-72691;R-RNO-72697"
R-RNO-72737,"Cap-dependent Translation Initiation",1,128,0.0144960362400906,0.9411529327929341,0.9411529327929341,6,15,0.001755001755001755,10116,Rattus norvegicus,"B5DFC8","B5DFC8","R-RNO-157849;R-RNO-72621;R-RNO-156808;R-RNO-72676;R-RNO-72691;R-RNO-72697"
R-RNO-8856688,"Golgi-to-ER retrograde transport",1,128,0.0144960362400906,0.9411529327929341,0.9411529327929341,4,18,0.002106002106002106,10116,Rattus norvegicus,"Q6AY56","Q6AY56","R-RNO-6811423;R-RNO-8849353;R-RNO-8849350;R-RNO-6811426"
R-RNO-5663220,"RHO GTPases Activate Formins",1,129,0.014609286523216308,0.9424504111581834,0.9424504111581834,1,19,0.002223002223002223,10116,Rattus norvegicus,"Q6AY56","Q6AY56","R-RNO-5666169"
R-MMU-9012999,"RHO GTPase cycle",5,425,0.0459409793535834,0.946010112423633,0.946010112423633,10,88,0.009931159011398263,10090,Mus musculus,"Q9Z1N5;Q62261;P14733;P70336;Q91XV3","Q9Z1N5;Q62261;P14733;P70336;Q91XV3","R-MMU-9693198;R-MMU-9018766;R-MMU-9693125;R-MMU-9018758;R-MMU-9018794;R-MMU-9013024;R-MMU-9018787;R-MMU-9018778;R-MMU-9013110;R-MMU-9013009"
R-MMU-1257604,"PIP3 activates AKT signaling",2,220,0.023781212841854936,0.9462972667047039,0.9462972667047039,3,48,0.005416995824399052,10090,Mus musculus,"P46935;Q6PDQ2","P46935;Q6PDQ2","R-MMU-6807134;R-MMU-8943780;R-MMU-6807106"
R-RNO-389948,"Co-inhibition by PD-1",1,135,0.015288788221970554,0.9496588357125332,0.9496588357125332,1,32,0.003744003744003744,10116,Rattus norvegicus,"P18266","P18266","R-RNO-9929360"
R-MMU-8980692,"RHOA GTPase cycle",1,144,0.015565884769214139,0.9523337276345958,0.9523337276345958,1,6,6.771244780498814E-4,10090,Mus musculus,"P70336","P70336","R-MMU-9013009"
R-MMU-212436,"Generic Transcription Pathway",11,805,0.08701761971678737,0.9552999035084171,0.9552999035084171,12,284,0.03205055862769439,10090,Mus musculus,"P68433;Q62318;Q8CGP0;P62806;P99029;Q61171;P19783;Q64475;P10853;Q6PDQ2;Q64478","P68433;Q62318;Q8CGP0;P62806;P99029;Q61171;P19783;Q64475;P10853;Q6PDQ2;Q64478","R-MMU-975040;R-MMU-8937050;R-MMU-163214;R-MMU-8936621;R-MMU-8937022;R-MMU-3341343;R-MMU-8937016;R-MMU-8936608;R-MMU-6805650;R-MMU-8937113;R-MMU-8936584;R-MMU-8936481"
R-MMU-73857,"RNA Polymerase II Transcription",13,922,0.09966490109177387,0.9559326571726001,0.9559326571726001,14,342,0.03859609524884325,10090,Mus musculus,"Q9Z1N5;Q62318;Q8CGP0;P62806;P99029;P19783;Q64475;P10853;Q6PDQ2;Q64478;P68433;Q61171;Q9CQF3","Q9Z1N5;Q62318;Q8CGP0;P62806;P99029;P19783;Q64475;P10853;Q6PDQ2;Q64478;P68433;Q61171;Q9CQF3","R-MMU-975040;R-MMU-8937050;R-MMU-163214;R-MMU-8936621;R-MMU-8937022;R-MMU-3341343;R-MMU-77592;R-MMU-8937016;R-MMU-8936608;R-MMU-72180;R-MMU-6805650;R-MMU-8937113;R-MMU-8936584;R-MMU-8936481"
R-MMU-3108232,"SUMO E3 ligases SUMOylate target proteins",1,148,0.015998270457247867,0.9562279199927582,0.9562279199927582,2,114,0.012865365082947748,10090,Mus musculus,"P62806","P62806","R-MMU-4570496;R-MMU-4570485"
R-RNO-201681,"TCF dependent signaling in response to WNT",1,142,0.01608154020385051,0.9569406884922965,0.9569406884922965,5,55,0.006435006435006435,10116,Rattus norvegicus,"P18266","P18266","R-RNO-1504186;R-RNO-201677;R-RNO-5323526;R-RNO-201685;R-RNO-5368596"
R-RNO-9711123,"Cellular response to chemical stress",1,143,0.016194790486976217,0.9578915864551107,0.9578915864551107,1,72,0.008424008424008424,10116,Rattus norvegicus,"P18266","P18266","R-RNO-9762094"
R-MMU-168898,"Toll-like Receptor Cascades",1,151,0.01632255972327316,0.9589393325349507,0.9589393325349507,1,132,0.014896738517097392,10090,Mus musculus,"Q8BZ98","Q8BZ98","R-MMU-2201293"
R-RNO-168898,"Toll-like Receptor Cascades",1,145,0.01642129105322763,0.9597311593930343,0.9597311593930343,1,122,0.014274014274014275,10116,Rattus norvegicus,"P21575","P21575","R-RNO-2201293"
R-MMU-983705,"Signaling by the B Cell Receptor (BCR)",1,152,0.01643065614528159,0.9598054741066981,0.9598054741066981,2,30,0.0033856223902494075,10090,Mus musculus,"P68404","P68404","R-MMU-1168635;R-MMU-1168373"
R-RNO-5688426,"Deubiquitination",2,226,0.025594563986409965,0.9601406723313267,0.9601406723313267,1,72,0.008424008424008424,10116,Rattus norvegicus,"Q9Z2L0;P81155","Q9Z2L0;P81155","R-RNO-5696872"
R-MMU-2990846,"SUMOylation",1,154,0.016646848989298454,0.9614836017637509,0.9614836017637509,2,119,0.01342963548132265,10090,Mus musculus,"P62806","P62806","R-MMU-4570496;R-MMU-4570485"
R-MMU-5688426,"Deubiquitination",2,239,0.025835044860015133,0.9616979966019836,0.9616979966019836,2,74,0.008351201895948538,10090,Mus musculus,"Q60931;P56399","Q60931;P56399","R-MMU-5690152;R-MMU-5696872"
R-MMU-5633007,"Regulation of TP53 Activity",1,155,0.016754945411306885,0.9622963391377704,0.9622963391377704,1,84,0.00947974269269834,10090,Mus musculus,"Q6PDQ2","Q6PDQ2","R-MMU-6805650"
R-RNO-2029482,"Regulation of actin dynamics for phagocytic cup formation",1,149,0.016874292185730465,0.9631738588996308,0.9631738588996308,3,18,0.002106002106002106,10116,Rattus norvegicus,"P35465","P35465","R-RNO-2029454;R-RNO-2029456;R-RNO-2029460"
R-RNO-71291,"Metabolism of amino acids and derivatives",2,235,0.026613816534541337,0.9663521266159317,0.9663521266159317,6,217,0.025389025389025387,10116,Rattus norvegicus,"Q01205;P10860","Q01205;P10860","R-RNO-9858321;R-RNO-70600;R-RNO-70589;R-RNO-9858589;R-RNO-9858590;R-RNO-5694018"
R-RNO-2454202,"Fc epsilon receptor (FCERI) signaling",1,156,0.01766704416761042,0.9685087020012191,0.9685087020012191,2,48,0.005616005616005616,10116,Rattus norvegicus,"P35465","P35465","R-RNO-2730889;R-RNO-2730856"
R-RNO-212165,"Epigenetic regulation of gene expression",1,165,0.01868629671574179,0.9742530663616757,0.9742530663616757,1,49,0.005733005733005733,10116,Rattus norvegicus,"P18266","P18266","R-RNO-5250947"
R-MMU-5673001,"RAF/MAP kinase cascade",2,266,0.028753648254242786,0.9765156038313928,0.9765156038313928,2,73,0.008238347816273557,10090,Mus musculus,"Q62261;P11798","Q62261;P11798","R-MMU-5672965;R-MMU-5672969"
R-RNO-2467813,"Separation of Sister Chromatids",1,170,0.01925254813137033,0.9769805704369903,0.9769805704369903,2,8,9.36000936000936E-4,10116,Rattus norvegicus,"Q6AY56","Q6AY56","R-RNO-2467811;R-RNO-2467809"
R-RNO-2029480,"Fcgamma receptor (FCGR) dependent phagocytosis",1,170,0.01925254813137033,0.9769805704369903,0.9769805704369903,3,32,0.003744003744003744,10116,Rattus norvegicus,"P35465","P35465","R-RNO-2029454;R-RNO-2029456;R-RNO-2029460"
R-RNO-9006931,"Signaling by Nuclear Receptors",1,170,0.01925254813137033,0.9769805704369903,0.9769805704369903,1,89,0.010413010413010413,10116,Rattus norvegicus,"P26284","P26284","R-RNO-203946"
R-RNO-9013149,"RAC1 GTPase cycle",1,171,0.019365798414496035,0.9774905441293681,0.9774905441293681,1,6,7.02000702000702E-4,10116,Rattus norvegicus,"P35465","P35465","R-RNO-9013145"
R-MMU-202733,"Cell surface interactions at the vascular wall",1,181,0.019565452383526104,0.9783623752805418,0.9783623752805418,1,59,0.006658390700823835,10090,Mus musculus,"P10852","P10852","R-MMU-375131"
R-MMU-5684996,"MAPK1/MAPK3 signaling",2,272,0.029402226786293374,0.9789617182180939,0.9789617182180939,2,80,0.00902832637399842,10090,Mus musculus,"Q62261;P11798","Q62261;P11798","R-MMU-5672965;R-MMU-5672969"
R-MMU-9006934,"Signaling by Receptor Tyrosine Kinases",4,424,0.04583288293157496,0.979233398192925,0.979233398192925,10,557,0.062859722378964,10090,Mus musculus,"P46935;P68404;Q6PDQ2;P70336","P46935;P68404;Q6PDQ2;P70336","R-MMU-5218805;R-MMU-5218826;R-MMU-5218823;R-MMU-5218813;R-MMU-1973956;R-MMU-9613213;R-MMU-3928647;R-MMU-5218821;R-MMU-1977296;R-MMU-5228992"
R-MMU-1430728,"Metabolism",28,1840,0.198897416495514,0.9801876289792684,0.9801876289792684,96,1833,0.2068615280442388,10090,Mus musculus,"Q8BKZ9;Q9CQQ7;O08749;P16858;P10852;Q8K2B3;Q8CHC4;P12382;P97807;Q8JZK9;P48962;P56480;Q9DB77;Q91VR2;Q61207;Q03265;Q61361;P19783;Q9D051;Q8BMF4;Q3THK7;P15532;Q99KI0;P05064;Q9CZU6;P26645;P05202;Q9DB20","Q8BKZ9;Q9CQQ7;O08749;P16858;P10852;Q8K2B3;Q8CHC4;P12382;P97807;Q8JZK9;P48962;P56480;Q9DB77;Q91VR2;Q61207;Q03265;Q61361;P19783;Q9D051;Q8BMF4;Q3THK7;P15532;Q99KI0;P05064;Q9CZU6;P26645;P05202;Q9DB20","R-MMU-352232;R-MMU-1605591;R-MMU-9840488;R-MMU-1971487;R-MMU-399978;R-MMU-9632033;R-MMU-70982;R-MMU-1971491;R-MMU-9854672;R-MMU-1606807;R-MMU-9854405;R-MMU-1889981;R-MMU-9840470;R-MMU-1675994;R-MMU-70975;R-MMU-1889978;R-MMU-9854368;R-MMU-9841189;R-MMU-9855212;R-MMU-70994;R-MMU-9855252;R-MMU-204169;R-MMU-9865412;R-MMU-9854961;R-MMU-6806877;R-MMU-164651;R-MMU-5693153;R-MMU-9865579;R-MMU-9842115;R-MMU-5693148;R-MMU-9865449;R-MMU-2018659;R-MMU-5694018;R-MMU-2018682;R-MMU-9865663;R-MMU-163214;R-MMU-1605632;R-MMU-1855218;R-MMU-1878002;R-MMU-1605624;R-MMU-203946;R-MMU-191323;R-MMU-9858321;R-MMU-1676203;R-MMU-9858589;R-MMU-73792;R-MMU-9858590;R-MMU-6784393;R-MMU-1676177;R-MMU-9941305;R-MMU-9941312;R-MMU-1605724;R-MMU-164834;R-MMU-164840;R-MMU-9941039;R-MMU-9940993;R-MMU-164832;R-MMU-71401;R-MMU-2022052;R-MMU-9859148;R-MMU-9861626;R-MMU-9906042;R-MMU-482619;R-MMU-482621;R-MMU-2022056;R-MMU-1675836;R-MMU-71495;R-MMU-70449;R-MMU-71496;R-MMU-9861616;R-MMU-1971482;R-MMU-1605736;R-MMU-9864415;R-MMU-70467;R-MMU-2022063;R-MMU-9861734;R-MMU-9861667;R-MMU-2022911;R-MMU-1855174;R-MMU-70596;R-MMU-9859163;R-MMU-2022061;R-MMU-9859172;R-MMU-1889955;R-MMU-70482;R-MMU-1606602;R-MMU-2022065;R-MMU-70971;R-MMU-9840334;R-MMU-9853499;R-MMU-1675988;R-MMU-9853512;R-MMU-1606312;R-MMU-1971483;R-MMU-70613;R-MMU-1606564"
R-RNO-446203,"Asparagine N-linked glycosylation",2,263,0.029784824462061155,0.9802875041395933,0.9802875041395933,6,115,0.013455013455013456,10116,Rattus norvegicus,"Q9QWN8;Q6AY56","Q9QWN8;Q6AY56","R-RNO-6809011;R-RNO-6809003;R-RNO-6809010;R-RNO-6809006;R-RNO-6807877;R-RNO-6807875"
R-MMU-375276,"Peptide ligand-binding receptors",1,186,0.02010593449356826,0.9805575616634251,0.9805575616634251,2,79,0.00891547229432344,10090,Mus musculus,"Q61207","Q61207","R-MMU-5336182;R-MMU-5336184"
R-MMU-418594,"G alpha (i) signalling events",2,277,0.029942708896335532,0.980810788527195,0.980810788527195,5,50,0.005642703983749013,10090,Mus musculus,"Q61207;P63318","Q61207;P63318","R-MMU-749456;R-MMU-111970;R-MMU-380073;R-MMU-111966;R-MMU-749454"
R-HSA-425407,"SLC-mediated transmembrane transport",1,244,0.02019366051477282,0.9808923382465533,0.9808923382465533,1,193,0.012620153011181587,9606,Homo sapiens,"P11798","Q99624","R-HSA-352174"
R-RNO-6811442,"Intra-Golgi and retrograde Golgi-to-ER traffic",1,185,0.020951302378255945,0.9835550316384747,0.9835550316384747,4,42,0.004914004914004914,10116,Rattus norvegicus,"Q6AY56","Q6AY56","R-RNO-6811423;R-RNO-8849353;R-RNO-8849350;R-RNO-6811426"
R-MMU-1483257,"Phospholipid metabolism",1,194,0.020970705869635713,0.9836181390007961,0.9836181390007961,5,182,0.020539442500846404,10090,Mus musculus,"Q8CHC4","Q8CHC4","R-MMU-1676203;R-MMU-1675988;R-MMU-1675836;R-MMU-1675994;R-MMU-1676177"
R-MMU-1474244,"Extracellular matrix organization",2,287,0.031023673116419848,0.9840497565190968,0.9840497565190968,8,245,0.02764924952037016,10090,Mus musculus,"Q61361;Q80YX1","Q61361;Q80YX1","R-MMU-2681667;R-MMU-265426;R-MMU-216068;R-MMU-3791149;R-MMU-2681681;R-MMU-216064;R-MMU-2424246;R-MMU-3788075"
R-MMU-5683057,"MAPK family signaling cascades",2,297,0.03210463733650416,0.9867570152733528,0.9867570152733528,2,107,0.012075386525222886,10090,Mus musculus,"Q62261;P11798","Q62261;P11798","R-MMU-5672965;R-MMU-5672969"
R-MMU-74160,"Gene expression (Transcription)",13,1055,0.11404172521889526,0.9896433749608803,0.9896433749608803,20,414,0.04672158898544183,10090,Mus musculus,"Q9Z1N5;Q62318;Q8CGP0;P62806;P99029;P19783;Q64475;P10853;Q6PDQ2;Q64478;P68433;Q61171;Q9CQF3","Q9Z1N5;Q62318;Q8CGP0;P62806;P99029;P19783;Q64475;P10853;Q6PDQ2;Q64478;P68433;Q61171;Q9CQF3","R-MMU-975040;R-MMU-212222;R-MMU-8937050;R-MMU-163214;R-MMU-8936621;R-MMU-8937022;R-MMU-9842833;R-MMU-73739;R-MMU-3341343;R-MMU-77592;R-MMU-9843118;R-MMU-8937016;R-MMU-8936608;R-MMU-212269;R-MMU-72180;R-MMU-6805650;R-MMU-8937113;R-MMU-8936584;R-MMU-212263;R-MMU-8936481"
R-RNO-68882,"Mitotic Anaphase",1,208,0.023556058890147225,0.9901920306857641,0.9901920306857641,3,26,0.003042003042003042,10116,Rattus norvegicus,"Q6AY56","Q6AY56","R-RNO-2467811;R-RNO-2467809;R-RNO-9668419"
R-RNO-2555396,"Mitotic Metaphase and Anaphase",1,209,0.023669309173272934,0.990410263943864,0.990410263943864,3,27,0.003159003159003159,10116,Rattus norvegicus,"Q6AY56","Q6AY56","R-RNO-2467811;R-RNO-2467809;R-RNO-9668419"
R-RNO-8951664,"Neddylation",1,211,0.02389580973952435,0.9908323428346894,0.9908323428346894,4,42,0.004914004914004914,10116,Rattus norvegicus,"P97536","P97536","R-RNO-8955241;R-RNO-8955245;R-RNO-8955285;R-RNO-8955289"
R-MMU-168256,"Immune System",26,1817,0.19641119878932006,0.9911193373517828,0.9911193373517828,30,1233,0.13914908023925066,10090,Mus musculus,"P10637;Q8BGZ4;P10853;A2AN08;P12382;Q8BZ98;P68433;Q00896;Q7TMY8;P22892;P61967;Q8R1Q8;Q61207;Q8CGP0;P62806;P50580;Q64475;Q6NZJ6;Q3UX10;P11798;Q64478;Q02053;P46935;P68404;P68368;P05064","P10637;Q8BGZ4;P10853;A2AN08;P12382;Q8BZ98;P68433;Q00896;Q7TMY8;P22892;P61967;Q8R1Q8;Q61207;Q8CGP0;P62806;P50580;Q64475;Q6NZJ6;Q3UX10;P11798;Q64478;Q02053;P46935;P68404;P68368;P05064","R-MMU-8951498;R-MMU-6798745;R-MMU-6800434;R-MMU-1168635;R-MMU-2130725;R-MMU-1678842;R-MMU-6798739;R-MMU-6800426;R-MMU-983147;R-MMU-2130641;R-MMU-9909631;R-MMU-6798747;R-MMU-983156;R-MMU-983157;R-MMU-6799350;R-MMU-909552;R-MMU-1169399;R-MMU-9836404;R-MMU-983152;R-MMU-2201293;R-MMU-2213248;R-MMU-983153;R-MMU-6798751;R-MMU-6798743;R-MMU-983140;R-MMU-2213236;R-MMU-6798748;R-MMU-8865613;R-MMU-1168373;R-MMU-2130619"
R-RNO-195721,"Signaling by WNT",1,218,0.024688561721404302,0.9921692454890322,0.9921692454890322,17,109,0.012753012753012752,10116,Rattus norvegicus,"P18266","P18266","R-RNO-195304;R-RNO-2130286;R-RNO-5229343;R-RNO-2130282;R-RNO-195318;R-RNO-201677;R-RNO-195280;R-RNO-2130279;R-RNO-195275;R-RNO-195287;R-RNO-195300;R-RNO-195251;R-RNO-1504186;R-RNO-195283;R-RNO-5323526;R-RNO-201685;R-RNO-5368596"
R-RNO-68886,"M Phase",2,339,0.03839184597961495,0.9956003594554707,0.9956003594554707,12,74,0.008658008658008658,10116,Rattus norvegicus,"P12369;Q6AY56","P12369;Q6AY56","R-RNO-2467811;R-RNO-375302;R-RNO-380316;R-RNO-1638821;R-RNO-2484822;R-RNO-9648114;R-RNO-1638803;R-RNO-2467809;R-RNO-9668419;R-RNO-2468287;R-RNO-9648017;R-RNO-380508"
R-RNO-9006925,"Intracellular signaling by second messengers",1,245,0.027746319365798414,0.995741647504664,0.995741647504664,2,58,0.006786006786006786,10116,Rattus norvegicus,"P12369","P12369","R-RNO-111925;R-RNO-8951727"
R-MMU-597592,"Post-translational protein modification",16,1333,0.14409253053723922,0.996714623631898,0.996714623631898,38,518,0.05845841327163977,10090,Mus musculus,"Q60931;P56399;P62806;Q62261;Q64475;Q3UX10;P10853;Q8BMF4;Q80YX1;Q64478;Q02053;P68368;Q9DC28;Q00896;P25444;Q8R1Q8","Q60931;P56399;P62806;Q62261;Q64475;Q3UX10;P10853;Q8BMF4;Q80YX1;Q64478;Q02053;P68368;Q9DC28;Q00896;P25444;Q8R1Q8","R-MMU-5694527;R-MMU-6809006;R-MMU-5694418;R-MMU-5694441;R-MMU-6807877;R-MMU-8865774;R-MMU-8867370;R-MMU-5694522;R-MMU-5694446;R-MMU-8852134;R-MMU-5694439;R-MMU-8942101;R-MMU-8852136;R-MMU-8852129;R-MMU-204008;R-MMU-4570496;R-MMU-5696872;R-MMU-8852132;R-MMU-8852133;R-MMU-6809003;R-MMU-5694417;R-MMU-6807875;R-MMU-5694409;R-MMU-8852130;R-MMU-8852131;R-MMU-5690152;R-MMU-4570485;R-MMU-6809010;R-MMU-8952289;R-MMU-8853529;R-MMU-6809011;R-MMU-5694428;R-MMU-203973;R-MMU-8852128;R-MMU-9858752;R-MMU-8853515;R-MMU-8942099;R-MMU-8879123"
R-RNO-382551,"Transport of small molecules",6,656,0.07429218573046432,0.996751935568742,0.996751935568742,8,420,0.04914004914004914,10116,Rattus norvegicus,"P11507;P11505;P12369;P97536;P06685;P08413","P11507;P11505;P12369;P97536;P06685;P08413","R-RNO-427910;R-RNO-9684068;R-RNO-111925;R-RNO-936897;R-RNO-418309;R-RNO-5691131;R-RNO-418365;R-RNO-8951727"
R-RNO-69620,"Cell Cycle Checkpoints",1,257,0.029105322763306907,0.996753680137829,0.996753680137829,1,55,0.006435006435006435,10116,Rattus norvegicus,"P18266","P18266","R-RNO-9943675"
R-MMU-449147,"Signaling by Interleukins",1,273,0.029510323208301804,0.9970060916519039,0.9970060916519039,1,370,0.041756009479742694,10090,Mus musculus,"P68433","P68433","R-MMU-8865613"
R-RNO-418594,"G alpha (i) signalling events",1,262,0.02967157417893545,0.997101066027507,0.997101066027507,2,42,0.004914004914004914,10116,Rattus norvegicus,"P12369","P12369","R-RNO-111925;R-RNO-8951727"
R-RNO-71387,"Metabolism of carbohydrates and carbohydrate derivatives",1,262,0.02967157417893545,0.997101066027507,0.997101066027507,1,201,0.023517023517023516,10116,Rattus norvegicus,"P85971","P85971","R-RNO-71296"
R-RNO-8953897,"Cellular responses to stimuli",4,528,0.05979614949037373,0.9974638609513642,0.9974638609513642,6,265,0.031005031005031006,10116,Rattus norvegicus,"P12369;P18266;P08413;Q6AY56","P12369;P18266;P08413;Q6AY56","R-RNO-5618080;R-RNO-111925;R-RNO-5082387;R-RNO-3371435;R-RNO-8951727;R-RNO-9762094"
R-RNO-2262752,"Cellular responses to stress",3,466,0.052774631936579844,0.998109590874664,0.998109590874664,4,230,0.02691002691002691,10116,Rattus norvegicus,"P18266;P08413;Q6AY56","P18266;P08413;Q6AY56","R-RNO-5618080;R-RNO-5082387;R-RNO-3371435;R-RNO-9762094"
R-RNO-199991,"Membrane Trafficking",4,558,0.06319365798414496,0.9985228439124991,0.9985228439124991,30,182,0.021294021294021293,10116,Rattus norvegicus,"Q9QWN8;Q9Z1Z3;Q6AY56;P21575","Q9QWN8;Q9Z1Z3;Q6AY56;P21575","R-RNO-8868072;R-RNO-190829;R-RNO-190519;R-RNO-6809003;R-RNO-8868071;R-RNO-190520;R-RNO-8868648;R-RNO-8868651;R-RNO-6809011;R-RNO-6809010;R-RNO-8871194;R-RNO-8866275;R-RNO-8849353;R-RNO-6807875;R-RNO-8868660;R-RNO-8866283;R-RNO-8871193;R-RNO-8867756;R-RNO-8867754;R-RNO-8868661;R-RNO-8868236;R-RNO-8866279;R-RNO-8868658;R-RNO-8868659;R-RNO-6811426;R-RNO-6811423;R-RNO-6809006;R-RNO-6807877;R-RNO-196017;R-RNO-8849350"
R-RNO-72766,"Translation",1,299,0.033861834654586635,0.9987479771776124,0.9987479771776124,7,47,0.005499005499005499,10116,Rattus norvegicus,"B5DFC8","B5DFC8","R-RNO-157849;R-RNO-156823;R-RNO-72621;R-RNO-156808;R-RNO-72676;R-RNO-72691;R-RNO-72697"
R-MMU-373076,"Class A/1 (Rhodopsin-like receptors)",1,314,0.0339422765106475,0.9987680390732151,0.9987680390732151,2,177,0.019975172102471503,10090,Mus musculus,"Q61207","Q61207","R-MMU-5336182;R-MMU-5336184"
R-RNO-9006934,"Signaling by Receptor Tyrosine Kinases",2,405,0.045866364665911666,0.998856831259662,0.998856831259662,5,554,0.06481806481806482,10116,Rattus norvegicus,"P35465;P04256","P35465;P04256","R-RNO-5357477;R-RNO-5357483;R-RNO-6803523;R-RNO-5357445;R-RNO-5357472"
R-RNO-9012999,"RHO GTPase cycle",2,408,0.04620611551528879,0.9989256656789863,0.9989256656789863,7,76,0.008892008892008892,10116,Rattus norvegicus,"Q4FZY0;P35465","Q4FZY0;P35465","R-RNO-9018794;R-RNO-9014294;R-RNO-9693198;R-RNO-9013145;R-RNO-9018746;R-RNO-9018758;R-RNO-9018766"
R-MMU-162582,"Signal Transduction",29,2215,0.23943357474867583,0.9992379838484458,0.9992379838484458,58,1814,0.20471730053041418,10090,Mus musculus,"Q9Z1N5;Q8BKZ9;O08749;Q62261;P14733;P10853;P68433;Q80U28;Q8R1Q8;Q91XV3;Q9EQH3;Q61207;Q8CGP0;P62806;Q64475;Q6NZJ6;Q3UX10;P11798;Q9D051;Q99P72;P70336;Q8BMF4;Q6PDQ2;Q8BGD9;Q64478;P46935;P68404;P68368;P63318","Q9Z1N5;Q8BKZ9;O08749;Q62261;P14733;P10853;P68433;Q80U28;Q8R1Q8;Q91XV3;Q9EQH3;Q61207;Q8CGP0;P62806;Q64475;Q6NZJ6;Q3UX10;P11798;Q9D051;Q99P72;P70336;Q8BMF4;Q6PDQ2;Q8BGD9;Q64478;P46935;P68404;P68368;P63318","R-MMU-4332363;R-MMU-5672329;R-MMU-9018778;R-MMU-4332359;R-MMU-5672965;R-MMU-5218805;R-MMU-5218826;R-MMU-5138432;R-MMU-4332358;R-MMU-5626953;R-MMU-3928647;R-MMU-1977296;R-MMU-4332356;R-MMU-5672969;R-MMU-9680443;R-MMU-9693125;R-MMU-9018787;R-MMU-749456;R-MMU-111970;R-MMU-5666160;R-MMU-5666169;R-MMU-5666129;R-MMU-3247839;R-MMU-3247836;R-MMU-111966;R-MMU-9626817;R-MMU-749454;R-MMU-165777;R-MMU-8943780;R-MMU-9018758;R-MMU-5610733;R-MMU-165766;R-MMU-5610767;R-MMU-9693198;R-MMU-5218813;R-MMU-9018794;R-MMU-9013009;R-MMU-9011985;R-MMU-6807134;R-MMU-5218823;R-MMU-3247849;R-MMU-419049;R-MMU-5336182;R-MMU-5218821;R-MMU-9011984;R-MMU-5336184;R-MMU-9013110;R-MMU-193696;R-MMU-9018766;R-MMU-9011981;R-MMU-380073;R-MMU-1973956;R-MMU-9613213;R-MMU-9013024;R-MMU-5228992;R-MMU-9012761;R-MMU-203946;R-MMU-6807106"
R-RNO-194315,"Signaling by Rho GTPases",4,607,0.06874292185730464,0.9994014282037307,0.9994014282037307,19,161,0.018837018837018837,10116,Rattus norvegicus,"Q4FZY0;P35465;P31016;Q6AY56","Q4FZY0;P35465;P31016;Q6AY56","R-RNO-5666169;R-RNO-5669250;R-RNO-9013145;R-RNO-5669158;R-RNO-9018758;R-RNO-5669240;R-RNO-9018766;R-RNO-9018794;R-RNO-5671993;R-RNO-9014294;R-RNO-9693198;R-RNO-2029456;R-RNO-9018746;R-RNO-5672329;R-RNO-5668947;R-RNO-5668984;R-RNO-2029460;R-RNO-5627775;R-RNO-445797"
R-RNO-109582,"Hemostasis",4,610,0.06908267270668177,0.999434073645921,0.999434073645921,5,272,0.031824031824031825,10116,Rattus norvegicus,"P11507;P11505;P12369;Q6AY56","P11507;P11505;P12369;Q6AY56","R-RNO-983266;R-RNO-983259;R-RNO-418309;R-RNO-418365;R-RNO-992708"
R-RNO-1280215,"Cytokine Signaling in Immune system",2,442,0.05005662514156285,0.9994710012418545,0.9994710012418545,2,485,0.05674505674505675,10116,Rattus norvegicus,"P08413;Q6AY56","P08413;Q6AY56","R-RNO-909552;R-RNO-9836404"
R-MMU-168249,"Innate Immune System",9,1018,0.11004215760458329,0.9994752833725963,0.9994752833725963,10,491,0.055411353120415306,10090,Mus musculus,"P12382;Q8BZ98;Q61207;P50580;Q00896;Q7TMY8;P05064;A2AN08;Q8R1Q8","P12382;Q8BZ98;Q61207;P50580;Q00896;Q7TMY8;P05064;A2AN08;Q8R1Q8","R-MMU-6798745;R-MMU-6799350;R-MMU-6800434;R-MMU-6798743;R-MMU-6798748;R-MMU-6798747;R-MMU-2201293;R-MMU-6798739;R-MMU-6800426;R-MMU-6798751"
R-RNO-9716542,"Signaling by Rho GTPases, Miro GTPases and RHOBTB3",4,620,0.07021517553793885,0.9995308595687303,0.9995308595687303,19,166,0.01942201942201942,10116,Rattus norvegicus,"Q4FZY0;P35465;P31016;Q6AY56","Q4FZY0;P35465;P31016;Q6AY56","R-RNO-5666169;R-RNO-5669250;R-RNO-9013145;R-RNO-5669158;R-RNO-9018758;R-RNO-5669240;R-RNO-9018766;R-RNO-9018794;R-RNO-5671993;R-RNO-9014294;R-RNO-9693198;R-RNO-2029456;R-RNO-9018746;R-RNO-5672329;R-RNO-5668947;R-RNO-5668984;R-RNO-2029460;R-RNO-5627775;R-RNO-445797"
R-RNO-1640170,"Cell Cycle",3,560,0.06342015855039637,0.9996982865709104,0.9996982865709104,27,355,0.041535041535041534,10116,Rattus norvegicus,"P12369;P18266;Q6AY56","P12369;P18266;Q6AY56","R-RNO-8852280;R-RNO-375302;R-RNO-380283;R-RNO-9943675;R-RNO-3000310;R-RNO-3000319;R-RNO-380455;R-RNO-2468287;R-RNO-380508;R-RNO-2467811;R-RNO-2574845;R-RNO-380316;R-RNO-8853419;R-RNO-1638821;R-RNO-2484822;R-RNO-9648114;R-RNO-380311;R-RNO-2574840;R-RNO-1638803;R-RNO-2467809;R-RNO-8852306;R-RNO-9668419;R-RNO-380272;R-RNO-8852298;R-RNO-380294;R-RNO-9648017;R-RNO-380303"
R-RNO-69278,"Cell Cycle, Mitotic",2,470,0.053227633069082674,0.9997066185247342,0.9997066185247342,26,278,0.032526032526032526,10116,Rattus norvegicus,"P12369;Q6AY56","P12369;Q6AY56","R-RNO-8852280;R-RNO-375302;R-RNO-380283;R-RNO-3000310;R-RNO-3000319;R-RNO-380455;R-RNO-2468287;R-RNO-380508;R-RNO-2467811;R-RNO-2574845;R-RNO-380316;R-RNO-8853419;R-RNO-1638821;R-RNO-2484822;R-RNO-9648114;R-RNO-380311;R-RNO-2574840;R-RNO-1638803;R-RNO-2467809;R-RNO-8852306;R-RNO-9668419;R-RNO-380272;R-RNO-8852298;R-RNO-380294;R-RNO-9648017;R-RNO-380303"
R-MMU-388396,"GPCR downstream signalling",3,589,0.06366879256296616,0.9997112114263997,0.9997112114263997,7,133,0.015009592596772373,10090,Mus musculus,"Q61207;P63318;P70336","Q61207;P63318;P70336","R-MMU-749456;R-MMU-111970;R-MMU-419049;R-MMU-9680443;R-MMU-380073;R-MMU-111966;R-MMU-749454"
R-RNO-388396,"GPCR downstream signalling",2,487,0.055152887882219705,0.9997954034336031,0.9997954034336031,6,105,0.012285012285012284,10116,Rattus norvegicus,"P12369;P35465","P12369;P35465","R-RNO-8964614;R-RNO-8964604;R-RNO-8964634;R-RNO-111925;R-RNO-8964619;R-RNO-8951727"
R-RNO-8953854,"Metabolism of RNA",3,586,0.06636466591166477,0.9998208022928933,0.9998208022928933,13,114,0.013338013338013339,10116,Rattus norvegicus,"Q9JJ54;Q5U216;P04256","Q9JJ54;Q5U216;P04256","R-RNO-72103;R-RNO-72180;R-RNO-450466;R-RNO-9770119;R-RNO-450580;R-RNO-9794542;R-RNO-450551;R-RNO-159101;R-RNO-9770141;R-RNO-450434;R-RNO-9770142;R-RNO-72185;R-RNO-9770236"
R-MMU-500792,"GPCR ligand binding",1,403,0.0435628580693979,0.999823254647509,0.999823254647509,2,207,0.023360794492720913,10090,Mus musculus,"Q61207","Q61207","R-MMU-5336182;R-MMU-5336184"
R-RNO-5653656,"Vesicle-mediated transport",4,677,0.07667044167610419,0.9998417185036275,0.9998417185036275,30,201,0.023517023517023516,10116,Rattus norvegicus,"Q9QWN8;Q9Z1Z3;Q6AY56;P21575","Q9QWN8;Q9Z1Z3;Q6AY56;P21575","R-RNO-8868072;R-RNO-190829;R-RNO-190519;R-RNO-6809003;R-RNO-8868071;R-RNO-190520;R-RNO-8868648;R-RNO-8868651;R-RNO-6809011;R-RNO-6809010;R-RNO-8871194;R-RNO-8866275;R-RNO-8849353;R-RNO-6807875;R-RNO-8868660;R-RNO-8866283;R-RNO-8871193;R-RNO-8867756;R-RNO-8867754;R-RNO-8868661;R-RNO-8868236;R-RNO-8866279;R-RNO-8868658;R-RNO-8868659;R-RNO-6811426;R-RNO-6811423;R-RNO-6809006;R-RNO-6807877;R-RNO-196017;R-RNO-8849350"
R-MMU-372790,"Signaling by GPCR",3,622,0.06723597448924441,0.9998465604338158,0.9998465604338158,9,340,0.03837038708949329,10090,Mus musculus,"Q61207;P63318;P70336","Q61207;P63318;P70336","R-MMU-749456;R-MMU-111970;R-MMU-419049;R-MMU-9680443;R-MMU-380073;R-MMU-5336182;R-MMU-111966;R-MMU-5336184;R-MMU-749454"
R-MMU-556833,"Metabolism of lipids",3,626,0.06766836017727813,0.9998579571131658,0.9998579571131658,20,716,0.08080352104728586,10090,Mus musculus,"Q8CHC4;Q8JZK9;Q61207","Q8CHC4;Q8JZK9;Q61207","R-MMU-1605591;R-MMU-1676203;R-MMU-1606602;R-MMU-9842115;R-MMU-9841189;R-MMU-1605632;R-MMU-9840488;R-MMU-1676177;R-MMU-1606807;R-MMU-1605724;R-MMU-9840334;R-MMU-1675988;R-MMU-1675836;R-MMU-9840470;R-MMU-1606312;R-MMU-1605736;R-MMU-1675994;R-MMU-1605624;R-MMU-191323;R-MMU-1606564"
R-RNO-1280218,"Adaptive Immune System",5,833,0.09433748584371461,0.9999627371718735,0.9999627371718735,8,247,0.0288990288990289,10116,Rattus norvegicus,"Q9QWN8;P35465;P18266;Q6AY56;P21575","Q9QWN8;P35465;P18266;Q6AY56;P21575","R-RNO-389788;R-RNO-2130619;R-RNO-2213248;R-RNO-430183;R-RNO-2130641;R-RNO-8951498;R-RNO-9929360;R-RNO-2130725"
R-RNO-372790,"Signaling by GPCR",2,594,0.06727066817667045,0.999979655584713,0.999979655584713,6,310,0.03627003627003627,10116,Rattus norvegicus,"P12369;P35465","P12369;P35465","R-RNO-8964614;R-RNO-8964604;R-RNO-8964634;R-RNO-111925;R-RNO-8964619;R-RNO-8951727"
R-RNO-6798695,"Neutrophil degranulation",1,497,0.05628539071347678,0.9999868449779574,0.9999868449779574,2,10,0.00117000117000117,10116,Rattus norvegicus,"P97536","P97536","R-RNO-6798748;R-RNO-6800434"
R-HSA-382551,"Transport of small molecules",1,723,0.05983613341057684,0.9999936687444599,0.9999936687444599,1,460,0.030079121166546787,9606,Homo sapiens,"P11798","Q99624","R-HSA-352174"
R-RNO-597592,"Post-translational protein modification",7,1277,0.1446206115515289,0.999999865254966,0.999999865254966,15,504,0.05896805896805897,10116,Rattus norvegicus,"Q9Z2L0;Q62813;Q01205;P81155;Q9QWN8;P97536;Q6AY56","Q9Z2L0;Q62813;Q01205;P81155;Q9QWN8;P97536;Q6AY56","R-RNO-5696872;R-RNO-8865774;R-RNO-6809003;R-RNO-8955285;R-RNO-8955289;R-RNO-8940388;R-RNO-8955241;R-RNO-8955245;R-RNO-6809011;R-RNO-6809010;R-RNO-8867370;R-RNO-6809006;R-RNO-6807877;R-RNO-6807875;R-RNO-6792572"
R-RNO-168249,"Innate Immune System",3,993,0.11245753114382787,0.999999971020144,0.999999971020144,9,442,0.05171405171405171,10116,Rattus norvegicus,"P97536;P35465;P21575","P97536;P35465;P21575","R-RNO-2201293;R-RNO-2029454;R-RNO-2029456;R-RNO-6798748;R-RNO-5624492;R-RNO-6800434;R-RNO-2730889;R-RNO-2029460;R-RNO-2730856"
R-RNO-392499,"Metabolism of proteins",11,1722,0.19501698754246885,0.9999999922824115,0.9999999922824115,26,659,0.07710307710307711,10116,Rattus norvegicus,"B5DFC8;Q9Z2L0;Q62813;P04636;Q01205;P81155;Q9QWN8;P97536;P10719;Q6AY56;P10860","B5DFC8;Q9Z2L0;Q62813;P04636;Q01205;P81155;Q9QWN8;P97536;P10719;Q6AY56;P10860","R-RNO-157849;R-RNO-72621;R-RNO-8865774;R-RNO-6809003;R-RNO-8955285;R-RNO-8955289;R-RNO-8955241;R-RNO-8955245;R-RNO-9838035;R-RNO-6809011;R-RNO-6809010;R-RNO-8867370;R-RNO-6807875;R-RNO-6792572;R-RNO-5696872;R-RNO-9838289;R-RNO-8940388;R-RNO-156823;R-RNO-9838093;R-RNO-9838081;R-RNO-156808;R-RNO-72676;R-RNO-72691;R-RNO-6809006;R-RNO-6807877;R-RNO-72697"
R-RNO-73857,"RNA Polymerase II Transcription",1,835,0.09456398640996602,0.999999995730212,0.999999995730212,1,320,0.03744003744003744,10116,Rattus norvegicus,"Q5U216","Q5U216","R-RNO-72180"
R-RNO-74160,"Gene expression (Transcription)",2,996,0.11279728199320499,0.9999999978827442,0.9999999978827442,2,404,0.047268047268047265,10116,Rattus norvegicus,"P18266;Q5U216","P18266;Q5U216","R-RNO-5250947;R-RNO-72180"
R-RNO-1430728,"Metabolism",8,1783,0.20192525481313703,0.9999999999858599,0.9999999999858599,21,1809,0.21165321165321166,10116,Rattus norvegicus,"Q9Z2L0;P04636;Q01205;P26284;P85971;P12369;P10719;P10860","Q9Z2L0;P04636;Q01205;P26284;P85971;P12369;P10719;P10860","R-RNO-9858321;R-RNO-204169;R-RNO-9853499;R-RNO-164840;R-RNO-70600;R-RNO-9858589;R-RNO-9853512;R-RNO-71296;R-RNO-164834;R-RNO-164832;R-RNO-203946;R-RNO-9861616;R-RNO-9861734;R-RNO-70589;R-RNO-111925;R-RNO-9861667;R-RNO-9858590;R-RNO-9012374;R-RNO-70979;R-RNO-71401;R-RNO-5694018"
R-HSA-597592,"Post-translational protein modification",1,1483,0.12273442025986923,0.9999999999907225,0.9999999999907225,1,594,0.03884129994114954,9606,Homo sapiens,"P26645","Q93070","R-HSA-8940388"
R-RNO-168256,"Immune System",7,1761,0.19943374858437146,0.9999999999966056,0.9999999999966056,19,1128,0.13197613197613198,10116,Rattus norvegicus,"Q9QWN8;P97536;P35465;P18266;P08413;Q6AY56;P21575","Q9QWN8;P97536;P35465;P18266;P08413;Q6AY56;P21575","R-RNO-909552;R-RNO-2201293;R-RNO-2213248;R-RNO-2029454;R-RNO-5624492;R-RNO-2130641;R-RNO-6800434;R-RNO-2730889;R-RNO-9929360;R-RNO-2130725;R-RNO-389788;R-RNO-2130619;R-RNO-2029456;R-RNO-430183;R-RNO-6798748;R-RNO-8951498;R-RNO-9836404;R-RNO-2029460;R-RNO-2730856"
R-RNO-162582,"Signal Transduction",10,2139,0.24224235560588903,0.9999999999998452,0.9999999999998452,54,1754,0.20521820521820522,10116,Rattus norvegicus,"P26284;Q4FZY0;P12369;Q9QWN8;P35465;P18266;P08413;P31016;Q6AY56;P04256","P26284;Q4FZY0;P12369;Q9QWN8;P35465;P18266;P08413;P31016;Q6AY56;P04256","R-RNO-8964614;R-RNO-8964604;R-RNO-5669250;R-RNO-8964634;R-RNO-8964619;R-RNO-195280;R-RNO-195275;R-RNO-5669158;R-RNO-9018758;R-RNO-5669240;R-RNO-9018794;R-RNO-5672965;R-RNO-201685;R-RNO-5368596;R-RNO-5627775;R-RNO-195304;R-RNO-5666169;R-RNO-5672969;R-RNO-195318;R-RNO-5357472;R-RNO-195287;R-RNO-195300;R-RNO-9018766;R-RNO-195283;R-RNO-9014294;R-RNO-111925;R-RNO-5357445;R-RNO-5672329;R-RNO-5229343;R-RNO-9013145;R-RNO-203946;R-RNO-389788;R-RNO-5357477;R-RNO-5357483;R-RNO-2029456;R-RNO-5610749;R-RNO-8951727;R-RNO-445797;R-RNO-2130286;R-RNO-2130282;R-RNO-201677;R-RNO-2130279;R-RNO-195251;R-RNO-1504186;R-RNO-5671993;R-RNO-9693198;R-RNO-6803523;R-RNO-5323526;R-RNO-9018746;R-RNO-5668947;R-RNO-5610732;R-RNO-5668984;R-RNO-2029460;R-RNO-5687086"
R-HSA-392499,"Metabolism of proteins",1,2113,0.17487378962178268,0.9999999999999999,0.9999999999999999,1,912,0.05963512718237102,9606,Homo sapiens,"P26645","Q93070","R-HSA-8940388"
